Student_ID,Degree_ID,Intake,Gender,Current_Year,Current_Semester,Previous_SGPA,Current_SGPA,Repeated_Courses,Next_SGPA
S0026,D004,40,Male,1,2,3.5846,3.5118,0,3.4133
S0026,D004,40,Male,2,3,3.5118,3.4133,0,3.3091
S0026,D004,40,Male,2,4,3.4133,3.3091,0,3.4
S0027,D002,40,Female,1,2,3.4353,3.4688,0,3.425
S0027,D002,40,Female,2,3,3.4688,3.425,0,3.4353
S0027,D002,40,Female,2,4,3.425,3.4353,0,3.425
S0027,D002,40,Female,3,5,3.4353,3.425,0,3.45
S0028,D005,40,Male,1,2,3.6471,3.0312,0,3.5053
S0028,D005,40,Male,2,3,3.0312,3.5053,0,3.225
S0028,D005,40,Male,2,4,3.5053,3.225,0,3.0357
S0028,D005,40,Male,3,5,3.225,3.0357,0,3.3
S0030,D004,39,Female,1,2,3.4615,3.4,0,3.32
S0030,D004,39,Female,2,3,3.4,3.32,0,3.7455
S0030,D004,39,Female,2,4,3.32,3.7455,0,3.6316
S0030,D004,39,Female,3,5,3.7455,3.6316,0,3.1048
S0030,D004,39,Female,3,6,3.6316,3.1048,0,3.1231
S0030,D004,39,Female,4,7,3.1048,3.1231,0,2.7
S0031,D001,41,Female,1,2,2.7824,3.1812,0,3.275
S0032,D005,40,Male,1,2,3.3588,3.2188,0,4.0
S0032,D005,40,Male,2,3,3.2188,4.0,0,3.4438
S0032,D005,40,Male,2,4,4.0,3.4438,0,3.2429
S0032,D005,40,Male,3,5,3.4438,3.2429,0,4.0
S0033,D003,41,Male,1,2,3.8647,3.9222,0,4.0
S0033,D003,41,Male,2,3,3.9222,4.0,0,4.0
S0034,D005,41,Female,1,2,3.3353,3.8125,0,3.0368
S0035,D004,40,Male,1,2,3.0923,3.3118,0,3.3333
S0035,D004,40,Male,2,3,3.3118,3.3333,0,3.5091
S0035,D004,40,Male,2,4,3.3333,3.5091,0,3.7579
S0036,D001,41,Female,1,2,2.8824,3.3312,0,3.125
S0036,D001,41,Female,2,3,3.3312,3.125,0,2.9824
S0038,D001,41,Male,1,2,3.9647,3.9125,0,4.0
S0040,D004,39,Male,1,2,3.3385,3.4941,0,3.6933
S0040,D004,39,Male,2,3,3.4941,3.6933,0,3.6818
S0040,D004,39,Male,2,4,3.6933,3.6818,0,3.3211
S0040,D004,39,Male,3,5,3.6818,3.3211,0,3.7714
S0040,D004,39,Male,3,6,3.3211,3.7714,0,3.4692
S0040,D004,39,Male,4,7,3.7714,3.4692,0,3.7
S0042,D002,40,Male,1,2,1.7882,2.8625,2,2.6625
S0042,D002,40,Male,2,3,2.8625,2.6625,4,1.7647
S0042,D002,40,Male,2,4,2.6625,1.7647,7,2.3583
S0042,D002,40,Male,3,5,1.7647,2.3583,10,2.1385
S0044,D005,40,Male,1,2,3.8235,4.0,0,3.9526
S0044,D005,40,Male,2,3,4.0,3.9526,0,3.9062
S0044,D005,40,Male,2,4,3.9526,3.9062,0,3.9571
S0045,D002,40,Female,1,2,3.1353,3.0062,0,3.3375
S0045,D002,40,Female,2,3,3.0062,3.3375,0,3.5235
S0045,D002,40,Female,2,4,3.3375,3.5235,0,3.05
S0046,D001,41,Female,1,2,2.6176,2.2562,1,2.8375
S0048,D005,41,Female,1,2,3.7176,3.875,0,3.9263
S0048,D005,41,Female,2,3,3.875,3.9263,0,2.9688
S0049,D005,40,Male,1,2,3.5,3.175,0,3.4211
S0049,D005,40,Male,2,3,3.175,3.4211,0,3.7562
S0049,D005,40,Male,2,4,3.4211,3.7562,0,3.5357
S0051,D002,41,Male,1,2,3.1529,3.1688,0,2.75
S0053,D001,41,Male,1,2,3.2471,2.925,0,2.8375
S0054,D004,40,Male,1,2,3.8462,3.3235,0,3.0
S0054,D004,40,Male,2,3,3.3235,3.0,0,3.1364
S0054,D004,40,Male,2,4,3.0,3.1364,0,3.3105
S0054,D004,40,Male,3,5,3.1364,3.3105,0,3.6381
S0055,D005,41,Male,1,2,4.0,4.0,0,3.7211
S0056,D004,39,Male,1,2,3.0385,3.6353,0,3.06
S0056,D004,39,Male,2,3,3.6353,3.06,0,3.2818
S0056,D004,39,Male,2,4,3.06,3.2818,0,3.4895
S0056,D004,39,Male,3,5,3.2818,3.4895,0,3.4857
S0056,D004,39,Male,3,6,3.4895,3.4857,0,2.8385
S0057,D002,40,Female,1,2,3.5588,3.5,0,3.875
S0057,D002,40,Female,2,3,3.5,3.875,0,3.7765
S0057,D002,40,Female,2,4,3.875,3.7765,0,3.75
S0059,D003,41,Male,1,2,3.7412,4.0,0,3.7733
S0059,D003,41,Male,2,3,4.0,3.7733,0,3.7118
S0061,D005,40,Male,1,2,4.0,3.6562,0,3.9526
S0061,D005,40,Male,2,3,3.6562,3.9526,0,4.0
S0061,D005,40,Male,2,4,3.9526,4.0,0,3.8929
S0062,D003,39,Male,1,2,3.5588,3.25,0,2.9867
S0062,D003,39,Male,2,3,3.25,2.9867,0,3.0647
S0062,D003,39,Male,2,4,2.9867,3.0647,0,2.928
S0062,D003,39,Male,3,5,3.0647,2.928,0,3.4043
S0062,D003,39,Male,3,6,2.928,3.4043,0,3.1429
S0062,D003,39,Male,4,7,3.4043,3.1429,0,2.72
S0064,D004,41,Male,1,2,1.8,1.5176,6,2.2333
S0064,D004,41,Male,2,3,1.5176,2.2333,10,2.0
S0065,D004,40,Male,1,2,3.3308,3.6765,0,3.44
S0065,D004,40,Male,2,3,3.6765,3.44,0,3.5091
S0065,D004,40,Male,2,4,3.44,3.5091,0,3.3579
S0065,D004,40,Male,3,5,3.5091,3.3579,0,3.381
S0066,D005,39,Male,1,2,3.9176,3.8688,0,4.0
S0066,D005,39,Male,2,3,3.8688,4.0,0,3.725
S0066,D005,39,Male,2,4,4.0,3.725,0,3.8143
S0066,D005,39,Male,3,5,3.725,3.8143,0,4.0
S0066,D005,39,Male,3,6,3.8143,4.0,0,3.7875
S0069,D001,41,Male,1,2,4.0,3.8688,0,3.9625
S0069,D001,41,Male,2,3,3.8688,3.9625,0,3.9647
S0070,D002,40,Male,1,2,3.6824,3.7562,0,3.675
S0070,D002,40,Male,2,3,3.7562,3.675,0,3.1529
S0070,D002,40,Male,2,4,3.675,3.1529,0,3.7
S0071,D001,39,Female,1,2,3.6235,3.7062,0,3.55
S0071,D001,39,Female,2,3,3.7062,3.55,0,3.8824
S0071,D001,39,Female,2,4,3.55,3.8824,0,3.475
S0071,D001,39,Female,3,5,3.8824,3.475,0,3.668
S0071,D001,39,Female,3,6,3.475,3.668,0,3.6625
S0071,D001,39,Female,4,7,3.668,3.6625,0,3.06
S0072,D001,40,Female,1,2,3.3294,3.6938,0,3.5875
S0072,D001,40,Female,2,3,3.6938,3.5875,0,3.5706
S0072,D001,40,Female,2,4,3.5875,3.5706,0,3.6917
S0072,D001,40,Female,3,5,3.5706,3.6917,0,3.728
S0078,D004,40,Male,1,2,3.9769,3.8765,0,3.9
S0078,D004,40,Male,2,3,3.8765,3.9,0,3.8182
S0078,D004,40,Male,2,4,3.9,3.8182,0,3.6947
S0082,D004,40,Male,1,2,3.7462,3.3471,0,3.4
S0082,D004,40,Male,2,3,3.3471,3.4,0,3.3091
S0082,D004,40,Male,2,4,3.4,3.3091,0,3.5526
S0082,D004,40,Male,3,5,3.3091,3.5526,0,3.5143
S0083,D004,39,Male,1,2,3.3231,4.0,0,3.8067
S0083,D004,39,Male,2,3,4.0,3.8067,0,3.8091
S0083,D004,39,Male,2,4,3.8067,3.8091,0,3.5316
S0083,D004,39,Male,3,5,3.8091,3.5316,0,4.0
S0083,D004,39,Male,3,6,3.5316,4.0,0,3.7385
S0083,D004,39,Male,4,7,4.0,3.7385,0,4.0
S0086,D002,41,Male,1,2,2.8588,2.975,0,2.75
S0087,D003,40,Male,1,2,2.7706,3.0056,0,3.6
S0087,D003,40,Male,2,3,3.0056,3.6,0,3.0235
S0087,D003,40,Male,2,4,3.6,3.0235,0,3.26
S0088,D003,41,Male,1,2,3.4118,3.4833,0,3.16
S0088,D003,41,Male,2,3,3.4833,3.16,0,3.5529
S0089,D001,41,Female,1,2,3.9647,3.8125,0,4.0
S0090,D001,39,Female,1,2,3.7588,3.375,0,3.9125
S0090,D001,39,Female,2,3,3.375,3.9125,0,3.9176
S0090,D001,39,Female,2,4,3.9125,3.9176,0,3.8833
S0090,D001,39,Female,3,5,3.9176,3.8833,0,3.712
S0090,D001,39,Female,3,6,3.8833,3.712,0,3.5
S0091,D002,41,Male,1,2,3.3588,3.1125,0,3.0875
S0093,D004,41,Female,1,2,3.4385,2.9882,0,2.7933
S0094,D005,40,Male,1,2,3.7235,3.5125,0,3.7053
S0094,D005,40,Male,2,3,3.5125,3.7053,0,3.4188
S0094,D005,40,Male,2,4,3.7053,3.4188,0,3.7071
S0094,D005,40,Male,3,5,3.4188,3.7071,0,3.7
S0095,D001,40,Male,1,2,2.7294,2.7188,2,2.6125
S0095,D001,40,Male,2,3,2.7188,2.6125,3,2.8118
S0095,D001,40,Male,2,4,2.6125,2.8118,4,2.7083
S0095,D001,40,Male,3,5,2.8118,2.7083,5,2.14
S0096,D001,41,Male,1,2,3.2176,3.25,0,2.875
S0097,D001,39,Male,1,2,3.0294,2.625,0,3.6375
S0097,D001,39,Male,2,3,2.625,3.6375,0,3.1059
S0097,D001,39,Male,2,4,3.6375,3.1059,0,3.3
S0097,D001,39,Male,3,5,3.1059,3.3,0,3.436
S0097,D001,39,Male,3,6,3.3,3.436,0,3.2
S0097,D001,39,Male,4,7,3.436,3.2,0,3.4
S0098,D001,41,Male,1,2,3.4235,2.7688,0,3.0375
S0099,D001,40,Female,1,2,3.7118,3.875,0,3.5375
S0099,D001,40,Female,2,3,3.875,3.5375,0,3.5059
S0099,D001,40,Female,2,4,3.5375,3.5059,0,3.5
S0100,D001,39,Female,1,2,3.7588,3.8375,0,3.5875
S0100,D001,39,Female,2,3,3.8375,3.5875,0,3.9471
S0100,D001,39,Female,2,4,3.5875,3.9471,0,3.525
S0100,D001,39,Female,3,5,3.9471,3.525,0,3.764
S0100,D001,39,Female,3,6,3.525,3.764,0,3.75
S0101,D002,41,Female,1,2,3.1824,2.9125,0,2.525
S0105,D002,40,Female,1,2,3.8824,3.775,0,3.875
S0105,D002,40,Female,2,3,3.775,3.875,0,3.8235
S0105,D002,40,Female,2,4,3.875,3.8235,0,3.8333
S0107,D003,41,Female,1,2,3.4588,3.65,0,3.54
S0107,D003,41,Female,2,3,3.65,3.54,0,3.0588
S0109,D001,41,Female,1,2,2.0765,1.7188,3,1.9625
S0109,D001,41,Female,2,3,1.7188,1.9625,7,1.7588
S0110,D005,41,Male,1,2,2.6941,2.9562,0,3.1842
S0111,D005,41,Male,1,2,3.7059,3.5188,0,3.4684
S0113,D001,40,Male,1,2,3.7941,3.9562,0,3.75
S0113,D001,40,Male,2,3,3.9562,3.75,0,3.9647
S0113,D001,40,Male,2,4,3.75,3.9647,0,3.775
S0113,D001,40,Male,3,5,3.9647,3.775,0,3.928
S0114,D003,40,Female,1,2,3.5353,3.5722,0,3.48
S0114,D003,40,Female,2,3,3.5722,3.48,0,3.6235
S0114,D003,40,Female,2,4,3.48,3.6235,0,3.376
S0115,D003,41,Male,1,2,2.4,2.8278,0,2.2933
S0116,D005,41,Male,1,2,4.0,4.0,0,3.7842
S0116,D005,41,Male,2,3,4.0,3.7842,0,4.0
S0117,D004,40,Female,1,2,2.6385,3.1882,0,3.08
S0117,D004,40,Female,2,3,3.1882,3.08,0,3.3636
S0117,D004,40,Female,2,4,3.08,3.3636,0,3.4211
S0118,D005,40,Male,1,2,2.9118,3.2812,0,2.8842
S0118,D005,40,Male,2,3,3.2812,2.8842,0,3.5875
S0118,D005,40,Male,2,4,2.8842,3.5875,0,2.6214
S0120,D004,41,Male,1,2,4.0,4.0,0,4.0
S0120,D004,41,Male,2,3,4.0,4.0,0,3.8182
S0123,D001,41,Male,1,2,3.6529,3.475,0,3.675
S0129,D005,40,Male,1,2,3.0882,3.5875,0,3.4947
S0129,D005,40,Male,2,3,3.5875,3.4947,0,3.0687
S0129,D005,40,Male,2,4,3.4947,3.0687,0,3.7929
S0129,D005,40,Male,3,5,3.0687,3.7929,0,4.0
S0130,D001,41,Female,1,2,3.5706,3.825,0,3.65
S0131,D001,41,Male,1,2,2.9941,2.925,0,2.9125
S0132,D005,40,Female,1,2,3.9294,3.8125,0,3.9211
S0132,D005,40,Female,2,3,3.8125,3.9211,0,3.5062
S0132,D005,40,Female,2,4,3.9211,3.5062,0,4.0
S0132,D005,40,Female,3,5,3.5062,4.0,0,4.0
S0133,D005,41,Male,1,2,3.7941,4.0,0,3.8579
S0133,D005,41,Male,2,3,4.0,3.8579,0,3.425
S0136,D002,40,Female,1,2,3.7529,3.7312,0,3.8375
S0136,D002,40,Female,2,3,3.7312,3.8375,0,3.5059
S0136,D002,40,Female,2,4,3.8375,3.5059,0,3.5667
S0139,D002,41,Male,1,2,3.1588,3.2312,0,2.625
S0139,D002,41,Male,2,3,3.2312,2.625,0,3.4
S0142,D005,39,Male,1,2,3.5412,3.2562,0,3.7
S0142,D005,39,Male,2,3,3.2562,3.7,0,3.6188
S0142,D005,39,Male,2,4,3.7,3.6188,0,3.85
S0142,D005,39,Male,3,5,3.6188,3.85,0,4.0
S0142,D005,39,Male,3,6,3.85,4.0,0,3.4292
S0142,D005,39,Male,4,7,4.0,3.4292,0,3.8133
S0143,D003,41,Male,1,2,3.7824,3.9667,0,3.56
S0144,D002,41,Female,1,2,3.9118,3.7125,0,3.325
S0146,D003,39,Male,1,2,3.4941,3.3,0,3.6067
S0146,D003,39,Male,2,3,3.3,3.6067,0,3.7765
S0146,D003,39,Male,2,4,3.6067,3.7765,0,3.304
S0146,D003,39,Male,3,5,3.7765,3.304,0,3.5957
S0146,D003,39,Male,3,6,3.304,3.5957,0,3.6762
S0148,D001,39,Female,1,2,3.1824,3.4688,0,3.55
S0148,D001,39,Female,2,3,3.4688,3.55,0,3.2118
S0148,D001,39,Female,2,4,3.55,3.2118,0,3.1667
S0148,D001,39,Female,3,5,3.2118,3.1667,0,3.624
S0148,D001,39,Female,3,6,3.1667,3.624,0,3.3875
S0148,D001,39,Female,4,7,3.624,3.3875,0,3.7
S0149,D002,40,Male,1,2,3.3176,2.6438,0,3.2
S0149,D002,40,Male,2,3,2.6438,3.2,0,3.0882
S0149,D002,40,Male,2,4,3.2,3.0882,0,3.0333
S0150,D004,41,Male,1,2,3.7846,3.7588,0,3.8133
S0151,D005,40,Male,1,2,3.9471,3.8688,0,3.7789
S0151,D005,40,Male,2,3,3.8688,3.7789,0,3.9125
S0151,D005,40,Male,2,4,3.7789,3.9125,0,4.0
S0153,D002,39,Male,1,2,3.5647,3.6188,0,3.5875
S0153,D002,39,Male,2,3,3.6188,3.5875,0,3.3647
S0153,D002,39,Male,2,4,3.5875,3.3647,0,3.275
S0153,D002,39,Male,3,5,3.3647,3.275,0,3.5192
S0153,D002,39,Male,3,6,3.275,3.5192,0,3.3333
S0155,D002,41,Male,1,2,2.9765,3.3312,0,3.2125
S0156,D002,40,Male,1,2,3.7941,3.7875,0,3.6375
S0156,D002,40,Male,2,3,3.7875,3.6375,0,3.7588
S0156,D002,40,Male,2,4,3.6375,3.7588,0,3.5833
S0156,D002,40,Male,3,5,3.7588,3.5833,0,3.6423
S0158,D001,41,Female,1,2,2.5176,3.075,0,2.65
S0159,D001,39,Female,1,2,3.5471,3.375,0,2.975
S0159,D001,39,Female,2,3,3.375,2.975,0,2.9824
S0159,D001,39,Female,2,4,2.975,2.9824,0,3.1333
S0159,D001,39,Female,3,5,2.9824,3.1333,0,3.456
S0159,D001,39,Female,3,6,3.1333,3.456,0,3.2875
S0159,D001,39,Female,4,7,3.456,3.2875,0,3.0
S0160,D004,40,Male,1,2,2.8538,3.0882,0,2.94
S0160,D004,40,Male,2,3,3.0882,2.94,1,2.5364
S0160,D004,40,Male,2,4,2.94,2.5364,2,2.5632
S0162,D001,41,Male,1,2,3.1353,3.3,0,3.5875
S0162,D001,41,Male,2,3,3.3,3.5875,0,3.3294
S0165,D003,40,Male,1,2,3.3235,2.7111,0,3.4733
S0165,D003,40,Male,2,3,2.7111,3.4733,0,2.4059
S0165,D003,40,Male,2,4,3.4733,2.4059,0,2.58
S0165,D003,40,Male,3,5,2.4059,2.58,0,3.0304
S0167,D004,40,Male,1,2,3.0385,2.9176,0,3.1133
S0167,D004,40,Male,2,3,2.9176,3.1133,0,3.0636
S0167,D004,40,Male,2,4,3.1133,3.0636,0,3.1526
S0168,D001,39,Female,1,2,3.9647,3.8688,0,3.9625
S0168,D001,39,Female,2,3,3.8688,3.9625,0,3.3529
S0168,D001,39,Female,2,4,3.9625,3.3529,1,3.5583
S0168,D001,39,Female,3,5,3.3529,3.5583,2,3.696
S0168,D001,39,Female,3,6,3.5583,3.696,3,3.8375
S0168,D001,39,Female,4,7,3.696,3.8375,4,4.0
S0169,D003,40,Male,1,2,3.7412,3.5,0,3.92
S0169,D003,40,Male,2,3,3.5,3.92,0,3.6353
S0169,D003,40,Male,2,4,3.92,3.6353,0,3.608
S0169,D003,40,Male,3,5,3.6353,3.608,0,3.4522
S0170,D001,41,Female,1,2,3.5706,3.6812,0,3.8875
S0170,D001,41,Female,2,3,3.6812,3.8875,0,4.0
S0172,D005,41,Male,1,2,3.5941,3.5062,0,3.5632
S0172,D005,41,Male,2,3,3.5062,3.5632,0,2.975
S0174,D002,41,Female,1,2,3.9471,4.0,0,4.0
S0174,D002,41,Female,2,3,4.0,4.0,0,4.0
S0175,D001,41,Male,1,2,4.0,3.925,0,3.9625
S0176,D001,40,Female,1,2,3.6176,3.725,0,3.9625
S0176,D001,40,Female,2,3,3.725,3.9625,0,3.7353
S0176,D001,40,Female,2,4,3.9625,3.7353,0,3.5833
S0176,D001,40,Female,3,5,3.7353,3.5833,0,3.648
S0178,D002,41,Male,1,2,4.0,3.9625,0,3.925
S0179,D001,41,Male,1,2,3.4706,3.3625,0,3.625
S0179,D001,41,Male,2,3,3.3625,3.625,0,3.7588
S0180,D002,39,Male,1,2,2.9294,3.5062,0,3.0
S0180,D002,39,Male,2,3,3.5062,3.0,0,3.6059
S0180,D002,39,Male,2,4,3.0,3.6059,0,2.95
S0180,D002,39,Male,3,5,3.6059,2.95,0,3.0423
S0180,D002,39,Male,3,6,2.95,3.0423,0,2.9111
S0180,D002,39,Male,4,7,3.0423,2.9111,0,2.22
S0181,D004,39,Male,1,2,3.3,3.4294,0,3.24
S0181,D004,39,Male,2,3,3.4294,3.24,0,3.6909
S0181,D004,39,Male,2,4,3.24,3.6909,0,3.4737
S0181,D004,39,Male,3,5,3.6909,3.4737,0,3.5238
S0181,D004,39,Male,3,6,3.4737,3.5238,0,3.4308
S0181,D004,39,Male,4,7,3.5238,3.4308,0,4.0
S0184,D002,40,Male,1,2,3.8941,3.9812,0,3.7875
S0184,D002,40,Male,2,3,3.9812,3.7875,0,3.8647
S0184,D002,40,Male,2,4,3.7875,3.8647,0,3.8333
S0184,D002,40,Male,3,5,3.8647,3.8333,0,3.9115
S0185,D001,40,Male,1,2,3.9294,3.7438,0,3.75
S0185,D001,40,Male,2,3,3.7438,3.75,0,3.6529
S0185,D001,40,Male,2,4,3.75,3.6529,0,3.8
S0185,D001,40,Male,3,5,3.6529,3.8,0,3.756
S0186,D001,40,Male,1,2,3.8647,4.0,0,4.0
S0186,D001,40,Male,2,3,4.0,4.0,0,4.0
S0186,D001,40,Male,2,4,4.0,4.0,0,3.8083
S0188,D002,41,Female,1,2,3.2118,4.0,0,3.4625
S0190,D001,41,Male,1,2,2.5471,2.2562,1,2.4625
S0191,D001,41,Female,1,2,3.5353,3.175,0,3.425
S0192,D004,41,Female,1,2,3.0,2.2706,0,2.3933
S0192,D004,41,Female,2,3,2.2706,2.3933,0,2.8818
S0193,D003,39,Female,1,2,3.7471,3.8,0,3.7667
S0193,D003,39,Female,2,3,3.8,3.7667,0,3.6824
S0193,D003,39,Female,2,4,3.7667,3.6824,0,3.748
S0193,D003,39,Female,3,5,3.6824,3.748,0,3.6522
S0193,D003,39,Female,3,6,3.748,3.6522,0,3.7381
S0194,D003,40,Male,1,2,3.5588,3.7056,0,3.3667
S0194,D003,40,Male,2,3,3.7056,3.3667,0,3.3353
S0194,D003,40,Male,2,4,3.3667,3.3353,0,3.172
S0194,D003,40,Male,3,5,3.3353,3.172,0,3.5043
S0195,D002,41,Male,1,2,3.3647,2.8625,0,3.4625
S0195,D002,41,Male,2,3,2.8625,3.4625,0,2.6176
S0197,D005,41,Male,1,2,2.6235,2.6688,0,2.5368
S0198,D001,40,Male,1,2,3.4235,3.4062,0,3.5125
S0198,D001,40,Male,2,3,3.4062,3.5125,0,3.3529
S0198,D001,40,Male,2,4,3.5125,3.3529,0,3.8917
S0200,D002,40,Male,1,2,3.8118,3.3438,0,3.6625
S0200,D002,40,Male,2,3,3.3438,3.6625,0,3.8765
S0200,D002,40,Male,2,4,3.6625,3.8765,0,3.7833
S0201,D001,41,Female,1,2,3.8471,3.9812,0,3.8375
S0201,D001,41,Female,2,3,3.9812,3.8375,0,3.8765
S0205,D005,41,Male,1,2,3.7471,3.1062,0,3.2474
S0207,D003,41,Male,1,2,3.9294,3.5611,0,3.9
S0208,D001,40,Male,1,2,3.8235,4.0,0,4.0
S0208,D001,40,Male,2,3,4.0,4.0,0,3.9647
S0208,D001,40,Male,2,4,4.0,3.9647,0,3.975
S0208,D001,40,Male,3,5,3.9647,3.975,0,4.0
S0209,D004,40,Female,1,2,3.1154,2.6118,0,3.8267
S0209,D004,40,Female,2,3,2.6118,3.8267,0,3.3909
S0209,D004,40,Female,2,4,3.8267,3.3909,0,3.2684
S0211,D001,40,Male,1,2,3.4471,3.85,0,3.7125
S0211,D001,40,Male,2,3,3.85,3.7125,0,3.7412
S0211,D001,40,Male,2,4,3.7125,3.7412,0,3.4833
S0212,D004,41,Female,1,2,3.9,3.4824,0,3.8667
S0212,D004,41,Female,2,3,3.4824,3.8667,0,3.1818
S0213,D005,40,Female,1,2,3.6294,3.5125,0,3.1526
S0213,D005,40,Female,2,3,3.5125,3.1526,0,2.95
S0213,D005,40,Female,2,4,3.1526,2.95,0,3.0714
S0213,D005,40,Female,3,5,2.95,3.0714,0,4.0
S0214,D003,41,Female,1,2,3.4,3.5722,0,3.3667
S0214,D003,41,Female,2,3,3.5722,3.3667,0,3.6647
S0215,D005,41,Male,1,2,3.4235,3.4938,0,3.8632
S0215,D005,41,Male,2,3,3.4938,3.8632,0,3.5562
S0222,D005,39,Female,1,2,3.0353,2.525,0,2.7316
S0222,D005,39,Female,2,3,2.525,2.7316,0,2.8562
S0222,D005,39,Female,2,4,2.7316,2.8562,0,3.1071
S0222,D005,39,Female,3,5,2.8562,3.1071,0,3.0
S0222,D005,39,Female,3,6,3.1071,3.0,0,2.9667
S0224,D005,39,Male,1,2,2.6176,3.2312,2,3.3632
S0224,D005,39,Male,2,3,3.2312,3.3632,3,2.7188
S0224,D005,39,Male,2,4,3.3632,2.7188,4,3.0214
S0224,D005,39,Male,3,5,2.7188,3.0214,5,2.3
S0224,D005,39,Male,3,6,3.0214,2.3,6,2.7042
S0224,D005,39,Male,4,7,2.3,2.7042,7,2.9733
S0225,D005,41,Male,1,2,3.5824,3.9062,0,3.8737
S0226,D004,40,Male,1,2,3.2615,2.4,0,2.74
S0226,D004,40,Male,2,3,2.4,2.74,0,3.1909
S0226,D004,40,Male,2,4,2.74,3.1909,0,2.7947
S0229,D004,40,Male,1,2,3.4538,3.3412,0,3.6
S0229,D004,40,Male,2,3,3.3412,3.6,0,3.7455
S0229,D004,40,Male,2,4,3.6,3.7455,0,3.8158
S0231,D005,40,Male,1,2,3.9471,4.0,0,3.9684
S0231,D005,40,Male,2,3,4.0,3.9684,0,4.0
S0231,D005,40,Male,2,4,3.9684,4.0,0,4.0
S0231,D005,40,Male,3,5,4.0,4.0,0,4.0
S0234,D002,41,Male,1,2,3.9824,4.0,0,3.9625
S0235,D003,40,Male,1,2,2.5176,2.65,0,2.7867
S0235,D003,40,Male,2,3,2.65,2.7867,0,2.8412
S0235,D003,40,Male,2,4,2.7867,2.8412,0,2.764
S0235,D003,40,Male,3,5,2.8412,2.764,0,3.0609
S0236,D005,40,Male,1,2,3.8412,3.9062,0,3.7
S0236,D005,40,Male,2,3,3.9062,3.7,0,3.6938
S0236,D005,40,Male,2,4,3.7,3.6938,0,3.9143
S0236,D005,40,Male,3,5,3.6938,3.9143,0,4.0
S0238,D005,40,Male,1,2,3.2529,2.9688,0,3.5526
S0238,D005,40,Male,2,3,2.9688,3.5526,0,3.2188
S0238,D005,40,Male,2,4,3.5526,3.2188,0,3.3071
S0239,D001,41,Male,1,2,3.6647,3.4375,0,3.75
S0239,D001,41,Male,2,3,3.4375,3.75,0,3.3235
S0240,D003,40,Male,1,2,3.8412,3.8333,0,3.7467
S0240,D003,40,Male,2,3,3.8333,3.7467,0,3.8235
S0240,D003,40,Male,2,4,3.7467,3.8235,0,3.484
S0241,D004,39,Male,1,2,3.6538,3.8294,0,3.7067
S0241,D004,39,Male,2,3,3.8294,3.7067,0,3.6364
S0241,D004,39,Male,2,4,3.7067,3.6364,0,3.5789
S0241,D004,39,Male,3,5,3.6364,3.5789,0,3.4952
S0241,D004,39,Male,3,6,3.5789,3.4952,0,3.2769
S0241,D004,39,Male,4,7,3.4952,3.2769,0,3.7
S0242,D001,40,Male,1,2,3.5588,3.9062,0,3.6375
S0242,D001,40,Male,2,3,3.9062,3.6375,0,3.5235
S0242,D001,40,Male,2,4,3.6375,3.5235,0,3.75
S0243,D003,41,Male,1,2,3.0412,2.9333,0,3.1
S0244,D004,40,Male,1,2,3.7769,3.6176,0,3.5067
S0244,D004,40,Male,2,3,3.6176,3.5067,0,3.5727
S0244,D004,40,Male,2,4,3.5067,3.5727,0,3.5316
S0245,D002,39,Male,1,2,4.0,4.0,0,3.9625
S0245,D002,39,Male,2,3,4.0,3.9625,0,4.0
S0245,D002,39,Male,2,4,3.9625,4.0,0,4.0
S0245,D002,39,Male,3,5,4.0,4.0,0,3.9231
S0245,D002,39,Male,3,6,4.0,3.9231,0,4.0
S0247,D002,41,Male,1,2,2.6706,2.375,0,2.8
S0247,D002,41,Male,2,3,2.375,2.8,1,2.8118
S0250,D003,40,Male,1,2,2.9176,2.4722,1,2.6467
S0250,D003,40,Male,2,3,2.4722,2.6467,2,2.5412
S0250,D003,40,Male,2,4,2.6467,2.5412,4,2.492
S0250,D003,40,Male,3,5,2.5412,2.492,6,2.8261
S0252,D004,39,Male,1,2,4.0,4.0,0,4.0
S0252,D004,39,Male,2,3,4.0,4.0,0,3.9455
S0252,D004,39,Male,2,4,4.0,3.9455,0,3.9684
S0252,D004,39,Male,3,5,3.9455,3.9684,0,3.9714
S0252,D004,39,Male,3,6,3.9684,3.9714,0,4.0
S0253,D005,39,Male,1,2,3.6588,3.7938,0,3.4526
S0253,D005,39,Male,2,3,3.7938,3.4526,0,3.7812
S0253,D005,39,Male,2,4,3.4526,3.7812,0,3.6429
S0253,D005,39,Male,3,5,3.7812,3.6429,0,2.7
S0253,D005,39,Male,3,6,3.6429,2.7,0,3.8292
S0253,D005,39,Male,4,7,2.7,3.8292,0,3.5267
S0254,D004,41,Male,1,2,2.4462,2.6882,0,2.6667
S0254,D004,41,Male,2,3,2.6882,2.6667,0,2.4909
S0255,D002,40,Male,1,2,3.4588,3.0562,0,3.425
S0255,D002,40,Male,2,3,3.0562,3.425,0,3.1294
S0255,D002,40,Male,2,4,3.425,3.1294,0,3.3167
S0255,D002,40,Male,3,5,3.1294,3.3167,0,3.5038
S0256,D001,41,Female,1,2,3.6471,3.35,0,3.075
S0258,D005,41,Male,1,2,3.3706,3.4312,0,3.6789
S0259,D003,39,Female,1,2,3.1706,3.3667,0,3.1933
S0259,D003,39,Female,2,3,3.3667,3.1933,0,3.6294
S0259,D003,39,Female,2,4,3.1933,3.6294,0,3.636
S0259,D003,39,Female,3,5,3.6294,3.636,0,3.2826
S0259,D003,39,Female,3,6,3.636,3.2826,0,2.9286
S0260,D005,41,Female,1,2,3.8824,3.6062,0,3.8316
S0261,D005,39,Male,1,2,3.4588,3.3688,0,2.6316
S0261,D005,39,Male,2,3,3.3688,2.6316,0,3.0375
S0261,D005,39,Male,2,4,2.6316,3.0375,0,2.8071
S0261,D005,39,Male,3,5,3.0375,2.8071,0,3.7
S0261,D005,39,Male,3,6,2.8071,3.7,0,2.7917
S0261,D005,39,Male,4,7,3.7,2.7917,0,3.0933
S0262,D001,40,Female,1,2,3.4647,3.1438,0,3.3375
S0262,D001,40,Female,2,3,3.1438,3.3375,0,3.5588
S0262,D001,40,Female,2,4,3.3375,3.5588,0,2.9
S0264,D005,39,Male,1,2,4.0,4.0,0,3.7737
S0264,D005,39,Male,2,3,4.0,3.7737,0,4.0
S0264,D005,39,Male,2,4,3.7737,4.0,0,3.6857
S0264,D005,39,Male,3,5,4.0,3.6857,0,4.0
S0264,D005,39,Male,3,6,3.6857,4.0,0,3.7875
S0264,D005,39,Male,4,7,4.0,3.7875,0,3.84
S0265,D004,39,Male,1,2,2.6077,2.4059,0,2.6067
S0265,D004,39,Male,2,3,2.4059,2.6067,1,2.5
S0265,D004,39,Male,2,4,2.6067,2.5,2,2.7579
S0265,D004,39,Male,3,5,2.5,2.7579,3,2.3238
S0265,D004,39,Male,3,6,2.7579,2.3238,4,2.3692
S0265,D004,39,Male,4,7,2.3238,2.3692,6,2.3
S0266,D002,41,Male,1,2,2.9353,2.5625,2,2.825
S0266,D002,41,Male,2,3,2.5625,2.825,4,2.1118
S0267,D002,41,Female,1,2,2.6235,1.95,2,1.7
S0268,D002,40,Male,1,2,3.5118,3.575,0,3.5125
S0268,D002,40,Male,2,3,3.575,3.5125,0,3.7882
S0268,D002,40,Male,2,4,3.5125,3.7882,0,3.7
S0269,D001,40,Male,1,2,3.4529,3.6875,0,3.925
S0269,D001,40,Male,2,3,3.6875,3.925,0,3.7412
S0269,D001,40,Male,2,4,3.925,3.7412,0,3.725
S0270,D004,40,Female,1,2,3.7077,3.4059,0,3.4
S0270,D004,40,Female,2,3,3.4059,3.4,0,3.3727
S0270,D004,40,Female,2,4,3.4,3.3727,0,3.4842
S0271,D003,41,Male,1,2,3.8353,3.9667,0,3.8667
S0275,D005,41,Female,1,2,3.0412,3.2688,2,2.5316
S0275,D005,41,Female,2,3,3.2688,2.5316,3,3.1188
S0276,D002,41,Male,1,2,3.4706,3.375,0,3.3
S0277,D001,40,Male,1,2,3.9588,3.3,0,3.4625
S0277,D001,40,Male,2,3,3.3,3.4625,0,3.4765
S0277,D001,40,Male,2,4,3.4625,3.4765,0,3.6667
S0277,D001,40,Male,3,5,3.4765,3.6667,0,3.288
S0279,D002,39,Female,1,2,3.7647,3.9625,0,3.7125
S0279,D002,39,Female,2,3,3.9625,3.7125,0,3.8412
S0279,D002,39,Female,2,4,3.7125,3.8412,0,3.7
S0279,D002,39,Female,3,5,3.8412,3.7,0,3.8308
S0279,D002,39,Female,3,6,3.7,3.8308,0,3.7556
S0280,D002,40,Female,1,2,3.8412,3.9438,0,3.675
S0280,D002,40,Female,2,3,3.9438,3.675,0,3.4235
S0280,D002,40,Female,2,4,3.675,3.4235,0,3.575
S0281,D002,40,Female,1,2,3.6294,3.8375,0,3.75
S0281,D002,40,Female,2,3,3.8375,3.75,0,3.9294
S0281,D002,40,Female,2,4,3.75,3.9294,0,3.4417
S0281,D002,40,Female,3,5,3.9294,3.4417,0,3.7077
S0282,D003,39,Male,1,2,3.2353,3.3611,0,3.4867
S0282,D003,39,Male,2,3,3.3611,3.4867,0,3.3176
S0282,D003,39,Male,2,4,3.4867,3.3176,0,3.196
S0282,D003,39,Male,3,5,3.3176,3.196,0,3.2087
S0282,D003,39,Male,3,6,3.196,3.2087,0,2.7952
S0282,D003,39,Male,4,7,3.2087,2.7952,0,3.72
S0284,D001,40,Male,1,2,3.2941,3.0812,0,2.7625
S0284,D001,40,Male,2,3,3.0812,2.7625,0,3.1235
S0284,D001,40,Male,2,4,2.7625,3.1235,0,3.2833
S0284,D001,40,Male,3,5,3.1235,3.2833,0,3.26
S0285,D001,40,Male,1,2,3.6765,3.6875,0,3.625
S0285,D001,40,Male,2,3,3.6875,3.625,0,3.9176
S0285,D001,40,Male,2,4,3.625,3.9176,0,3.7833
S0285,D001,40,Male,3,5,3.9176,3.7833,0,3.572
S0286,D003,39,Male,1,2,3.9176,3.9167,0,3.88
S0286,D003,39,Male,2,3,3.9167,3.88,0,3.7176
S0286,D003,39,Male,2,4,3.88,3.7176,0,3.84
S0286,D003,39,Male,3,5,3.7176,3.84,0,3.5174
S0286,D003,39,Male,3,6,3.84,3.5174,0,3.7048
S0286,D003,39,Male,4,7,3.5174,3.7048,0,3.58
S0287,D003,39,Female,1,2,3.8,3.6056,0,3.2467
S0287,D003,39,Female,2,3,3.6056,3.2467,0,3.3353
S0287,D003,39,Female,2,4,3.2467,3.3353,0,3.42
S0287,D003,39,Female,3,5,3.3353,3.42,0,3.6783
S0287,D003,39,Female,3,6,3.42,3.6783,0,3.2476
S0288,D002,40,Female,1,2,3.9118,3.9062,0,3.7125
S0288,D002,40,Female,2,3,3.9062,3.7125,0,3.8765
S0288,D002,40,Female,2,4,3.7125,3.8765,0,3.9417
S0290,D004,40,Female,1,2,3.5462,3.7706,0,3.0067
S0290,D004,40,Female,2,3,3.7706,3.0067,0,3.4545
S0290,D004,40,Female,2,4,3.0067,3.4545,0,3.5895
S0290,D004,40,Female,3,5,3.4545,3.5895,0,3.4
S0291,D003,41,Female,1,2,3.3412,3.2222,0,3.4933
S0291,D003,41,Female,2,3,3.2222,3.4933,0,3.9294
S0292,D001,40,Male,1,2,3.9647,3.9625,0,3.875
S0292,D001,40,Male,2,3,3.9625,3.875,0,4.0
S0292,D001,40,Male,2,4,3.875,4.0,0,3.825
S0293,D005,41,Female,1,2,3.4,3.5,2,3.0474
S0294,D001,39,Male,1,2,3.9824,3.825,0,3.8875
S0294,D001,39,Male,2,3,3.825,3.8875,0,3.5
S0294,D001,39,Male,2,4,3.8875,3.5,0,3.8333
S0294,D001,39,Male,3,5,3.5,3.8333,0,3.868
S0294,D001,39,Male,3,6,3.8333,3.868,0,3.75
S0295,D002,41,Male,1,2,4.0,3.6625,0,3.9625
S0297,D002,41,Male,1,2,2.9529,3.5062,0,3.2875
S0298,D004,40,Male,1,2,4.0,3.9118,0,4.0
S0298,D004,40,Male,2,3,3.9118,4.0,0,3.7636
S0298,D004,40,Male,2,4,4.0,3.7636,0,4.0
S0298,D004,40,Male,3,5,3.7636,4.0,0,3.7333
S0300,D001,41,Male,1,2,3.6,3.4125,0,3.2625
S0300,D001,41,Male,2,3,3.4125,3.2625,0,3.2824
S0301,D005,41,Male,1,2,2.8882,2.9625,0,2.8158
S0302,D005,40,Male,1,2,3.6765,3.7,0,3.5158
S0302,D005,40,Male,2,3,3.7,3.5158,0,3.3688
S0302,D005,40,Male,2,4,3.5158,3.3688,0,3.2643
S0302,D005,40,Male,3,5,3.3688,3.2643,0,3.3
S0304,D002,41,Female,1,2,3.7412,3.7312,0,3.7125
S0304,D002,41,Female,2,3,3.7312,3.7125,0,3.7412
S0305,D002,40,Male,1,2,4.0,4.0,0,4.0
S0305,D002,40,Male,2,3,4.0,4.0,0,4.0
S0305,D002,40,Male,2,4,4.0,4.0,0,3.975
S0306,D003,39,Male,1,2,3.7706,3.8389,0,3.8067
S0306,D003,39,Male,2,3,3.8389,3.8067,0,4.0
S0306,D003,39,Male,2,4,3.8067,4.0,0,3.8
S0306,D003,39,Male,3,5,4.0,3.8,0,3.7261
S0306,D003,39,Male,3,6,3.8,3.7261,0,3.9048
S0306,D003,39,Male,4,7,3.7261,3.9048,0,4.0
S0307,D001,41,Male,1,2,4.0,3.8688,0,4.0
S0307,D001,41,Male,2,3,3.8688,4.0,0,3.9471
S0308,D001,41,Male,1,2,2.8294,3.125,2,3.6625
S0309,D002,41,Female,1,2,3.6941,3.3375,0,3.5
S0310,D004,41,Female,1,2,2.8154,2.9176,0,3.18
S0310,D004,41,Female,2,3,2.9176,3.18,0,3.1909
S0311,D003,41,Female,1,2,3.8647,3.85,0,3.8667
S0312,D002,40,Male,1,2,3.7765,3.625,0,3.7625
S0312,D002,40,Male,2,3,3.625,3.7625,0,3.6706
S0312,D002,40,Male,2,4,3.7625,3.6706,0,3.8167
S0314,D005,40,Male,1,2,3.9647,3.7438,0,3.6737
S0314,D005,40,Male,2,3,3.7438,3.6737,0,4.0
S0314,D005,40,Male,2,4,3.6737,4.0,0,3.75
S0315,D001,41,Male,1,2,3.2529,3.4375,0,3.6
S0315,D001,41,Male,2,3,3.4375,3.6,0,3.6882
S0316,D002,41,Male,1,2,3.7118,3.55,0,3.5125
S0317,D001,39,Male,1,2,4.0,4.0,0,4.0
S0317,D001,39,Male,2,3,4.0,4.0,0,4.0
S0317,D001,39,Male,2,4,4.0,4.0,0,4.0
S0317,D001,39,Male,3,5,4.0,4.0,0,4.0
S0317,D001,39,Male,3,6,4.0,4.0,0,3.9625
S0318,D001,41,Female,1,2,2.2059,2.325,0,1.9625
S0318,D001,41,Female,2,3,2.325,1.9625,1,2.5529
S0319,D001,41,Male,1,2,3.2,2.7,0,3.2375
S0321,D003,40,Male,1,2,4.0,3.9833,0,4.0
S0321,D003,40,Male,2,3,3.9833,4.0,0,3.7706
S0321,D003,40,Male,2,4,4.0,3.7706,0,4.0
S0322,D004,39,Male,1,2,3.6231,3.8059,0,3.4467
S0322,D004,39,Male,2,3,3.8059,3.4467,0,2.8364
S0322,D004,39,Male,2,4,3.4467,2.8364,0,3.2526
S0322,D004,39,Male,3,5,2.8364,3.2526,0,3.6333
S0322,D004,39,Male,3,6,3.2526,3.6333,0,3.0846
S0322,D004,39,Male,4,7,3.6333,3.0846,0,4.0
S0325,D001,41,Female,1,2,2.2412,2.0438,0,2.075
S0327,D003,41,Female,1,2,2.7059,2.8111,0,2.66
S0327,D003,41,Female,2,3,2.8111,2.66,0,2.7059
S0328,D005,41,Female,1,2,4.0,3.8125,0,3.3789
S0331,D005,40,Male,1,2,3.1765,3.5375,0,3.2474
S0331,D005,40,Male,2,3,3.5375,3.2474,0,3.3562
S0331,D005,40,Male,2,4,3.2474,3.3562,0,3.6071
S0332,D003,41,Male,1,2,3.3941,3.3667,0,3.2133
S0333,D002,40,Female,1,2,2.9294,2.4938,0,2.875
S0333,D002,40,Female,2,3,2.4938,2.875,0,2.7412
S0333,D002,40,Female,2,4,2.875,2.7412,0,3.0
S0333,D002,40,Female,3,5,2.7412,3.0,0,2.6731
S0336,D002,40,Female,1,2,3.5941,3.4,0,3.625
S0336,D002,40,Female,2,3,3.4,3.625,0,2.9941
S0336,D002,40,Female,2,4,3.625,2.9941,0,3.4083
S0337,D002,39,Female,1,2,2.8706,2.625,1,2.625
S0337,D002,39,Female,2,3,2.625,2.625,2,2.4647
S0337,D002,39,Female,2,4,2.625,2.4647,3,2.7083
S0337,D002,39,Female,3,5,2.4647,2.7083,4,2.4731
S0337,D002,39,Female,3,6,2.7083,2.4731,5,2.1111
S0337,D002,39,Female,4,7,2.4731,2.1111,7,2.7
S0339,D002,39,Male,1,2,3.2235,3.2688,0,3.375
S0339,D002,39,Male,2,3,3.2688,3.375,0,3.1118
S0339,D002,39,Male,2,4,3.375,3.1118,0,3.5
S0339,D002,39,Male,3,5,3.1118,3.5,0,3.7269
S0339,D002,39,Male,3,6,3.5,3.7269,0,3.5
S0339,D002,39,Male,4,7,3.7269,3.5,0,3.46
S0341,D001,41,Female,1,2,3.2235,3.475,0,3.4625
S0343,D001,40,Female,1,2,2.9882,3.1813,0,2.8
S0343,D001,40,Female,2,3,3.1813,2.8,0,3.2706
S0343,D001,40,Female,2,4,2.8,3.2706,0,3.2833
S0345,D005,40,Female,1,2,2.6941,3.05,0,2.3737
S0345,D005,40,Female,2,3,3.05,2.3737,0,3.125
S0345,D005,40,Female,2,4,2.3737,3.125,0,3.2857
S0345,D005,40,Female,3,5,3.125,3.2857,0,4.0
S0347,D001,40,Female,1,2,3.9647,3.9062,0,3.875
S0347,D001,40,Female,2,3,3.9062,3.875,0,3.6176
S0347,D001,40,Female,2,4,3.875,3.6176,0,3.8583
S0348,D004,41,Male,1,2,4.0,3.9647,0,4.0
S0348,D004,41,Male,2,3,3.9647,4.0,0,3.9455
S0349,D002,39,Female,1,2,2.2765,2.1,0,2.7625
S0349,D002,39,Female,2,3,2.1,2.7625,0,3.0294
S0349,D002,39,Female,2,4,2.7625,3.0294,0,2.7917
S0349,D002,39,Female,3,5,3.0294,2.7917,0,2.6538
S0349,D002,39,Female,3,6,2.7917,2.6538,0,2.4222
S0349,D002,39,Female,4,7,2.6538,2.4222,0,3.46
S0350,D002,39,Male,1,2,4.0,3.85,0,4.0
S0350,D002,39,Male,2,3,3.85,4.0,0,4.0
S0350,D002,39,Male,2,4,4.0,4.0,0,4.0
S0350,D002,39,Male,3,5,4.0,4.0,0,4.0
S0350,D002,39,Male,3,6,4.0,4.0,0,4.0
S0352,D004,40,Male,1,2,3.5077,3.7059,0,3.62
S0352,D004,40,Male,2,3,3.7059,3.62,0,3.5
S0352,D004,40,Male,2,4,3.62,3.5,0,3.4842
S0354,D003,41,Male,1,2,2.8588,2.7278,0,3.26
S0354,D003,41,Male,2,3,2.7278,3.26,0,3.3235
S0355,D001,41,Male,1,2,3.8294,3.8562,0,3.8375
S0356,D004,41,Male,1,2,3.2769,3.2765,2,3.0
S0357,D005,41,Male,1,2,3.8765,3.7688,0,3.9263
S0359,D003,41,Male,1,2,3.7353,3.2167,1,3.9067
S0360,D005,41,Male,1,2,4.0,3.9438,0,3.8421
S0361,D004,40,Male,1,2,3.4538,3.3235,0,3.3933
S0361,D004,40,Male,2,3,3.3235,3.3933,0,3.3818
S0361,D004,40,Male,2,4,3.3933,3.3818,0,3.2474
S0362,D002,40,Male,1,2,3.5588,3.3375,0,3.7125
S0362,D002,40,Male,2,3,3.3375,3.7125,0,3.2235
S0362,D002,40,Male,2,4,3.7125,3.2235,1,3.4417
S0362,D002,40,Male,3,5,3.2235,3.4417,2,3.3885
S0364,D002,41,Male,1,2,3.9471,3.9625,0,3.8375
S0366,D001,40,Male,1,2,3.2412,3.1125,0,2.45
S0366,D001,40,Male,2,3,3.1125,2.45,0,2.6412
S0366,D001,40,Male,2,4,2.45,2.6412,0,3.2
S0366,D001,40,Male,3,5,2.6412,3.2,0,2.86
S0367,D005,41,Female,1,2,3.9471,3.7562,0,3.7632
S0368,D001,41,Female,1,2,3.1353,3.1438,0,3.2625
S0370,D004,40,Female,1,2,3.7538,3.5824,0,3.5267
S0370,D004,40,Female,2,3,3.5824,3.5267,0,3.5727
S0370,D004,40,Female,2,4,3.5267,3.5727,0,4.0
S0370,D004,40,Female,3,5,3.5727,4.0,0,3.4238
S0371,D001,41,Female,1,2,2.3706,2.9438,4,2.5
S0371,D001,41,Female,2,3,2.9438,2.5,6,2.6235
S0372,D003,39,Male,1,2,3.9647,3.8389,0,3.96
S0372,D003,39,Male,2,3,3.8389,3.96,0,4.0
S0372,D003,39,Male,2,4,3.96,4.0,0,3.916
S0372,D003,39,Male,3,5,4.0,3.916,0,3.9478
S0372,D003,39,Male,3,6,3.916,3.9478,0,4.0
S0372,D003,39,Male,4,7,3.9478,4.0,0,3.72
S0373,D003,39,Male,1,2,3.9176,3.9278,0,3.92
S0373,D003,39,Male,2,3,3.9278,3.92,0,3.4588
S0373,D003,39,Male,2,4,3.92,3.4588,0,3.672
S0373,D003,39,Male,3,5,3.4588,3.672,0,3.7652
S0373,D003,39,Male,3,6,3.672,3.7652,0,3.9333
S0373,D003,39,Male,4,7,3.7652,3.9333,0,4.0
S0375,D002,40,Female,1,2,3.1588,2.725,0,3.5375
S0375,D002,40,Female,2,3,2.725,3.5375,0,3.4059
S0375,D002,40,Female,2,4,3.5375,3.4059,0,3.3083
S0375,D002,40,Female,3,5,3.4059,3.3083,0,2.7962
S0376,D002,41,Female,1,2,3.7941,4.0,0,3.875
S0377,D002,40,Male,1,2,3.7118,3.6812,0,3.75
S0377,D002,40,Male,2,3,3.6812,3.75,0,3.7529
S0377,D002,40,Male,2,4,3.75,3.7529,0,3.75
S0379,D002,40,Male,1,2,3.9176,3.75,0,3.625
S0379,D002,40,Male,2,3,3.75,3.625,0,3.6882
S0379,D002,40,Male,2,4,3.625,3.6882,0,3.6083
S0379,D002,40,Male,3,5,3.6882,3.6083,0,3.7885
S0382,D005,41,Female,1,2,3.1176,3.275,0,3.1789
S0382,D005,41,Female,2,3,3.275,3.1789,0,2.9875
S0383,D002,40,Male,1,2,1.9588,2.1062,5,2.075
S0383,D002,40,Male,2,3,2.1062,2.075,9,2.1412
S0383,D002,40,Male,2,4,2.075,2.1412,14,2.125
S0383,D002,40,Male,3,5,2.1412,2.125,20,2.2423
S0385,D003,40,Female,1,2,3.9647,4.0,0,4.0
S0385,D003,40,Female,2,3,4.0,4.0,0,4.0
S0385,D003,40,Female,2,4,4.0,4.0,0,4.0
S0385,D003,40,Female,3,5,4.0,4.0,0,3.913
S0386,D004,41,Male,1,2,3.1769,2.9353,0,3.06
S0387,D002,41,Female,1,2,3.9294,3.85,0,4.0
S0388,D001,41,Female,1,2,3.8765,3.7375,0,3.7875
S0389,D003,41,Female,1,2,3.1824,3.1944,0,3.0333
S0390,D002,40,Male,1,2,3.0882,3.4312,0,3.4125
S0390,D002,40,Male,2,3,3.4312,3.4125,0,3.2529
S0390,D002,40,Male,2,4,3.4125,3.2529,0,3.425
S0392,D001,40,Male,1,2,2.2235,3.075,3,2.7375
S0392,D001,40,Male,2,3,3.075,2.7375,5,2.3588
S0392,D001,40,Male,2,4,2.7375,2.3588,8,2.525
S0392,D001,40,Male,3,5,2.3588,2.525,11,2.352
S0393,D002,41,Female,1,2,3.8824,4.0,0,3.9125
S0394,D001,40,Male,1,2,1.9529,1.7062,1,2.05
S0394,D001,40,Male,2,3,1.7062,2.05,3,1.8941
S0394,D001,40,Male,2,4,2.05,1.8941,5,2.2167
S0394,D001,40,Male,3,5,1.8941,2.2167,9,1.756
S0395,D005,40,Female,1,2,3.8647,3.5812,0,3.9053
S0395,D005,40,Female,2,3,3.5812,3.9053,0,3.9625
S0395,D005,40,Female,2,4,3.9053,3.9625,0,4.0
S0395,D005,40,Female,3,5,3.9625,4.0,0,4.0
S0397,D004,39,Female,1,2,3.3462,3.5941,0,3.6133
S0397,D004,39,Female,2,3,3.5941,3.6133,0,2.7727
S0397,D004,39,Female,2,4,3.6133,2.7727,0,3.4368
S0397,D004,39,Female,3,5,2.7727,3.4368,0,3.5286
S0397,D004,39,Female,3,6,3.4368,3.5286,0,3.0
S0397,D004,39,Female,4,7,3.5286,3.0,0,2.7
S0398,D005,39,Male,1,2,3.8765,4.0,0,4.0
S0398,D005,39,Male,2,3,4.0,4.0,0,3.9625
S0398,D005,39,Male,2,4,4.0,3.9625,0,4.0
S0398,D005,39,Male,3,5,3.9625,4.0,0,4.0
S0398,D005,39,Male,3,6,4.0,4.0,0,3.975
S0399,D005,40,Male,1,2,3.2471,3.5063,0,3.0263
S0399,D005,40,Male,2,3,3.5063,3.0263,0,3.4625
S0399,D005,40,Male,2,4,3.0263,3.4625,0,3.0929
S0401,D002,40,Male,1,2,3.4471,3.5688,0,3.4125
S0401,D002,40,Male,2,3,3.5688,3.4125,0,3.6765
S0401,D002,40,Male,2,4,3.4125,3.6765,0,3.7
S0404,D003,39,Male,1,2,2.5824,2.4556,0,3.02
S0404,D003,39,Male,2,3,2.4556,3.02,0,2.8882
S0404,D003,39,Male,2,4,3.02,2.8882,0,1.94
S0404,D003,39,Male,3,5,2.8882,1.94,2,2.5435
S0404,D003,39,Male,3,6,1.94,2.5435,4,2.3238
S0405,D005,41,Male,1,2,2.2294,1.7562,1,2.5947
S0406,D002,39,Male,1,2,2.7,2.9438,2,3.1375
S0406,D002,39,Male,2,3,2.9438,3.1375,3,2.6235
S0406,D002,39,Male,2,4,3.1375,2.6235,4,2.75
S0406,D002,39,Male,3,5,2.6235,2.75,5,2.6577
S0406,D002,39,Male,3,6,2.75,2.6577,6,3.2
S0406,D002,39,Male,4,7,2.6577,3.2,7,2.7
S0407,D002,39,Male,1,2,3.4882,3.8125,0,3.7875
S0407,D002,39,Male,2,3,3.8125,3.7875,0,3.7765
S0407,D002,39,Male,2,4,3.7875,3.7765,0,3.7167
S0407,D002,39,Male,3,5,3.7765,3.7167,0,3.9538
S0407,D002,39,Male,3,6,3.7167,3.9538,0,3.4333
S0408,D001,40,Male,1,2,2.1706,2.3062,0,2.5
S0408,D001,40,Male,2,3,2.3062,2.5,0,2.5882
S0408,D001,40,Male,2,4,2.5,2.5882,0,2.1417
S0408,D001,40,Male,3,5,2.5882,2.1417,1,1.98
S0410,D001,41,Male,1,2,3.3765,3.0875,0,3.5
S0410,D001,41,Male,2,3,3.0875,3.5,0,2.7529
S0411,D003,41,Male,1,2,3.7941,4.0,0,3.6933
S0411,D003,41,Male,2,3,4.0,3.6933,0,3.6353
S0412,D002,40,Male,1,2,3.9294,3.8562,0,3.675
S0412,D002,40,Male,2,3,3.8562,3.675,0,3.7941
S0412,D002,40,Male,2,4,3.675,3.7941,0,3.8333
S0413,D003,40,Male,1,2,4.0,3.95,0,3.92
S0413,D003,40,Male,2,3,3.95,3.92,0,4.0
S0413,D003,40,Male,2,4,3.92,4.0,0,3.784
S0414,D002,41,Male,1,2,3.7647,3.5438,0,3.5
S0415,D001,41,Female,1,2,4.0,4.0,0,4.0
S0416,D003,41,Female,1,2,3.7471,3.8111,0,3.7333
S0417,D002,40,Female,1,2,3.5882,3.7438,0,3.8875
S0417,D002,40,Female,2,3,3.7438,3.8875,0,3.8
S0417,D002,40,Female,2,4,3.8875,3.8,0,3.8083
S0419,D001,41,Male,1,2,3.2412,3.475,0,3.125
S0421,D004,40,Male,1,2,3.1462,3.0706,0,3.1067
S0421,D004,40,Male,2,3,3.0706,3.1067,0,3.5818
S0421,D004,40,Male,2,4,3.1067,3.5818,0,3.6263
S0422,D003,41,Male,1,2,3.7235,3.5,0,3.3067
S0422,D003,41,Male,2,3,3.5,3.3067,0,3.7882
S0423,D001,39,Female,1,2,3.2765,3.6688,0,3.375
S0423,D001,39,Female,2,3,3.6688,3.375,0,3.7294
S0423,D001,39,Female,2,4,3.375,3.7294,0,3.7833
S0423,D001,39,Female,3,5,3.7294,3.7833,0,3.6
S0423,D001,39,Female,3,6,3.7833,3.6,0,3.5
S0424,D003,39,Female,1,2,4.0,3.9222,0,4.0
S0424,D003,39,Female,2,3,3.9222,4.0,0,3.9471
S0424,D003,39,Female,2,4,4.0,3.9471,0,4.0
S0424,D003,39,Female,3,5,3.9471,4.0,0,3.9391
S0424,D003,39,Female,3,6,4.0,3.9391,0,4.0
S0429,D002,41,Male,1,2,3.1353,2.9625,0,2.925
S0429,D002,41,Male,2,3,2.9625,2.925,0,3.1941
S0430,D003,39,Male,1,2,3.4412,2.6056,0,3.0133
S0430,D003,39,Male,2,3,2.6056,3.0133,0,3.1824
S0430,D003,39,Male,2,4,3.0133,3.1824,0,3.232
S0430,D003,39,Male,3,5,3.1824,3.232,0,2.9609
S0430,D003,39,Male,3,6,3.232,2.9609,0,3.0905
S0430,D003,39,Male,4,7,2.9609,3.0905,0,2.52
S0431,D003,41,Male,1,2,3.5471,3.3111,0,3.6733
S0431,D003,41,Male,2,3,3.3111,3.6733,0,3.6941
S0434,D005,41,Female,1,2,2.2118,2.4375,1,2.5263
S0435,D001,40,Male,1,2,2.8,2.525,0,2.2125
S0435,D001,40,Male,2,3,2.525,2.2125,0,2.6353
S0435,D001,40,Male,2,4,2.2125,2.6353,0,2.7417
S0436,D001,41,Male,1,2,3.6765,3.5438,0,3.3875
S0437,D003,40,Female,1,2,3.8176,3.5722,0,3.88
S0437,D003,40,Female,2,3,3.5722,3.88,0,3.7294
S0437,D003,40,Female,2,4,3.88,3.7294,0,3.592
S0439,D003,39,Male,1,2,3.9647,3.8833,0,3.96
S0439,D003,39,Male,2,3,3.8833,3.96,0,3.5059
S0439,D003,39,Male,2,4,3.96,3.5059,0,4.0
S0439,D003,39,Male,3,5,3.5059,4.0,0,3.8783
S0439,D003,39,Male,3,6,4.0,3.8783,0,3.9571
S0439,D003,39,Male,4,7,3.8783,3.9571,0,4.0
S0441,D001,41,Male,1,2,3.2471,3.4125,0,3.2125
S0445,D004,40,Female,1,2,3.9231,3.3412,0,3.94
S0445,D004,40,Female,2,3,3.3412,3.94,0,3.6818
S0445,D004,40,Female,2,4,3.94,3.6818,0,3.9684
S0446,D003,39,Female,1,2,3.8765,3.8556,0,3.96
S0446,D003,39,Female,2,3,3.8556,3.96,0,3.8824
S0446,D003,39,Female,2,4,3.96,3.8824,0,3.736
S0446,D003,39,Female,3,5,3.8824,3.736,0,3.9478
S0446,D003,39,Female,3,6,3.736,3.9478,0,3.9333
S0446,D003,39,Female,4,7,3.9478,3.9333,0,4.0
S0447,D005,39,Female,1,2,3.5412,3.8375,0,3.6895
S0447,D005,39,Female,2,3,3.8375,3.6895,0,3.8688
S0447,D005,39,Female,2,4,3.6895,3.8688,0,3.8571
S0447,D005,39,Female,3,5,3.8688,3.8571,0,4.0
S0447,D005,39,Female,3,6,3.8571,4.0,0,3.6958
S0447,D005,39,Female,4,7,4.0,3.6958,0,3.86
S0449,D005,41,Male,1,2,3.9118,3.8688,0,3.9211
S0449,D005,41,Male,2,3,3.8688,3.9211,0,3.925
S0450,D005,41,Male,1,2,3.9471,3.9062,0,3.8421
S0451,D002,39,Male,1,2,3.2294,2.9312,0,3.3125
S0451,D002,39,Male,2,3,2.9312,3.3125,0,2.8765
S0451,D002,39,Male,2,4,3.3125,2.8765,0,3.3083
S0451,D002,39,Male,3,5,2.8765,3.3083,0,3.2462
S0451,D002,39,Male,3,6,3.3083,3.2462,0,3.1444
S0452,D002,40,Male,1,2,2.8118,1.875,2,2.625
S0452,D002,40,Male,2,3,1.875,2.625,4,2.1294
S0452,D002,40,Male,2,4,2.625,2.1294,7,2.5833
S0452,D002,40,Male,3,5,2.1294,2.5833,11,2.5462
S0454,D002,41,Female,1,2,3.2059,3.6312,0,3.7875
S0457,D001,40,Female,1,2,3.6941,3.3688,0,3.7625
S0457,D001,40,Female,2,3,3.3688,3.7625,0,3.1882
S0457,D001,40,Female,2,4,3.7625,3.1882,0,3.7833
S0458,D005,41,Female,1,2,3.9176,3.6812,0,3.9526
S0460,D004,41,Male,1,2,3.7769,3.5059,0,3.2933
S0460,D004,41,Male,2,3,3.5059,3.2933,0,3.6273
S0461,D001,40,Male,1,2,3.8294,3.6,0,3.75
S0461,D001,40,Male,2,3,3.6,3.75,0,3.5471
S0461,D001,40,Male,2,4,3.75,3.5471,0,3.7583
S0461,D001,40,Male,3,5,3.5471,3.7583,0,3.868
S0464,D001,40,Male,1,2,2.9824,2.7875,0,2.7625
S0464,D001,40,Male,2,3,2.7875,2.7625,0,3.3059
S0464,D001,40,Male,2,4,2.7625,3.3059,0,2.8333
S0474,D002,41,Female,1,2,3.5706,3.4625,0,3.375
S0478,D001,40,Female,1,2,3.9412,4.0,0,4.0
S0478,D001,40,Female,2,3,4.0,4.0,0,4.0
S0478,D001,40,Female,2,4,4.0,4.0,0,3.975
S0478,D001,40,Female,3,5,4.0,3.975,0,4.0
S0480,D002,41,Male,1,2,3.6941,3.5188,0,3.575
S0481,D003,40,Male,1,2,1.8882,2.2333,2,2.0867
S0481,D003,40,Male,2,3,2.2333,2.0867,4,2.5588
S0481,D003,40,Male,2,4,2.0867,2.5588,6,2.216
S0481,D003,40,Male,3,5,2.5588,2.216,10,2.4913
S0482,D001,40,Male,1,2,3.2824,3.425,0,3.375
S0482,D001,40,Male,2,3,3.425,3.375,0,4.0
S0482,D001,40,Male,2,4,3.375,4.0,0,3.4417
S0482,D001,40,Male,3,5,4.0,3.4417,0,3.396
S0483,D001,41,Male,1,2,3.6765,3.75,0,3.5125
S0483,D001,41,Male,2,3,3.75,3.5125,0,3.2176
S0484,D004,41,Male,1,2,3.4231,3.9294,0,3.7467
S0484,D004,41,Male,2,3,3.9294,3.7467,0,3.8727
S0488,D003,39,Male,1,2,3.2765,3.4278,0,2.62
S0488,D003,39,Male,2,3,3.4278,2.62,0,3.4941
S0488,D003,39,Male,2,4,2.62,3.4941,0,3.16
S0488,D003,39,Male,3,5,3.4941,3.16,0,3.0174
S0488,D003,39,Male,3,6,3.16,3.0174,1,3.5238
S0488,D003,39,Male,4,7,3.0174,3.5238,2,3.3
S0489,D002,40,Female,1,2,3.7059,3.6938,0,3.4625
S0489,D002,40,Female,2,3,3.6938,3.4625,0,3.8059
S0489,D002,40,Female,2,4,3.4625,3.8059,0,3.75
S0489,D002,40,Female,3,5,3.8059,3.75,0,3.8462
S0490,D002,39,Male,1,2,3.5588,3.1562,0,3.5375
S0490,D002,39,Male,2,3,3.1562,3.5375,0,3.5294
S0490,D002,39,Male,2,4,3.5375,3.5294,0,3.5083
S0490,D002,39,Male,3,5,3.5294,3.5083,0,3.8231
S0490,D002,39,Male,3,6,3.5083,3.8231,0,3.7444
S0491,D001,41,Female,1,2,3.5941,3.9625,0,3.625
S0491,D001,41,Female,2,3,3.9625,3.625,0,3.9471
S0493,D005,41,Male,1,2,3.5647,3.5188,0,3.1158
S0494,D001,39,Male,1,2,3.2765,2.9688,0,3.075
S0494,D001,39,Male,2,3,2.9688,3.075,0,2.2941
S0494,D001,39,Male,2,4,3.075,2.2941,1,2.975
S0494,D001,39,Male,3,5,2.2941,2.975,2,3.22
S0494,D001,39,Male,3,6,2.975,3.22,3,2.9625
S0495,D002,40,Male,1,2,3.3471,2.5938,0,2.775
S0495,D002,40,Male,2,3,2.5938,2.775,0,2.8647
S0495,D002,40,Male,2,4,2.775,2.8647,0,2.6417
S0495,D002,40,Male,3,5,2.8647,2.6417,0,2.8115
S0496,D001,40,Female,1,2,2.9529,3.1688,0,3.2875
S0496,D001,40,Female,2,3,3.1688,3.2875,0,3.7588
S0496,D001,40,Female,2,4,3.2875,3.7588,0,3.1167
S0496,D001,40,Female,3,5,3.7588,3.1167,0,3.476
S0498,D005,41,Male,1,2,4.0,4.0,0,4.0
S0498,D005,41,Male,2,3,4.0,4.0,0,3.9625
S0499,D001,41,Male,1,2,4.0,3.7875,0,3.7125
S0500,D003,40,Male,1,2,3.1118,3.1833,0,3.0133
S0500,D003,40,Male,2,3,3.1833,3.0133,0,3.2353
S0500,D003,40,Male,2,4,3.0133,3.2353,0,3.164
S0500,D003,40,Male,3,5,3.2353,3.164,0,3.3565
S0502,D001,40,Male,1,2,4.0,3.9375,0,3.825
S0502,D001,40,Male,2,3,3.9375,3.825,0,3.9471
S0502,D001,40,Male,2,4,3.825,3.9471,0,3.95
S0502,D001,40,Male,3,5,3.9471,3.95,0,4.0
S0505,D005,41,Female,1,2,3.9176,3.5375,0,3.8579
S0506,D004,40,Female,1,2,3.4692,3.7882,0,3.4667
S0506,D004,40,Female,2,3,3.7882,3.4667,0,3.5182
S0506,D004,40,Female,2,4,3.4667,3.5182,0,3.3895
S0508,D001,39,Male,1,2,2.8176,3.1625,0,3.05
S0508,D001,39,Male,2,3,3.1625,3.05,0,2.9471
S0508,D001,39,Male,2,4,3.05,2.9471,0,3.0667
S0508,D001,39,Male,3,5,2.9471,3.0667,0,2.94
S0508,D001,39,Male,3,6,3.0667,2.94,0,2.375
S0508,D001,39,Male,4,7,2.94,2.375,0,2.1
S0510,D003,39,Male,1,2,2.5647,3.1278,2,2.9333
S0510,D003,39,Male,2,3,3.1278,2.9333,3,2.7235
S0510,D003,39,Male,2,4,2.9333,2.7235,4,3.044
S0510,D003,39,Male,3,5,2.7235,3.044,6,3.2957
S0510,D003,39,Male,3,6,3.044,3.2957,8,2.8095
S0510,D003,39,Male,4,7,3.2957,2.8095,10,2.54
S0511,D002,41,Male,1,2,3.8824,3.0562,0,3.3875
S0513,D004,41,Female,1,2,3.4538,3.7176,0,3.44
S0513,D004,41,Female,2,3,3.7176,3.44,0,3.5818
S0514,D005,39,Male,1,2,3.6588,3.7562,0,3.7316
S0514,D005,39,Male,2,3,3.7562,3.7316,0,3.6625
S0514,D005,39,Male,2,4,3.7316,3.6625,0,3.6786
S0514,D005,39,Male,3,5,3.6625,3.6786,0,4.0
S0514,D005,39,Male,3,6,3.6786,4.0,0,3.875
S0514,D005,39,Male,4,7,4.0,3.875,0,3.8267
S0515,D003,41,Male,1,2,3.4588,3.5222,0,2.8533
S0515,D003,41,Male,2,3,3.5222,2.8533,0,3.7588
S0516,D001,40,Female,1,2,2.9647,2.4188,0,2.775
S0516,D001,40,Female,2,3,2.4188,2.775,0,2.7765
S0516,D001,40,Female,2,4,2.775,2.7765,0,2.9917
S0517,D001,39,Female,1,2,3.2235,3.0062,0,3.325
S0517,D001,39,Female,2,3,3.0062,3.325,0,3.6059
S0517,D001,39,Female,2,4,3.325,3.6059,0,2.7417
S0517,D001,39,Female,3,5,3.6059,2.7417,0,3.024
S0517,D001,39,Female,3,6,2.7417,3.024,0,2.45
S0518,D004,40,Male,1,2,3.3308,3.5,0,3.2933
S0518,D004,40,Male,2,3,3.5,3.2933,0,3.1
S0518,D004,40,Male,2,4,3.2933,3.1,0,3.3842
S0518,D004,40,Male,3,5,3.1,3.3842,0,2.7381
S0519,D004,41,Male,1,2,4.0,3.8824,0,4.0
S0519,D004,41,Male,2,3,3.8824,4.0,0,3.9455
S0521,D005,40,Male,1,2,3.7706,3.625,0,3.8158
S0521,D005,40,Male,2,3,3.625,3.8158,0,3.925
S0521,D005,40,Male,2,4,3.8158,3.925,0,3.8357
S0521,D005,40,Male,3,5,3.925,3.8357,0,3.0
S0523,D004,40,Female,1,2,3.1154,3.0882,0,2.9667
S0523,D004,40,Female,2,3,3.0882,2.9667,0,3.2909
S0523,D004,40,Female,2,4,2.9667,3.2909,0,3.5474
S0524,D005,41,Female,1,2,4.0,4.0,0,4.0
S0526,D002,40,Male,1,2,3.8765,3.7125,0,3.8
S0526,D002,40,Male,2,3,3.7125,3.8,0,3.6588
S0526,D002,40,Male,2,4,3.8,3.6588,0,3.4417
S0527,D002,39,Male,1,2,3.5941,3.7125,0,3.25
S0527,D002,39,Male,2,3,3.7125,3.25,0,3.3059
S0527,D002,39,Male,2,4,3.25,3.3059,0,3.5333
S0527,D002,39,Male,3,5,3.3059,3.5333,0,2.7962
S0527,D002,39,Male,3,6,3.5333,2.7962,0,3.4
S0527,D002,39,Male,4,7,2.7962,3.4,0,2.4
S0528,D005,39,Male,1,2,3.1412,3.4562,0,3.8421
S0528,D005,39,Male,2,3,3.4562,3.8421,0,3.6938
S0528,D005,39,Male,2,4,3.8421,3.6938,0,3.4643
S0528,D005,39,Male,3,5,3.6938,3.4643,0,4.0
S0528,D005,39,Male,3,6,3.4643,4.0,0,3.8292
S0529,D002,40,Male,1,2,3.0765,3.0563,0,3.3
S0529,D002,40,Male,2,3,3.0563,3.3,0,3.8294
S0529,D002,40,Male,2,4,3.3,3.8294,0,3.5
S0529,D002,40,Male,3,5,3.8294,3.5,0,3.4
S0530,D002,40,Female,1,2,3.8824,3.9562,0,3.9125
S0530,D002,40,Female,2,3,3.9562,3.9125,0,3.8059
S0530,D002,40,Female,2,4,3.9125,3.8059,0,3.95
S0530,D002,40,Female,3,5,3.8059,3.95,0,3.75
S0532,D005,39,Female,1,2,3.6176,4.0,0,3.5632
S0532,D005,39,Female,2,3,4.0,3.5632,0,4.0
S0532,D005,39,Female,2,4,3.5632,4.0,0,3.9571
S0532,D005,39,Female,3,5,4.0,3.9571,0,4.0
S0532,D005,39,Female,3,6,3.9571,4.0,0,3.9125
S0532,D005,39,Female,4,7,4.0,3.9125,0,3.7867
S0533,D001,39,Male,1,2,3.8412,3.475,0,3.7
S0533,D001,39,Male,2,3,3.475,3.7,0,3.5647
S0533,D001,39,Male,2,4,3.7,3.5647,0,3.5167
S0533,D001,39,Male,3,5,3.5647,3.5167,0,3.624
S0533,D001,39,Male,3,6,3.5167,3.624,0,3.925
S0533,D001,39,Male,4,7,3.624,3.925,0,3.7
S0534,D003,41,Female,1,2,3.9176,3.8889,0,3.8667
S0535,D002,39,Male,1,2,3.5588,3.3312,0,3.4625
S0535,D002,39,Male,2,3,3.3312,3.4625,0,3.2471
S0535,D002,39,Male,2,4,3.4625,3.2471,0,3.25
S0535,D002,39,Male,3,5,3.2471,3.25,0,3.5923
S0535,D002,39,Male,3,6,3.25,3.5923,0,3.1444
S0539,D001,40,Female,1,2,3.9647,4.0,0,3.625
S0539,D001,40,Female,2,3,4.0,3.625,0,3.6824
S0539,D001,40,Female,2,4,3.625,3.6824,0,3.9167
S0540,D003,40,Male,1,2,2.7176,3.0389,0,2.9133
S0540,D003,40,Male,2,3,3.0389,2.9133,0,3.3
S0540,D003,40,Male,2,4,2.9133,3.3,0,3.196
S0540,D003,40,Male,3,5,3.3,3.196,0,3.087
S0542,D003,40,Female,1,2,4.0,3.9833,0,3.9067
S0542,D003,40,Female,2,3,3.9833,3.9067,0,4.0
S0542,D003,40,Female,2,4,3.9067,4.0,0,3.976
S0545,D004,39,Male,1,2,3.8846,3.8235,0,3.86
S0545,D004,39,Male,2,3,3.8235,3.86,0,3.5818
S0545,D004,39,Male,2,4,3.86,3.5818,0,3.7474
S0545,D004,39,Male,3,5,3.5818,3.7474,0,3.9333
S0545,D004,39,Male,3,6,3.7474,3.9333,0,3.4846
S0546,D002,41,Male,1,2,2.3824,2.6625,0,2.7875
S0548,D004,41,Male,1,2,2.9615,2.8765,0,3.2333
S0548,D004,41,Male,2,3,2.8765,3.2333,0,3.0091
S0549,D005,40,Male,1,2,4.0,4.0,0,3.9263
S0549,D005,40,Male,2,3,4.0,3.9263,0,4.0
S0549,D005,40,Male,2,4,3.9263,4.0,0,4.0
S0550,D001,40,Male,1,2,3.4235,3.3875,0,3.725
S0550,D001,40,Male,2,3,3.3875,3.725,0,3.7412
S0550,D001,40,Male,2,4,3.725,3.7412,0,3.45
S0551,D001,40,Female,1,2,4.0,3.925,0,3.9625
S0551,D001,40,Female,2,3,3.925,3.9625,0,3.8941
S0551,D001,40,Female,2,4,3.9625,3.8941,0,3.95
S0551,D001,40,Female,3,5,3.8941,3.95,0,3.896
S0552,D005,40,Male,1,2,4.0,3.9438,0,3.9526
S0552,D005,40,Male,2,3,3.9438,3.9526,0,3.875
S0552,D005,40,Male,2,4,3.9526,3.875,0,4.0
S0553,D002,41,Male,1,2,3.9294,3.8312,0,3.6
S0555,D004,40,Female,1,2,3.9538,3.8647,0,3.94
S0555,D004,40,Female,2,3,3.8647,3.94,0,3.8182
S0555,D004,40,Female,2,4,3.94,3.8182,0,4.0
S0556,D002,41,Male,1,2,2.1176,2.375,2,1.95
S0557,D003,39,Male,1,2,2.8294,2.6667,2,2.4733
S0557,D003,39,Male,2,3,2.6667,2.4733,3,2.8706
S0557,D003,39,Male,2,4,2.4733,2.8706,4,2.852
S0557,D003,39,Male,3,5,2.8706,2.852,5,2.7522
S0557,D003,39,Male,3,6,2.852,2.7522,6,2.5619
S0558,D003,41,Male,1,2,3.6529,3.6167,0,3.7867
S0559,D001,40,Male,1,2,4.0,3.8312,0,3.7875
S0559,D001,40,Male,2,3,3.8312,3.7875,0,4.0
S0559,D001,40,Male,2,4,3.7875,4.0,0,3.975
S0560,D001,41,Female,1,2,3.2588,2.9312,0,2.95
S0562,D002,41,Female,1,2,3.4882,3.9375,0,3.875
S0562,D002,41,Female,2,3,3.9375,3.875,0,3.7412
S0564,D003,40,Male,1,2,2.8647,3.3,2,2.4
S0564,D003,40,Male,2,3,3.3,2.4,4,3.4176
S0564,D003,40,Male,2,4,2.4,3.4176,6,3.132
S0566,D005,41,Male,1,2,3.5176,3.2,0,3.0684
S0567,D002,40,Male,1,2,3.7765,3.9438,0,3.9125
S0567,D002,40,Male,2,3,3.9438,3.9125,0,3.8471
S0567,D002,40,Male,2,4,3.9125,3.8471,0,3.95
S0568,D005,40,Female,1,2,3.1765,2.6,0,2.9526
S0568,D005,40,Female,2,3,2.6,2.9526,0,3.0563
S0568,D005,40,Female,2,4,2.9526,3.0563,0,2.4714
S0568,D005,40,Female,3,5,3.0563,2.4714,0,3.0
S0573,D005,40,Male,1,2,3.7941,3.5188,0,3.7684
S0573,D005,40,Male,2,3,3.5188,3.7684,0,3.925
S0573,D005,40,Male,2,4,3.7684,3.925,0,3.5714
S0573,D005,40,Male,3,5,3.925,3.5714,0,3.0
S0574,D002,40,Male,1,2,3.8941,3.7875,0,3.875
S0574,D002,40,Male,2,3,3.7875,3.875,0,4.0
S0574,D002,40,Male,2,4,3.875,4.0,0,3.975
S0574,D002,40,Male,3,5,4.0,3.975,0,3.9308
S0575,D005,40,Female,1,2,3.6471,3.5312,0,3.8421
S0575,D005,40,Female,2,3,3.5312,3.8421,0,3.2438
S0575,D005,40,Female,2,4,3.8421,3.2438,0,3.4286
S0575,D005,40,Female,3,5,3.2438,3.4286,0,4.0
S0576,D003,40,Male,1,2,3.3353,3.3944,0,3.6
S0576,D003,40,Male,2,3,3.3944,3.6,0,3.5
S0576,D003,40,Male,2,4,3.6,3.5,0,3.124
S0577,D003,40,Male,1,2,3.3765,3.9611,0,3.42
S0577,D003,40,Male,2,3,3.9611,3.42,0,3.7765
S0577,D003,40,Male,2,4,3.42,3.7765,0,3.536
S0578,D005,41,Female,1,2,3.3824,3.4688,0,3.4368
S0579,D005,39,Female,1,2,3.4412,3.2938,0,3.4526
S0579,D005,39,Female,2,3,3.2938,3.4526,0,3.4688
S0579,D005,39,Female,2,4,3.4526,3.4688,0,3.3643
S0579,D005,39,Female,3,5,3.4688,3.3643,0,3.7
S0579,D005,39,Female,3,6,3.3643,3.7,0,3.5458
S0579,D005,39,Female,4,7,3.7,3.5458,0,3.2133
S0580,D003,41,Male,1,2,3.8471,3.95,0,3.8267
S0582,D005,41,Female,1,2,3.8412,3.9125,0,3.9684
S0583,D004,41,Male,1,2,4.0,3.9647,0,3.96
S0583,D004,41,Male,2,3,3.9647,3.96,0,4.0
S0585,D002,41,Male,1,2,2.4529,2.1312,2,2.3875
S0585,D002,41,Male,2,3,2.1312,2.3875,3,2.3941
S0587,D001,39,Female,1,2,3.3824,3.0562,0,2.9625
S0587,D001,39,Female,2,3,3.0562,2.9625,0,2.9059
S0587,D001,39,Female,2,4,2.9625,2.9059,0,2.9917
S0587,D001,39,Female,3,5,2.9059,2.9917,0,2.016
S0587,D001,39,Female,3,6,2.9917,2.016,2,2.8375
S0588,D005,41,Male,1,2,3.3294,3.5875,0,3.4526
S0588,D005,41,Male,2,3,3.5875,3.4526,0,3.3562
S0589,D004,40,Male,1,2,3.4077,3.5647,0,3.96
S0589,D004,40,Male,2,3,3.5647,3.96,0,4.0
S0589,D004,40,Male,2,4,3.96,4.0,0,3.7158
S0589,D004,40,Male,3,5,4.0,3.7158,0,3.7381
S0590,D004,41,Female,1,2,3.6231,3.6412,0,3.3867
S0591,D001,40,Male,1,2,2.6412,3.25,0,3.125
S0591,D001,40,Male,2,3,3.25,3.125,0,2.3529
S0591,D001,40,Male,2,4,3.125,2.3529,0,3.3083
S0591,D001,40,Male,3,5,2.3529,3.3083,0,3.004
S0594,D005,40,Female,1,2,2.5118,2.7875,0,2.0316
S0594,D005,40,Female,2,3,2.7875,2.0316,1,2.3125
S0594,D005,40,Female,2,4,2.0316,2.3125,2,2.5643
S0596,D004,39,Male,1,2,3.7538,3.9294,0,3.5933
S0596,D004,39,Male,2,3,3.9294,3.5933,0,3.3818
S0596,D004,39,Male,2,4,3.5933,3.3818,0,3.5684
S0596,D004,39,Male,3,5,3.3818,3.5684,0,3.3667
S0596,D004,39,Male,3,6,3.5684,3.3667,0,3.7154
S0596,D004,39,Male,4,7,3.3667,3.7154,0,3.3
S0598,D002,40,Male,1,2,3.9471,4.0,0,4.0
S0598,D002,40,Male,2,3,4.0,4.0,0,3.9471
S0598,D002,40,Male,2,4,4.0,3.9471,0,4.0
S0599,D001,39,Female,1,2,1.4765,2.2625,4,2.425
S0599,D001,39,Female,2,3,2.2625,2.425,7,2.1765
S0599,D001,39,Female,2,4,2.425,2.1765,11,1.8667
S0599,D001,39,Female,3,5,2.1765,1.8667,18,2.452
S0599,D001,39,Female,3,6,1.8667,2.452,26,2.05
S0599,D001,39,Female,4,7,2.452,2.05,35,1.72
S0600,D005,40,Male,1,2,3.8941,3.6438,0,3.8632
S0600,D005,40,Male,2,3,3.6438,3.8632,0,3.8375
S0600,D005,40,Male,2,4,3.8632,3.8375,0,3.7714
S0600,D005,40,Male,3,5,3.8375,3.7714,0,4.0
S0601,D001,40,Male,1,2,3.8471,3.8688,0,3.5
S0601,D001,40,Male,2,3,3.8688,3.5,0,3.7059
S0601,D001,40,Male,2,4,3.5,3.7059,0,3.5333
S0605,D004,39,Female,1,2,3.6615,3.7294,0,3.76
S0605,D004,39,Female,2,3,3.7294,3.76,0,3.5
S0605,D004,39,Female,2,4,3.76,3.5,0,4.0
S0605,D004,39,Female,3,5,3.5,4.0,0,3.8286
S0605,D004,39,Female,3,6,4.0,3.8286,0,3.6462
S0608,D004,41,Female,1,2,3.5538,2.9118,0,3.08
S0610,D002,39,Female,1,2,4.0,4.0,0,4.0
S0610,D002,39,Female,2,3,4.0,4.0,0,4.0
S0610,D002,39,Female,2,4,4.0,4.0,0,4.0
S0610,D002,39,Female,3,5,4.0,4.0,0,4.0
S0610,D002,39,Female,3,6,4.0,4.0,0,3.8889
S0610,D002,39,Female,4,7,4.0,3.8889,0,3.82
S0611,D001,39,Female,1,2,3.8824,3.5875,0,3.925
S0611,D001,39,Female,2,3,3.5875,3.925,0,3.7765
S0611,D001,39,Female,2,4,3.925,3.7765,0,3.7833
S0611,D001,39,Female,3,5,3.7765,3.7833,0,3.612
S0611,D001,39,Female,3,6,3.7833,3.612,0,3.8
S0612,D002,40,Male,1,2,2.8176,2.7812,0,3.2375
S0612,D002,40,Male,2,3,2.7812,3.2375,0,3.2059
S0612,D002,40,Male,2,4,3.2375,3.2059,0,3.275
S0615,D003,40,Female,1,2,3.2353,2.8333,0,2.8533
S0615,D003,40,Female,2,3,2.8333,2.8533,0,2.8235
S0615,D003,40,Female,2,4,2.8533,2.8235,0,3.124
S0616,D005,41,Female,1,2,3.7941,3.6125,0,3.8579
S0616,D005,41,Female,2,3,3.6125,3.8579,0,3.925
S0617,D001,39,Male,1,2,2.1294,2.1875,5,2.4125
S0617,D001,39,Male,2,3,2.1875,2.4125,8,2.3941
S0617,D001,39,Male,2,4,2.4125,2.3941,11,1.725
S0617,D001,39,Male,3,5,2.3941,1.725,18,2.208
S0617,D001,39,Male,3,6,1.725,2.208,26,2.3625
S0617,D001,39,Male,4,7,2.208,2.3625,34,1.9
S0618,D004,41,Male,1,2,4.0,3.8471,0,3.8
S0619,D003,40,Male,1,2,3.9294,3.8889,0,3.8667
S0619,D003,40,Male,2,3,3.8889,3.8667,0,3.3353
S0619,D003,40,Male,2,4,3.8667,3.3353,0,3.668
S0620,D005,39,Male,1,2,3.5,3.725,0,2.9105
S0620,D005,39,Male,2,3,3.725,2.9105,0,3.325
S0620,D005,39,Male,2,4,2.9105,3.325,0,3.5929
S0620,D005,39,Male,3,5,3.325,3.5929,0,4.0
S0620,D005,39,Male,3,6,3.5929,4.0,0,3.2042
S0622,D002,41,Female,1,2,3.5471,3.4688,0,3.6625
S0622,D002,41,Female,2,3,3.4688,3.6625,0,3.4529
S0623,D004,40,Female,1,2,3.5923,2.9,0,3.5067
S0623,D004,40,Female,2,3,2.9,3.5067,0,3.3545
S0623,D004,40,Female,2,4,3.5067,3.3545,0,3.1421
S0623,D004,40,Female,3,5,3.3545,3.1421,0,3.3762
S0624,D003,41,Male,1,2,3.3235,3.1111,0,3.46
S0624,D003,41,Male,2,3,3.1111,3.46,0,2.8824
S0627,D005,39,Female,1,2,3.4059,3.1812,0,3.5579
S0627,D005,39,Female,2,3,3.1812,3.5579,0,3.2938
S0627,D005,39,Female,2,4,3.5579,3.2938,0,3.6714
S0627,D005,39,Female,3,5,3.2938,3.6714,0,4.0
S0627,D005,39,Female,3,6,3.6714,4.0,0,2.9917
S0630,D002,39,Male,1,2,4.0,3.9125,0,3.9625
S0630,D002,39,Male,2,3,3.9125,3.9625,0,4.0
S0630,D002,39,Male,2,4,3.9625,4.0,0,4.0
S0630,D002,39,Male,3,5,4.0,4.0,0,4.0
S0630,D002,39,Male,3,6,4.0,4.0,0,4.0
S0633,D002,41,Male,1,2,3.3882,3.55,0,3.375
S0634,D001,41,Female,1,2,3.6765,3.7,0,3.2
S0634,D001,41,Female,2,3,3.7,3.2,0,3.1941
S0635,D001,40,Female,1,2,4.0,4.0,0,4.0
S0635,D001,40,Female,2,3,4.0,4.0,0,3.9471
S0635,D001,40,Female,2,4,4.0,3.9471,0,3.975
S0636,D005,40,Male,1,2,3.5118,3.6062,0,3.5368
S0636,D005,40,Male,2,3,3.6062,3.5368,0,3.675
S0636,D005,40,Male,2,4,3.5368,3.675,0,3.6071
S0637,D003,41,Male,1,2,3.9176,3.9,0,3.8267
S0639,D001,41,Female,1,2,3.0118,3.45,0,2.825
S0640,D005,41,Male,1,2,2.2706,2.225,0,2.5421
S0640,D005,41,Male,2,3,2.225,2.5421,0,2.525
S0642,D002,41,Male,1,2,3.1,3.1688,0,3.225
S0642,D002,41,Male,2,3,3.1688,3.225,0,3.4294
S0644,D003,40,Male,1,2,3.9294,3.65,0,3.96
S0644,D003,40,Male,2,3,3.65,3.96,0,3.8765
S0644,D003,40,Male,2,4,3.96,3.8765,0,3.908
S0645,D005,40,Male,1,2,3.4059,3.425,0,3.4211
S0645,D005,40,Male,2,3,3.425,3.4211,0,3.3125
S0645,D005,40,Male,2,4,3.4211,3.3125,1,2.6571
S0645,D005,40,Male,3,5,3.3125,2.6571,2,2.7
S0646,D002,40,Male,1,2,3.3824,3.4812,0,3.75
S0646,D002,40,Male,2,3,3.4812,3.75,0,3.5059
S0646,D002,40,Male,2,4,3.75,3.5059,0,3.6083
S0646,D002,40,Male,3,5,3.5059,3.6083,0,3.6192
S0648,D002,40,Female,1,2,3.1412,3.2562,0,3.2375
S0648,D002,40,Female,2,3,3.2562,3.2375,0,3.5353
S0648,D002,40,Female,2,4,3.2375,3.5353,0,3.3083
S0648,D002,40,Female,3,5,3.5353,3.3083,0,3.4654
S0649,D002,40,Male,1,2,3.9176,4.0,0,3.8375
S0649,D002,40,Male,2,3,4.0,3.8375,0,3.8824
S0649,D002,40,Male,2,4,3.8375,3.8824,0,3.7333
S0649,D002,40,Male,3,5,3.8824,3.7333,0,3.9654
S0650,D004,39,Female,1,2,3.3231,3.7235,0,3.74
S0650,D004,39,Female,2,3,3.7235,3.74,0,3.1545
S0650,D004,39,Female,2,4,3.74,3.1545,0,3.5053
S0650,D004,39,Female,3,5,3.1545,3.5053,0,3.5143
S0650,D004,39,Female,3,6,3.5053,3.5143,0,3.7231
S0652,D005,41,Male,1,2,3.7882,3.9438,0,4.0
S0652,D005,41,Male,2,3,3.9438,4.0,0,3.875
S0653,D001,39,Male,1,2,3.5059,3.9,0,3.7875
S0653,D001,39,Male,2,3,3.9,3.7875,0,3.4412
S0653,D001,39,Male,2,4,3.7875,3.4412,0,3.6917
S0653,D001,39,Male,3,5,3.4412,3.6917,0,3.648
S0653,D001,39,Male,3,6,3.6917,3.648,0,3.875
S0654,D002,40,Male,1,2,4.0,3.9125,0,3.8
S0654,D002,40,Male,2,3,3.9125,3.8,0,3.7706
S0654,D002,40,Male,2,4,3.8,3.7706,0,3.8667
S0655,D004,41,Female,1,2,2.0846,2.4882,0,2.64
S0655,D004,41,Female,2,3,2.4882,2.64,0,2.2545
S0656,D005,40,Female,1,2,3.9471,3.725,0,3.4947
S0656,D005,40,Female,2,3,3.725,3.4947,0,3.575
S0656,D005,40,Female,2,4,3.4947,3.575,0,3.8571
S0656,D005,40,Female,3,5,3.575,3.8571,0,3.3
S0657,D004,41,Male,1,2,4.0,4.0,0,4.0
S0657,D004,41,Male,2,3,4.0,4.0,0,3.8727
S0658,D004,40,Female,1,2,3.5538,4.0,0,3.7
S0658,D004,40,Female,2,3,4.0,3.7,0,3.6818
S0658,D004,40,Female,2,4,3.7,3.6818,0,3.7579
S0658,D004,40,Female,3,5,3.6818,3.7579,0,3.7286
S0659,D002,41,Female,1,2,2.6588,2.9812,0,3.3
S0661,D001,41,Male,1,2,3.7118,3.9625,0,3.9625
S0661,D001,41,Male,2,3,3.9625,3.9625,0,3.8235
S0664,D002,39,Male,1,2,2.7706,2.9812,2,2.9375
S0664,D002,39,Male,2,3,2.9812,2.9375,3,2.7412
S0664,D002,39,Male,2,4,2.9375,2.7412,4,3.0833
S0664,D002,39,Male,3,5,2.7412,3.0833,5,2.8269
S0664,D002,39,Male,3,6,3.0833,2.8269,7,1.9667
S0664,D002,39,Male,4,7,2.8269,1.9667,11,2.6
S0665,D002,41,Male,1,2,3.3059,3.375,0,3.2125
S0665,D002,41,Male,2,3,3.375,3.2125,1,2.7471
S0666,D001,40,Male,1,2,4.0,4.0,0,4.0
S0666,D001,40,Male,2,3,4.0,4.0,0,4.0
S0666,D001,40,Male,2,4,4.0,4.0,0,3.9167
S0668,D001,41,Male,1,2,3.6529,3.05,0,2.925
S0669,D003,41,Female,1,2,3.9176,4.0,0,4.0
S0670,D002,40,Male,1,2,3.6059,3.5062,0,3.9125
S0670,D002,40,Male,2,3,3.5062,3.9125,0,3.9294
S0670,D002,40,Male,2,4,3.9125,3.9294,0,3.9167
S0670,D002,40,Male,3,5,3.9294,3.9167,0,3.8077
S0671,D001,41,Male,1,2,2.9412,2.9875,1,2.8375
S0672,D005,40,Female,1,2,3.8118,3.8125,0,3.5789
S0672,D005,40,Female,2,3,3.8125,3.5789,0,3.5188
S0672,D005,40,Female,2,4,3.5789,3.5188,0,3.6857
S0672,D005,40,Female,3,5,3.5188,3.6857,0,4.0
S0673,D002,39,Male,1,2,3.8824,4.0,0,3.75
S0673,D002,39,Male,2,3,4.0,3.75,0,3.8353
S0673,D002,39,Male,2,4,3.75,3.8353,0,3.8917
S0673,D002,39,Male,3,5,3.8353,3.8917,0,3.7692
S0673,D002,39,Male,3,6,3.8917,3.7692,0,3.9667
S0673,D002,39,Male,4,7,3.7692,3.9667,0,4.0
S0674,D002,41,Male,1,2,3.2412,3.4438,0,3.5125
S0675,D002,41,Female,1,2,3.8824,4.0,0,3.8
S0675,D002,41,Female,2,3,4.0,3.8,0,3.5176
S0678,D001,40,Male,1,2,3.6882,3.725,0,3.475
S0678,D001,40,Male,2,3,3.725,3.475,0,3.4294
S0678,D001,40,Male,2,4,3.475,3.4294,0,3.725
S0682,D002,40,Female,1,2,4.0,4.0,0,3.9625
S0682,D002,40,Female,2,3,4.0,3.9625,0,3.9471
S0682,D002,40,Female,2,4,3.9625,3.9471,0,3.975
S0683,D002,41,Female,1,2,3.4176,3.4812,0,3.4375
S0683,D002,41,Female,2,3,3.4812,3.4375,0,2.9235
S0684,D002,41,Female,1,2,3.0176,2.9375,0,3.1625
S0684,D002,41,Female,2,3,2.9375,3.1625,0,3.7471
S0685,D002,40,Male,1,2,2.7176,2.5375,2,3.0375
S0685,D002,40,Male,2,3,2.5375,3.0375,3,2.9824
S0685,D002,40,Male,2,4,3.0375,2.9824,4,2.7167
S0685,D002,40,Male,3,5,2.9824,2.7167,5,2.9654
S0687,D003,40,Female,1,2,3.9118,4.0,0,3.94
S0687,D003,40,Female,2,3,4.0,3.94,0,4.0
S0687,D003,40,Female,2,4,3.94,4.0,0,3.976
S0688,D001,39,Male,1,2,3.4235,3.7438,0,3.5125
S0688,D001,39,Male,2,3,3.7438,3.5125,0,3.6588
S0688,D001,39,Male,2,4,3.5125,3.6588,0,3.525
S0688,D001,39,Male,3,5,3.6588,3.525,0,3.816
S0688,D001,39,Male,3,6,3.525,3.816,0,3.5
S0688,D001,39,Male,4,7,3.816,3.5,0,2.9
S0690,D002,40,Male,1,2,3.2412,3.3688,0,3.3
S0690,D002,40,Male,2,3,3.3688,3.3,0,3.3118
S0690,D002,40,Male,2,4,3.3,3.3118,0,3.2583
S0691,D003,40,Male,1,2,3.4941,3.4222,0,3.2467
S0691,D003,40,Male,2,3,3.4222,3.2467,0,3.2588
S0691,D003,40,Male,2,4,3.2467,3.2588,0,3.692
S0693,D003,39,Male,1,2,2.7588,2.4944,0,2.7333
S0693,D003,39,Male,2,3,2.4944,2.7333,0,2.9176
S0693,D003,39,Male,2,4,2.7333,2.9176,0,2.852
S0693,D003,39,Male,3,5,2.9176,2.852,0,3.1391
S0693,D003,39,Male,3,6,2.852,3.1391,0,2.6429
S0693,D003,39,Male,4,7,3.1391,2.6429,0,2.18
S0694,D003,41,Male,1,2,3.5118,3.35,0,3.22
S0695,D002,41,Female,1,2,3.5412,3.6125,0,3.6625
S0695,D002,41,Female,2,3,3.6125,3.6625,0,3.7647
S0696,D001,41,Male,1,2,3.7882,3.5438,0,3.625
S0699,D002,40,Male,1,2,3.6529,3.5688,0,3.4
S0699,D002,40,Male,2,3,3.5688,3.4,0,3.4647
S0699,D002,40,Male,2,4,3.4,3.4647,0,3.6333
S0700,D002,41,Male,1,2,3.9176,3.9625,0,4.0
S0700,D002,41,Male,2,3,3.9625,4.0,0,3.9647
S0701,D002,40,Male,1,2,2.6529,3.0312,0,2.9875
S0701,D002,40,Male,2,3,3.0312,2.9875,0,3.0294
S0701,D002,40,Male,2,4,2.9875,3.0294,0,3.05
S0701,D002,40,Male,3,5,3.0294,3.05,0,3.1962
S0703,D003,39,Female,1,2,3.6588,3.8111,0,3.96
S0703,D003,39,Female,2,3,3.8111,3.96,0,3.7941
S0703,D003,39,Female,2,4,3.96,3.7941,0,3.84
S0703,D003,39,Female,3,5,3.7941,3.84,0,3.7739
S0703,D003,39,Female,3,6,3.84,3.7739,0,3.7476
S0703,D003,39,Female,4,7,3.7739,3.7476,0,4.0
S0704,D002,40,Male,1,2,3.9176,3.725,0,3.6125
S0704,D002,40,Male,2,3,3.725,3.6125,0,3.8471
S0704,D002,40,Male,2,4,3.6125,3.8471,0,3.65
S0704,D002,40,Male,3,5,3.8471,3.65,0,3.6615
S0707,D002,40,Female,1,2,3.8294,3.7562,0,3.9125
S0707,D002,40,Female,2,3,3.7562,3.9125,0,3.8647
S0707,D002,40,Female,2,4,3.9125,3.8647,0,3.975
S0707,D002,40,Female,3,5,3.8647,3.975,0,3.8462
S0708,D002,39,Male,1,2,2.4059,2.7125,2,2.7875
S0708,D002,39,Male,2,3,2.7125,2.7875,3,2.5471
S0708,D002,39,Male,2,4,2.7875,2.5471,4,2.65
S0708,D002,39,Male,3,5,2.5471,2.65,5,2.5115
S0708,D002,39,Male,3,6,2.65,2.5115,7,2.8667
S0709,D001,41,Male,1,2,3.1294,3.9,0,3.5375
S0709,D001,41,Male,2,3,3.9,3.5375,0,3.9176
S0710,D002,40,Female,1,2,3.4294,3.425,0,3.125
S0710,D002,40,Female,2,3,3.425,3.125,0,2.7588
S0710,D002,40,Female,2,4,3.125,2.7588,0,3.6417
S0711,D001,39,Female,1,2,3.7765,3.9625,0,3.8375
S0711,D001,39,Female,2,3,3.9625,3.8375,0,3.9647
S0711,D001,39,Female,2,4,3.8375,3.9647,0,3.975
S0711,D001,39,Female,3,5,3.9647,3.975,0,3.944
S0711,D001,39,Female,3,6,3.975,3.944,0,3.875
S0712,D002,40,Male,1,2,3.9471,4.0,0,3.9125
S0712,D002,40,Male,2,3,4.0,3.9125,0,3.7706
S0712,D002,40,Male,2,4,3.9125,3.7706,0,4.0
S0713,D001,41,Male,1,2,3.1353,3.025,0,2.75
S0713,D001,41,Male,2,3,3.025,2.75,0,3.2235
S0714,D002,39,Male,1,2,3.6941,3.2062,0,3.625
S0714,D002,39,Male,2,3,3.2062,3.625,0,3.0941
S0714,D002,39,Male,2,4,3.625,3.0941,0,3.175
S0714,D002,39,Male,3,5,3.0941,3.175,0,3.3846
S0714,D002,39,Male,3,6,3.175,3.3846,0,3.3667
S0714,D002,39,Male,4,7,3.3846,3.3667,0,3.58
S0715,D005,40,Male,1,2,2.6529,2.6562,0,2.5737
S0715,D005,40,Male,2,3,2.6562,2.5737,0,1.9812
S0715,D005,40,Male,2,4,2.5737,1.9812,1,2.6286
S0716,D001,41,Female,1,2,1.9647,1.5687,6,1.9875
S0716,D001,41,Female,2,3,1.5687,1.9875,10,2.2235
S0717,D003,41,Male,1,2,3.9824,3.8111,0,4.0
S0717,D003,41,Male,2,3,3.8111,4.0,0,3.8765
S0720,D003,40,Male,1,2,2.7824,3.2167,0,2.8733
S0720,D003,40,Male,2,3,3.2167,2.8733,0,3.3118
S0720,D003,40,Male,2,4,2.8733,3.3118,0,2.828
S0720,D003,40,Male,3,5,3.3118,2.828,1,3.4391
S0721,D003,41,Female,1,2,3.7353,3.3111,0,3.7867
S0722,D005,40,Male,1,2,3.8647,3.9438,0,4.0
S0722,D005,40,Male,2,3,3.9438,4.0,0,4.0
S0722,D005,40,Male,2,4,4.0,4.0,0,3.9
S0723,D002,41,Female,1,2,3.7765,3.5938,0,3.75
S0723,D002,41,Female,2,3,3.5938,3.75,0,3.6059
S0725,D001,39,Male,1,2,3.2529,2.8625,1,2.4
S0725,D001,39,Male,2,3,2.8625,2.4,3,2.8941
S0725,D001,39,Male,2,4,2.4,2.8941,5,2.5917
S0725,D001,39,Male,3,5,2.8941,2.5917,7,3.024
S0725,D001,39,Male,3,6,2.5917,3.024,9,3.0
S0725,D001,39,Male,4,7,3.024,3.0,11,2.48
S0726,D005,40,Male,1,2,2.4647,3.1062,2,3.1105
S0726,D005,40,Male,2,3,3.1062,3.1105,3,2.5938
S0726,D005,40,Male,2,4,3.1105,2.5938,4,3.1429
S0726,D005,40,Male,3,5,2.5938,3.1429,5,4.0
S0727,D003,39,Female,1,2,3.8824,3.95,0,3.7333
S0727,D003,39,Female,2,3,3.95,3.7333,0,3.8941
S0727,D003,39,Female,2,4,3.7333,3.8941,0,3.84
S0727,D003,39,Female,3,5,3.8941,3.84,0,3.6783
S0727,D003,39,Female,3,6,3.84,3.6783,0,3.6952
S0727,D003,39,Female,4,7,3.6783,3.6952,0,4.0
S0729,D005,41,Male,1,2,3.3529,3.225,0,3.5
S0729,D005,41,Male,2,3,3.225,3.5,0,2.7438
S0730,D001,39,Male,1,2,3.1471,2.9438,0,3.225
S0730,D001,39,Male,2,3,2.9438,3.225,0,2.3706
S0730,D001,39,Male,2,4,3.225,2.3706,1,2.6667
S0730,D001,39,Male,3,5,2.3706,2.6667,2,2.972
S0730,D001,39,Male,3,6,2.6667,2.972,4,3.2375
S0730,D001,39,Male,4,7,2.972,3.2375,6,3.88
S0732,D005,40,Male,1,2,2.6235,2.9938,0,2.7211
S0732,D005,40,Male,2,3,2.9938,2.7211,0,1.8812
S0732,D005,40,Male,2,4,2.7211,1.8812,2,2.5857
S0733,D003,41,Female,1,2,3.1294,3.7056,0,3.58
S0733,D003,41,Female,2,3,3.7056,3.58,0,3.4529
S0734,D002,39,Female,1,2,4.0,3.9625,0,3.875
S0734,D002,39,Female,2,3,3.9625,3.875,0,3.9471
S0734,D002,39,Female,2,4,3.875,3.9471,0,3.975
S0734,D002,39,Female,3,5,3.9471,3.975,0,3.8692
S0734,D002,39,Female,3,6,3.975,3.8692,0,3.7778
S0736,D002,40,Female,1,2,3.1471,3.5,0,3.375
S0736,D002,40,Female,2,3,3.5,3.375,0,3.8294
S0736,D002,40,Female,2,4,3.375,3.8294,0,3.725
S0738,D002,41,Female,1,2,3.3588,3.3688,0,3.175
S0738,D002,41,Female,2,3,3.3688,3.175,0,3.5176
S0740,D004,40,Male,1,2,3.1923,3.2471,0,3.34
S0740,D004,40,Male,2,3,3.2471,3.34,0,3.3909
S0740,D004,40,Male,2,4,3.34,3.3909,0,2.6895
S0742,D005,41,Female,1,2,3.7235,3.6125,0,3.4526
S0744,D005,41,Female,1,2,3.5882,3.3312,0,3.8895
S0746,D005,41,Female,1,2,3.8588,3.7562,0,3.8895
S0746,D005,41,Female,2,3,3.7562,3.8895,0,3.6438
S0747,D001,41,Female,1,2,3.2941,3.0625,0,3.45
S0747,D001,41,Female,2,3,3.0625,3.45,0,2.9235
S0752,D001,40,Female,1,2,2.5647,2.3,0,2.2625
S0752,D001,40,Female,2,3,2.3,2.2625,0,2.2706
S0752,D001,40,Female,2,4,2.2625,2.2706,1,2.5083
S0753,D003,40,Female,1,2,3.0353,3.1833,0,3.4133
S0753,D003,40,Female,2,3,3.1833,3.4133,0,2.9412
S0753,D003,40,Female,2,4,3.4133,2.9412,0,3.3
S0753,D003,40,Female,3,5,2.9412,3.3,0,3.6
S0754,D002,40,Male,1,2,4.0,3.7375,0,3.9125
S0754,D002,40,Male,2,3,3.7375,3.9125,0,3.6353
S0754,D002,40,Male,2,4,3.9125,3.6353,0,3.725
S0755,D002,41,Male,1,2,4.0,4.0,0,4.0
S0755,D002,41,Male,2,3,4.0,4.0,0,3.8412
S0756,D002,39,Female,1,2,3.7,3.4438,0,3.675
S0756,D002,39,Female,2,3,3.4438,3.675,0,3.5235
S0756,D002,39,Female,2,4,3.675,3.5235,0,3.6417
S0756,D002,39,Female,3,5,3.5235,3.6417,0,3.4
S0756,D002,39,Female,3,6,3.6417,3.4,0,3.0889
S0757,D002,40,Male,1,2,3.7294,3.7688,0,3.8
S0757,D002,40,Male,2,3,3.7688,3.8,0,3.7412
S0757,D002,40,Male,2,4,3.8,3.7412,0,3.9417
S0757,D002,40,Male,3,5,3.7412,3.9417,0,3.6769
S0758,D001,41,Male,1,2,3.3235,3.45,0,3.55
S0759,D003,40,Female,1,2,3.0059,3.1389,0,3.3333
S0759,D003,40,Female,2,3,3.1389,3.3333,0,3.1118
S0759,D003,40,Female,2,4,3.3333,3.1118,0,2.692
S0759,D003,40,Female,3,5,3.1118,2.692,0,3.1696
S0761,D001,40,Male,1,2,3.0706,3.0812,0,3.5
S0761,D001,40,Male,2,3,3.0812,3.5,0,3.2118
S0761,D001,40,Male,2,4,3.5,3.2118,0,3.3583
S0762,D002,41,Male,1,2,3.4765,3.0812,0,3.2875
S0763,D002,40,Male,1,2,2.1353,2.1188,5,2.525
S0763,D002,40,Male,2,3,2.1188,2.525,8,2.0882
S0763,D002,40,Male,2,4,2.525,2.0882,12,2.8083
S0764,D001,41,Male,1,2,3.4529,3.6312,0,3.7875
S0764,D001,41,Male,2,3,3.6312,3.7875,0,3.4765
S0765,D001,40,Male,1,2,3.6353,3.6062,0,3.825
S0765,D001,40,Male,2,3,3.6062,3.825,0,3.5824
S0765,D001,40,Male,2,4,3.825,3.5824,0,3.975
S0767,D001,39,Female,1,2,3.7412,3.5938,0,3.7875
S0767,D001,39,Female,2,3,3.5938,3.7875,0,3.7882
S0767,D001,39,Female,2,4,3.7875,3.7882,0,3.7833
S0767,D001,39,Female,3,5,3.7882,3.7833,0,3.748
S0767,D001,39,Female,3,6,3.7833,3.748,0,3.8875
S0768,D002,39,Male,1,2,3.0824,3.1062,0,2.9125
S0768,D002,39,Male,2,3,3.1062,2.9125,0,3.3294
S0768,D002,39,Male,2,4,2.9125,3.3294,0,3.1417
S0768,D002,39,Male,3,5,3.3294,3.1417,0,3.0385
S0768,D002,39,Male,3,6,3.1417,3.0385,0,3.0667
S0769,D004,41,Male,1,2,3.9538,4.0,0,3.84
S0770,D005,41,Female,1,2,3.4294,3.5562,0,3.4842
S0771,D002,41,Female,1,2,3.7588,3.5938,0,4.0
S0772,D001,41,Male,1,2,3.4059,3.7062,2,3.7625
S0773,D005,41,Female,1,2,3.4235,3.4812,0,3.6895
S0774,D004,40,Female,1,2,3.9077,3.5941,0,3.8
S0774,D004,40,Female,2,3,3.5941,3.8,0,3.9182
S0774,D004,40,Female,2,4,3.8,3.9182,0,3.5842
S0775,D002,40,Male,1,2,3.8059,3.7438,0,3.8
S0775,D002,40,Male,2,3,3.7438,3.8,0,3.7353
S0775,D002,40,Male,2,4,3.8,3.7353,0,3.9
S0775,D002,40,Male,3,5,3.7353,3.9,0,3.6923
S0776,D005,40,Female,1,2,3.7176,3.3875,0,3.6842
S0776,D005,40,Female,2,3,3.3875,3.6842,0,3.6062
S0776,D005,40,Female,2,4,3.6842,3.6062,0,3.7071
S0776,D005,40,Female,3,5,3.6062,3.7071,0,4.0
S0777,D002,39,Female,1,2,3.4471,3.9438,0,3.925
S0777,D002,39,Female,2,3,3.9438,3.925,0,3.8824
S0777,D002,39,Female,2,4,3.925,3.8824,0,3.725
S0777,D002,39,Female,3,5,3.8824,3.725,0,3.6692
S0777,D002,39,Female,3,6,3.725,3.6692,0,3.9
S0777,D002,39,Female,4,7,3.6692,3.9,0,4.0
S0778,D003,40,Male,1,2,3.6882,3.7667,0,3.96
S0778,D003,40,Male,2,3,3.7667,3.96,0,3.8471
S0778,D003,40,Male,2,4,3.96,3.8471,0,3.872
S0780,D002,39,Male,1,2,3.4882,3.3938,0,2.9625
S0780,D002,39,Male,2,3,3.3938,2.9625,0,3.5059
S0780,D002,39,Male,2,4,2.9625,3.5059,0,2.8333
S0780,D002,39,Male,3,5,3.5059,2.8333,0,3.3692
S0780,D002,39,Male,3,6,2.8333,3.3692,0,3.1222
S0781,D005,39,Female,1,2,3.2059,3.6312,0,3.4632
S0781,D005,39,Female,2,3,3.6312,3.4632,0,3.1312
S0781,D005,39,Female,2,4,3.4632,3.1312,0,3.0071
S0781,D005,39,Female,3,5,3.1312,3.0071,0,2.7
S0781,D005,39,Female,3,6,3.0071,2.7,0,3.675
S0781,D005,39,Female,4,7,2.7,3.675,0,3.2933
S0782,D001,41,Female,1,2,3.3529,3.7375,0,3.0875
S0786,D002,40,Female,1,2,2.4176,1.7625,1,1.875
S0786,D002,40,Female,2,3,1.7625,1.875,3,2.1
S0786,D002,40,Female,2,4,1.875,2.1,5,1.7
S0786,D002,40,Female,3,5,2.1,1.7,8,1.9115
S0787,D002,40,Female,1,2,2.3412,2.6188,0,2.625
S0787,D002,40,Female,2,3,2.6188,2.625,0,2.7882
S0787,D002,40,Female,2,4,2.625,2.7882,0,2.1833
S0787,D002,40,Female,3,5,2.7882,2.1833,0,2.5615
S0788,D001,41,Female,1,2,3.1529,3.5562,0,3.375
S0788,D001,41,Female,2,3,3.5562,3.375,0,3.2471
S0789,D002,41,Male,1,2,3.7235,3.5375,0,3.5375
S0790,D003,41,Female,1,2,3.3706,4.0,0,3.7733
S0791,D004,39,Male,1,2,3.3538,3.4059,0,3.14
S0791,D004,39,Male,2,3,3.4059,3.14,0,3.6273
S0791,D004,39,Male,2,4,3.14,3.6273,0,3.5053
S0791,D004,39,Male,3,5,3.6273,3.5053,0,3.3286
S0791,D004,39,Male,3,6,3.5053,3.3286,0,3.6692
S0791,D004,39,Male,4,7,3.3286,3.6692,0,4.0
S0792,D005,39,Male,1,2,3.8412,4.0,0,3.9211
S0792,D005,39,Male,2,3,4.0,3.9211,0,3.6
S0792,D005,39,Male,2,4,3.9211,3.6,0,3.7929
S0792,D005,39,Male,3,5,3.6,3.7929,0,4.0
S0792,D005,39,Male,3,6,3.7929,4.0,0,3.875
S0792,D005,39,Male,4,7,4.0,3.875,0,4.0
S0793,D001,39,Male,1,2,3.5412,3.0813,0,3.0125
S0793,D001,39,Male,2,3,3.0813,3.0125,0,3.4529
S0793,D001,39,Male,2,4,3.0125,3.4529,0,3.1667
S0793,D001,39,Male,3,5,3.4529,3.1667,0,3.448
S0793,D001,39,Male,3,6,3.1667,3.448,0,3.3
S0793,D001,39,Male,4,7,3.448,3.3,0,4.0
S0795,D002,40,Male,1,2,3.2471,3.3312,0,3.5125
S0795,D002,40,Male,2,3,3.3312,3.5125,0,2.9471
S0795,D002,40,Male,2,4,3.5125,2.9471,0,3.325
S0797,D002,39,Female,1,2,2.3588,2.8625,0,2.875
S0797,D002,39,Female,2,3,2.8625,2.875,0,2.1235
S0797,D002,39,Female,2,4,2.875,2.1235,0,2.9417
S0797,D002,39,Female,3,5,2.1235,2.9417,0,2.5731
S0797,D002,39,Female,3,6,2.9417,2.5731,0,3.1889
S0797,D002,39,Female,4,7,2.5731,3.1889,0,2.52
S0798,D003,39,Male,1,2,2.6,2.2389,0,2.2067
S0798,D003,39,Male,2,3,2.2389,2.2067,0,2.3235
S0798,D003,39,Male,2,4,2.2067,2.3235,0,2.82
S0798,D003,39,Male,3,5,2.3235,2.82,0,2.6391
S0798,D003,39,Male,3,6,2.82,2.6391,0,2.4619
S0798,D003,39,Male,4,7,2.6391,2.4619,1,2.7
S0799,D004,40,Male,1,2,3.5615,3.8,0,3.8467
S0799,D004,40,Male,2,3,3.8,3.8467,0,3.2909
S0799,D004,40,Male,2,4,3.8467,3.2909,0,3.2947
S0800,D001,41,Male,1,2,3.1176,3.0438,0,2.825
S0805,D004,41,Female,1,2,3.5692,3.2176,0,3.2333
S0805,D004,41,Female,2,3,3.2176,3.2333,0,3.5091
S0806,D002,40,Male,1,2,3.5882,3.6625,0,3.9625
S0806,D002,40,Male,2,3,3.6625,3.9625,0,3.7647
S0806,D002,40,Male,2,4,3.9625,3.7647,0,3.6083
S0807,D001,40,Male,1,2,3.2235,2.9062,0,3.0375
S0807,D001,40,Male,2,3,2.9062,3.0375,0,2.6176
S0807,D001,40,Male,2,4,3.0375,2.6176,0,3.1083
S0807,D001,40,Male,3,5,2.6176,3.1083,0,2.964
S0808,D003,41,Male,1,2,3.9471,3.9667,0,4.0
S0808,D003,41,Male,2,3,3.9667,4.0,0,3.7706
S0811,D002,41,Male,1,2,3.4118,3.3875,0,3.05
S0813,D003,41,Male,1,2,3.1412,3.3556,0,3.4533
S0813,D003,41,Male,2,3,3.3556,3.4533,0,3.3
S0814,D004,39,Male,1,2,3.9538,3.5647,0,3.5267
S0814,D004,39,Male,2,3,3.5647,3.5267,0,2.9636
S0814,D004,39,Male,2,4,3.5267,2.9636,0,3.7316
S0814,D004,39,Male,3,5,2.9636,3.7316,0,3.6857
S0814,D004,39,Male,3,6,3.7316,3.6857,0,3.7692
S0814,D004,39,Male,4,7,3.6857,3.7692,0,3.3
S0816,D002,40,Male,1,2,2.5294,2.9313,0,2.75
S0816,D002,40,Male,2,3,2.9313,2.75,0,2.7353
S0816,D002,40,Male,2,4,2.75,2.7353,0,2.7083
S0817,D004,40,Male,1,2,3.4462,2.9765,0,2.8933
S0817,D004,40,Male,2,3,2.9765,2.8933,0,2.5
S0817,D004,40,Male,2,4,2.8933,2.5,0,2.8842
S0819,D002,40,Male,1,2,3.4647,3.225,0,3.125
S0819,D002,40,Male,2,3,3.225,3.125,0,3.0647
S0819,D002,40,Male,2,4,3.125,3.0647,0,3.3583
S0819,D002,40,Male,3,5,3.0647,3.3583,0,3.3615
S0820,D002,40,Male,1,2,4.0,4.0,0,4.0
S0820,D002,40,Male,2,3,4.0,4.0,0,4.0
S0820,D002,40,Male,2,4,4.0,4.0,0,3.925
S0821,D001,41,Female,1,2,3.4824,3.5125,0,3.3625
S0821,D001,41,Female,2,3,3.5125,3.3625,0,3.6529
S0823,D003,40,Female,1,2,3.7529,3.6889,0,3.4067
S0823,D003,40,Female,2,3,3.6889,3.4067,0,3.7118
S0823,D003,40,Female,2,4,3.4067,3.7118,0,3.784
S0823,D003,40,Female,3,5,3.7118,3.784,0,3.6652
S0824,D003,41,Male,1,2,3.8471,4.0,0,4.0
S0825,D005,39,Male,1,2,3.3824,3.2375,0,3.5316
S0825,D005,39,Male,2,3,3.2375,3.5316,0,3.5812
S0825,D005,39,Male,2,4,3.5316,3.5812,0,3.1786
S0825,D005,39,Male,3,5,3.5812,3.1786,0,3.7
S0825,D005,39,Male,3,6,3.1786,3.7,0,3.4792
S0825,D005,39,Male,4,7,3.7,3.4792,0,3.88
S0826,D001,39,Male,1,2,3.9118,3.7062,0,3.625
S0826,D001,39,Male,2,3,3.7062,3.625,0,3.7412
S0826,D001,39,Male,2,4,3.625,3.7412,0,3.5333
S0826,D001,39,Male,3,5,3.7412,3.5333,0,3.672
S0826,D001,39,Male,3,6,3.5333,3.672,0,3.925
S0827,D003,40,Female,1,2,4.0,3.95,0,3.92
S0827,D003,40,Female,2,3,3.95,3.92,0,4.0
S0827,D003,40,Female,2,4,3.92,4.0,0,3.848
S0832,D001,40,Male,1,2,3.9235,3.6688,0,3.8375
S0832,D001,40,Male,2,3,3.6688,3.8375,0,3.8235
S0832,D001,40,Male,2,4,3.8375,3.8235,0,3.7083
S0832,D001,40,Male,3,5,3.8235,3.7083,0,3.624
S0833,D002,39,Female,1,2,3.1765,3.6812,0,3.7125
S0833,D002,39,Female,2,3,3.6812,3.7125,0,3.6176
S0833,D002,39,Female,2,4,3.7125,3.6176,0,3.7583
S0833,D002,39,Female,3,5,3.6176,3.7583,0,3.5808
S0833,D002,39,Female,3,6,3.7583,3.5808,0,3.7444
S0837,D005,39,Male,1,2,3.1294,2.9938,0,3.5842
S0837,D005,39,Male,2,3,2.9938,3.5842,0,3.1812
S0837,D005,39,Male,2,4,3.5842,3.1812,0,2.7286
S0837,D005,39,Male,3,5,3.1812,2.7286,0,3.3
S0837,D005,39,Male,3,6,2.7286,3.3,0,3.4708
S0837,D005,39,Male,4,7,3.3,3.4708,0,3.0667
S0838,D002,41,Male,1,2,2.2882,2.275,1,2.725
S0839,D003,40,Male,1,2,3.9471,3.7333,0,3.92
S0839,D003,40,Male,2,3,3.7333,3.92,0,3.8765
S0839,D003,40,Male,2,4,3.92,3.8765,0,3.928
S0840,D001,40,Female,1,2,2.8882,3.2438,0,2.825
S0840,D001,40,Female,2,3,3.2438,2.825,0,2.9588
S0840,D001,40,Female,2,4,2.825,2.9588,0,3.025
S0842,D004,41,Male,1,2,3.7923,3.5176,0,3.2
S0842,D004,41,Male,2,3,3.5176,3.2,0,3.1636
S0844,D004,41,Female,1,2,3.2923,3.5529,0,3.9067
S0844,D004,41,Female,2,3,3.5529,3.9067,0,3.0909
S0846,D003,41,Male,1,2,3.9118,3.7833,0,3.78
S0848,D002,41,Male,1,2,2.0588,2.2,3,1.875
S0850,D005,39,Male,1,2,3.3471,2.7062,0,2.9421
S0850,D005,39,Male,2,3,2.7062,2.9421,0,2.8312
S0850,D005,39,Male,2,4,2.9421,2.8312,0,2.7
S0850,D005,39,Male,3,5,2.8312,2.7,0,2.7
S0850,D005,39,Male,3,6,2.7,2.7,0,2.8292
S0852,D002,39,Male,1,2,3.3,3.5188,0,3.3375
S0852,D002,39,Male,2,3,3.5188,3.3375,0,3.3059
S0852,D002,39,Male,2,4,3.3375,3.3059,0,3.75
S0852,D002,39,Male,3,5,3.3059,3.75,0,3.6231
S0852,D002,39,Male,3,6,3.75,3.6231,0,3.7778
S0852,D002,39,Male,4,7,3.6231,3.7778,0,3.82
S0853,D005,41,Male,1,2,2.9412,3.2438,0,3.0263
S0853,D005,41,Male,2,3,3.2438,3.0263,0,2.8312
S0855,D001,41,Male,1,2,3.9824,4.0,0,4.0
S0856,D002,41,Male,1,2,3.4882,3.6188,0,3.75
S0857,D002,41,Female,1,2,3.6882,3.8625,0,3.625
S0858,D002,40,Female,1,2,2.9471,2.725,0,2.6125
S0858,D002,40,Female,2,3,2.725,2.6125,0,2.5118
S0858,D002,40,Female,2,4,2.6125,2.5118,0,2.8667
S0859,D002,40,Male,1,2,3.8412,3.6812,0,3.625
S0859,D002,40,Male,2,3,3.6812,3.625,0,3.9118
S0859,D002,40,Male,2,4,3.625,3.9118,0,3.7
S0859,D002,40,Male,3,5,3.9118,3.7,0,3.9
S0860,D001,40,Female,1,2,3.8235,3.8562,0,3.8375
S0860,D001,40,Female,2,3,3.8562,3.8375,0,3.5471
S0860,D001,40,Female,2,4,3.8375,3.5471,0,3.95
S0861,D003,39,Male,1,2,2.7647,2.8,1,2.8333
S0861,D003,39,Male,2,3,2.8,2.8333,2,2.6941
S0861,D003,39,Male,2,4,2.8333,2.6941,3,2.22
S0861,D003,39,Male,3,5,2.6941,2.22,5,2.4957
S0861,D003,39,Male,3,6,2.22,2.4957,7,2.119
S0862,D002,41,Female,1,2,3.6118,3.6688,0,3.8375
S0862,D002,41,Female,2,3,3.6688,3.8375,0,3.3059
S0863,D001,40,Male,1,2,3.3588,3.3125,0,3.375
S0863,D001,40,Male,2,3,3.3125,3.375,0,3.4176
S0863,D001,40,Male,2,4,3.375,3.4176,0,3.4083
S0864,D005,41,Male,1,2,3.6706,3.7,0,3.7263
S0864,D005,41,Male,2,3,3.7,3.7263,0,3.8688
S0865,D005,41,Male,1,2,3.3941,2.9375,0,3.4263
S0866,D002,41,Male,1,2,3.3176,3.3438,0,3.55
S0866,D002,41,Male,2,3,3.3438,3.55,0,3.3059
S0868,D001,39,Male,1,2,3.7059,3.6312,0,3.625
S0868,D001,39,Male,2,3,3.6312,3.625,0,3.7706
S0868,D001,39,Male,2,4,3.625,3.7706,0,3.8917
S0868,D001,39,Male,3,5,3.7706,3.8917,0,3.6
S0868,D001,39,Male,3,6,3.8917,3.6,0,3.4
S0868,D001,39,Male,4,7,3.6,3.4,0,3.22
S0870,D001,40,Female,1,2,4.0,3.6875,0,3.7875
S0870,D001,40,Female,2,3,3.6875,3.7875,0,3.9176
S0870,D001,40,Female,2,4,3.7875,3.9176,0,3.975
S0871,D001,41,Male,1,2,3.4235,3.8125,0,3.375
S0872,D003,41,Female,1,2,3.4941,3.8556,0,3.7667
S0875,D003,40,Male,1,2,2.9412,2.6889,1,2.1667
S0875,D003,40,Male,2,3,2.6889,2.1667,2,3.2353
S0875,D003,40,Male,2,4,2.1667,3.2353,3,3.3
S0878,D004,39,Male,1,2,2.0692,2.5059,1,2.8067
S0878,D004,39,Male,2,3,2.5059,2.8067,2,2.3
S0878,D004,39,Male,2,4,2.8067,2.3,3,2.4053
S0878,D004,39,Male,3,5,2.3,2.4053,4,2.519
S0878,D004,39,Male,3,6,2.4053,2.519,5,2.8615
S0880,D005,40,Female,1,2,3.7941,3.7438,0,3.6842
S0880,D005,40,Female,2,3,3.7438,3.6842,0,3.9625
S0880,D005,40,Female,2,4,3.6842,3.9625,0,3.8143
S0880,D005,40,Female,3,5,3.9625,3.8143,0,3.3
S0881,D002,41,Male,1,2,3.9176,3.8688,0,3.7125
S0885,D001,41,Male,1,2,3.6353,3.6938,0,3.425
S0885,D001,41,Male,2,3,3.6938,3.425,0,3.0824
S0886,D005,39,Female,1,2,3.8824,3.7562,0,4.0
S0886,D005,39,Female,2,3,3.7562,4.0,0,3.875
S0886,D005,39,Female,2,4,4.0,3.875,0,3.6714
S0886,D005,39,Female,3,5,3.875,3.6714,0,4.0
S0886,D005,39,Female,3,6,3.6714,4.0,0,3.9625
S0886,D005,39,Female,4,7,4.0,3.9625,0,3.6667
S0888,D002,40,Female,1,2,3.1588,2.7812,0,3.05
S0888,D002,40,Female,2,3,2.7812,3.05,0,2.4588
S0888,D002,40,Female,2,4,3.05,2.4588,0,3.0417
S0888,D002,40,Female,3,5,2.4588,3.0417,0,3.0192
S0890,D003,41,Female,1,2,3.0294,3.0778,0,2.6867
S0890,D003,41,Female,2,3,3.0778,2.6867,0,3.0882
S0893,D001,41,Male,1,2,1.7235,1.8,1,2.1625
S0893,D001,41,Male,2,3,1.8,2.1625,2,1.8706
S0894,D001,40,Female,1,2,3.7824,3.4562,0,3.675
S0894,D001,40,Female,2,3,3.4562,3.675,0,3.4765
S0894,D001,40,Female,2,4,3.675,3.4765,0,3.8083
S0894,D001,40,Female,3,5,3.4765,3.8083,0,3.74
S0895,D001,41,Female,1,2,2.8235,3.075,2,3.0375
S0895,D001,41,Female,2,3,3.075,3.0375,3,3.0882
S0896,D003,39,Male,1,2,3.0412,3.0,0,2.96
S0896,D003,39,Male,2,3,3.0,2.96,0,3.2118
S0896,D003,39,Male,2,4,2.96,3.2118,0,3.016
S0896,D003,39,Male,3,5,3.2118,3.016,0,3.2348
S0896,D003,39,Male,3,6,3.016,3.2348,0,3.2333
S0896,D003,39,Male,4,7,3.2348,3.2333,0,2.58
S0899,D002,39,Male,1,2,3.6294,3.5562,0,3.7
S0899,D002,39,Male,2,3,3.5562,3.7,0,3.7824
S0899,D002,39,Male,2,4,3.7,3.7824,0,3.5333
S0899,D002,39,Male,3,5,3.7824,3.5333,0,3.8192
S0899,D002,39,Male,3,6,3.5333,3.8192,0,3.6556
S0899,D002,39,Male,4,7,3.8192,3.6556,0,3.88
S0901,D001,41,Male,1,2,3.1824,3.6375,0,3.5875
S0901,D001,41,Male,2,3,3.6375,3.5875,0,3.3647
S0902,D001,39,Male,1,2,3.8059,3.7875,0,3.7125
S0902,D001,39,Male,2,3,3.7875,3.7125,0,3.6294
S0902,D001,39,Male,2,4,3.7125,3.6294,0,3.6667
S0902,D001,39,Male,3,5,3.6294,3.6667,0,3.78
S0902,D001,39,Male,3,6,3.6667,3.78,0,3.55
S0903,D002,40,Male,1,2,3.8824,3.9062,0,4.0
S0903,D002,40,Male,2,3,3.9062,4.0,0,3.8235
S0903,D002,40,Male,2,4,4.0,3.8235,0,3.925
S0904,D001,40,Male,1,2,3.2,2.9062,0,2.7125
S0904,D001,40,Male,2,3,2.9062,2.7125,0,3.0765
S0904,D001,40,Male,2,4,2.7125,3.0765,0,2.925
S0904,D001,40,Male,3,5,3.0765,2.925,1,3.228
S0907,D003,40,Male,1,2,3.2471,3.1444,0,2.6067
S0907,D003,40,Male,2,3,3.1444,2.6067,0,2.8471
S0907,D003,40,Male,2,4,2.6067,2.8471,0,3.14
S0908,D001,41,Female,1,2,4.0,4.0,0,4.0
S0909,D003,40,Male,1,2,3.9176,3.9222,0,4.0
S0909,D003,40,Male,2,3,3.9222,4.0,0,4.0
S0909,D003,40,Male,2,4,4.0,4.0,0,4.0
S0911,D003,41,Male,1,2,3.4471,3.8222,0,3.4733
S0912,D005,40,Male,1,2,3.1176,3.2063,0,2.8895
S0912,D005,40,Male,2,3,3.2063,2.8895,0,3.0
S0912,D005,40,Male,2,4,2.8895,3.0,0,3.5071
S0913,D003,39,Male,1,2,3.3294,3.4333,0,3.1733
S0913,D003,39,Male,2,3,3.4333,3.1733,0,2.6941
S0913,D003,39,Male,2,4,3.1733,2.6941,0,3.008
S0913,D003,39,Male,3,5,2.6941,3.008,1,3.4783
S0913,D003,39,Male,3,6,3.008,3.4783,2,3.2476
S0916,D002,39,Male,1,2,2.4647,2.8688,2,3.2125
S0916,D002,39,Male,2,3,2.8688,3.2125,3,2.8882
S0916,D002,39,Male,2,4,3.2125,2.8882,4,2.3917
S0916,D002,39,Male,3,5,2.8882,2.3917,5,2.7115
S0916,D002,39,Male,3,6,2.3917,2.7115,6,2.7889
S0917,D001,40,Male,1,2,3.9176,3.6938,0,3.5375
S0917,D001,40,Male,2,3,3.6938,3.5375,0,3.6588
S0917,D001,40,Male,2,4,3.5375,3.6588,0,3.5083
S0917,D001,40,Male,3,5,3.6588,3.5083,0,3.528
S0918,D003,39,Female,1,2,3.4529,3.2389,0,3.06
S0918,D003,39,Female,2,3,3.2389,3.06,0,3.5529
S0918,D003,39,Female,2,4,3.06,3.5529,0,3.516
S0918,D003,39,Female,3,5,3.5529,3.516,0,3.0652
S0918,D003,39,Female,3,6,3.516,3.0652,0,3.3905
S0918,D003,39,Female,4,7,3.0652,3.3905,0,3.6
S0919,D005,41,Male,1,2,2.9529,2.625,0,2.6105
S0919,D005,41,Male,2,3,2.625,2.6105,1,2.6812
S0921,D002,40,Male,1,2,3.8471,3.8312,0,3.625
S0921,D002,40,Male,2,3,3.8312,3.625,0,3.8647
S0921,D002,40,Male,2,4,3.625,3.8647,0,3.6417
S0923,D004,40,Male,1,2,2.7,3.0824,0,2.34
S0923,D004,40,Male,2,3,3.0824,2.34,0,2.4273
S0923,D004,40,Male,2,4,2.34,2.4273,0,2.7579
S0924,D005,39,Male,1,2,3.9118,3.6812,0,3.7947
S0924,D005,39,Male,2,3,3.6812,3.7947,0,3.75
S0924,D005,39,Male,2,4,3.7947,3.75,0,3.6286
S0924,D005,39,Male,3,5,3.75,3.6286,0,3.7
S0924,D005,39,Male,3,6,3.6286,3.7,0,3.8875
S0925,D002,41,Male,1,2,1.8118,2.4,4,2.1375
S0925,D002,41,Male,2,3,2.4,2.1375,6,2.3765
S0926,D002,39,Male,1,2,3.8882,4.0,0,3.9625
S0926,D002,39,Male,2,3,4.0,3.9625,0,3.7941
S0926,D002,39,Male,2,4,3.9625,3.7941,0,3.8833
S0926,D002,39,Male,3,5,3.7941,3.8833,0,3.8423
S0926,D002,39,Male,3,6,3.8833,3.8423,0,3.8111
S0926,D002,39,Male,4,7,3.8423,3.8111,0,4.0
S0927,D003,41,Female,1,2,3.8765,3.6167,0,3.8667
S0928,D002,41,Male,1,2,3.5235,3.6375,0,3.5875
S0928,D002,41,Male,2,3,3.6375,3.5875,0,3.6294
S0931,D001,40,Male,1,2,3.8353,3.9375,0,3.8
S0931,D001,40,Male,2,3,3.9375,3.8,0,4.0
S0931,D001,40,Male,2,4,3.8,4.0,0,3.725
S0932,D002,41,Male,1,2,1.8,2.4438,2,2.25
S0933,D005,39,Male,1,2,3.2765,3.3688,0,2.8263
S0933,D005,39,Male,2,3,3.3688,2.8263,0,3.2188
S0933,D005,39,Male,2,4,2.8263,3.2188,0,3.1214
S0933,D005,39,Male,3,5,3.2188,3.1214,0,2.3
S0933,D005,39,Male,3,6,3.1214,2.3,0,3.55
S0933,D005,39,Male,4,7,2.3,3.55,0,3.5067
S0936,D003,41,Male,1,2,3.5118,3.6389,0,3.3933
S0937,D003,41,Male,1,2,3.7941,3.8444,0,3.9067
S0937,D003,41,Male,2,3,3.8444,3.9067,0,3.9471
S0939,D005,39,Male,1,2,3.5824,3.525,0,3.5842
S0939,D005,39,Male,2,3,3.525,3.5842,0,3.7438
S0939,D005,39,Male,2,4,3.5842,3.7438,0,3.3
S0939,D005,39,Male,3,5,3.7438,3.3,0,3.7
S0939,D005,39,Male,3,6,3.3,3.7,0,3.4917
S0939,D005,39,Male,4,7,3.7,3.4917,0,3.5067
S0940,D001,40,Female,1,2,3.0765,2.9187,0,3.2125
S0940,D001,40,Female,2,3,2.9187,3.2125,0,3.0353
S0940,D001,40,Female,2,4,3.2125,3.0353,0,3.2
S0940,D001,40,Female,3,5,3.0353,3.2,0,3.156
S0941,D001,39,Male,1,2,3.3059,3.3625,0,3.0625
S0941,D001,39,Male,2,3,3.3625,3.0625,0,3.4059
S0941,D001,39,Male,2,4,3.0625,3.4059,0,3.1583
S0941,D001,39,Male,3,5,3.4059,3.1583,0,3.176
S0941,D001,39,Male,3,6,3.1583,3.176,0,3.2625
S0941,D001,39,Male,4,7,3.176,3.2625,0,2.58
S0942,D005,41,Male,1,2,4.0,3.9438,0,4.0
S0943,D001,40,Male,1,2,3.8294,3.8375,0,4.0
S0943,D001,40,Male,2,3,3.8375,4.0,0,3.8294
S0943,D001,40,Male,2,4,4.0,3.8294,0,3.8417
S0944,D002,41,Male,1,2,3.1353,3.625,0,3.2125
S0944,D002,41,Male,2,3,3.625,3.2125,0,3.1941
S0945,D001,40,Male,1,2,2.5118,1.9812,1,1.925
S0945,D001,40,Male,2,3,1.9812,1.925,2,2.3353
S0945,D001,40,Male,2,4,1.925,2.3353,3,1.775
S0946,D005,41,Male,1,2,3.7,3.9062,0,3.7474
S0946,D005,41,Male,2,3,3.9062,3.7474,0,3.325
S0948,D005,39,Male,1,2,3.4118,3.4438,0,3.0632
S0948,D005,39,Male,2,3,3.4438,3.0632,0,3.2812
S0948,D005,39,Male,2,4,3.0632,3.2812,0,3.5929
S0948,D005,39,Male,3,5,3.2812,3.5929,0,4.0
S0948,D005,39,Male,3,6,3.5929,4.0,0,3.3292
S0948,D005,39,Male,4,7,4.0,3.3292,0,3.3867
S0949,D001,40,Male,1,2,3.7235,3.3188,0,3.8375
S0949,D001,40,Male,2,3,3.3188,3.8375,0,3.6294
S0949,D001,40,Male,2,4,3.8375,3.6294,0,3.8333
S0949,D001,40,Male,3,5,3.6294,3.8333,0,3.672
S0950,D002,41,Female,1,2,3.3882,3.0875,0,2.625
S0950,D002,41,Female,2,3,3.0875,2.625,0,3.5059
S0951,D002,39,Male,1,2,3.8353,3.3812,0,3.8
S0951,D002,39,Male,2,3,3.3812,3.8,0,3.4412
S0951,D002,39,Male,2,4,3.8,3.4412,0,3.7333
S0951,D002,39,Male,3,5,3.4412,3.7333,0,3.45
S0951,D002,39,Male,3,6,3.7333,3.45,0,3.7444
S0951,D002,39,Male,4,7,3.45,3.7444,0,3.72
S0953,D001,40,Male,1,2,3.2941,3.525,0,3.625
S0953,D001,40,Male,2,3,3.525,3.625,0,3.1059
S0953,D001,40,Male,2,4,3.625,3.1059,0,3.1083
S0954,D004,40,Male,1,2,2.9615,2.7118,1,2.24
S0954,D004,40,Male,2,3,2.7118,2.24,2,3.1273
S0954,D004,40,Male,2,4,2.24,3.1273,3,2.3316
S0955,D002,39,Male,1,2,3.5471,3.3625,0,3.625
S0955,D002,39,Male,2,3,3.3625,3.625,0,3.7824
S0955,D002,39,Male,2,4,3.625,3.7824,0,3.3833
S0955,D002,39,Male,3,5,3.7824,3.3833,0,3.5692
S0955,D002,39,Male,3,6,3.3833,3.5692,0,3.7333
S0955,D002,39,Male,4,7,3.5692,3.7333,0,3.72
S0958,D001,41,Male,1,2,3.7,3.9438,0,3.75
S0959,D001,41,Male,1,2,3.9647,4.0,0,3.9625
S0959,D001,41,Male,2,3,4.0,3.9625,0,4.0
S0960,D004,39,Female,1,2,3.2692,3.1706,0,3.6067
S0960,D004,39,Female,2,3,3.1706,3.6067,0,3.7636
S0960,D004,39,Female,2,4,3.6067,3.7636,0,3.5211
S0960,D004,39,Female,3,5,3.7636,3.5211,0,3.7333
S0960,D004,39,Female,3,6,3.5211,3.7333,0,3.5692
S0961,D002,41,Male,1,2,2.9824,2.95,0,3.1375
S0961,D002,41,Male,2,3,2.95,3.1375,0,3.4235
S0962,D001,40,Male,1,2,3.8118,3.5875,0,3.85
S0962,D001,40,Male,2,3,3.5875,3.85,0,3.6059
S0962,D001,40,Male,2,4,3.85,3.6059,0,3.6083
S0962,D001,40,Male,3,5,3.6059,3.6083,0,3.84
S0964,D001,40,Female,1,2,2.3059,2.1188,3,2.3625
S0964,D001,40,Female,2,3,2.1188,2.3625,5,2.4294
S0964,D001,40,Female,2,4,2.3625,2.4294,7,2.5
S0965,D005,41,Male,1,2,2.4412,2.6125,2,2.4421
S0965,D005,41,Male,2,3,2.6125,2.4421,4,2.85
S0966,D005,39,Male,1,2,3.4765,3.625,0,3.7474
S0966,D005,39,Male,2,3,3.625,3.7474,0,3.8312
S0966,D005,39,Male,2,4,3.7474,3.8312,0,3.6143
S0966,D005,39,Male,3,5,3.8312,3.6143,0,3.3
S0966,D005,39,Male,3,6,3.6143,3.3,0,3.5542
S0967,D004,40,Female,1,2,3.9538,4.0,0,3.8
S0967,D004,40,Female,2,3,4.0,3.8,0,3.9455
S0967,D004,40,Female,2,4,3.8,3.9455,0,3.8895
S0967,D004,40,Female,3,5,3.9455,3.8895,0,4.0
S0968,D003,39,Male,1,2,3.0765,3.6944,0,3.4667
S0968,D003,39,Male,2,3,3.6944,3.4667,0,3.4765
S0968,D003,39,Male,2,4,3.4667,3.4765,0,3.4
S0968,D003,39,Male,3,5,3.4765,3.4,0,3.3565
S0968,D003,39,Male,3,6,3.4,3.3565,0,3.5571
S0969,D002,41,Male,1,2,3.1824,3.3812,0,3.45
S0970,D001,40,Male,1,2,3.8412,3.3625,0,3.625
S0970,D001,40,Male,2,3,3.3625,3.625,0,3.7412
S0970,D001,40,Male,2,4,3.625,3.7412,0,3.5583
S0970,D001,40,Male,3,5,3.7412,3.5583,0,3.616
S0971,D004,39,Female,1,2,3.4538,3.5059,0,3.5667
S0971,D004,39,Female,2,3,3.5059,3.5667,0,3.6273
S0971,D004,39,Female,2,4,3.5667,3.6273,0,3.2526
S0971,D004,39,Female,3,5,3.6273,3.2526,0,3.3381
S0971,D004,39,Female,3,6,3.2526,3.3381,0,3.5385
S0971,D004,39,Female,4,7,3.3381,3.5385,0,4.0
S0972,D004,40,Male,1,2,3.4538,3.2824,0,3.0333
S0972,D004,40,Male,2,3,3.2824,3.0333,0,3.3182
S0972,D004,40,Male,2,4,3.0333,3.3182,0,3.0368
S0972,D004,40,Male,3,5,3.3182,3.0368,0,2.6381
S0973,D005,39,Male,1,2,3.8765,3.2688,0,3.3263
S0973,D005,39,Male,2,3,3.2688,3.3263,0,3.525
S0973,D005,39,Male,2,4,3.3263,3.525,0,3.5286
S0973,D005,39,Male,3,5,3.525,3.5286,0,3.0
S0973,D005,39,Male,3,6,3.5286,3.0,0,3.5458
S0973,D005,39,Male,4,7,3.0,3.5458,0,3.1467
S0975,D003,41,Female,1,2,2.8471,3.3167,0,2.8467
S0977,D002,41,Female,1,2,3.6471,3.6875,0,3.55
S0977,D002,41,Female,2,3,3.6875,3.55,0,3.6706
S0978,D002,40,Female,1,2,3.5765,3.7688,0,3.925
S0978,D002,40,Female,2,3,3.7688,3.925,0,3.6588
S0978,D002,40,Female,2,4,3.925,3.6588,0,3.7
S0980,D005,41,Female,1,2,4.0,3.9438,0,3.7053
S0980,D005,41,Female,2,3,3.9438,3.7053,0,4.0
S0981,D001,41,Female,1,2,1.7471,2.1938,2,2.325
S0981,D001,41,Female,2,3,2.1938,2.325,4,2.0176
S0982,D005,41,Male,1,2,3.1294,3.1938,0,3.0947
S0982,D005,41,Male,2,3,3.1938,3.0947,0,2.9812
S0983,D005,39,Male,1,2,2.4118,2.775,0,2.4263
S0983,D005,39,Male,2,3,2.775,2.4263,0,2.5562
S0983,D005,39,Male,2,4,2.4263,2.5562,0,2.7286
S0983,D005,39,Male,3,5,2.5562,2.7286,1,3.0
S0983,D005,39,Male,3,6,2.7286,3.0,2,3.075
S0984,D002,41,Male,1,2,3.3941,3.0625,0,3.7125
S0985,D001,41,Female,1,2,3.6235,3.05,0,3.5375
S0986,D001,41,Male,1,2,3.7353,3.8188,0,3.375
S0987,D002,39,Male,1,2,2.6647,2.6875,0,3.0
S0987,D002,39,Male,2,3,2.6875,3.0,0,2.9824
S0987,D002,39,Male,2,4,3.0,2.9824,0,2.8667
S0987,D002,39,Male,3,5,2.9824,2.8667,0,2.9885
S0987,D002,39,Male,3,6,2.8667,2.9885,0,3.0
S0987,D002,39,Male,4,7,2.9885,3.0,0,2.74
S0989,D002,40,Female,1,2,2.7176,3.175,0,2.8875
S0989,D002,40,Female,2,3,3.175,2.8875,0,2.8824
S0989,D002,40,Female,2,4,2.8875,2.8824,0,2.65
S0991,D001,39,Female,1,2,2.8059,2.4562,2,2.9875
S0991,D001,39,Female,2,3,2.4562,2.9875,3,2.9706
S0991,D001,39,Female,2,4,2.9875,2.9706,4,2.8917
S0991,D001,39,Female,3,5,2.9706,2.8917,5,2.864
S0991,D001,39,Female,3,6,2.8917,2.864,6,2.4125
S0991,D001,39,Female,4,7,2.864,2.4125,7,1.88
S0992,D002,39,Male,1,2,3.7,3.725,0,3.75
S0992,D002,39,Male,2,3,3.725,3.75,0,3.4706
S0992,D002,39,Male,2,4,3.75,3.4706,0,3.6333
S0992,D002,39,Male,3,5,3.4706,3.6333,0,3.6615
S0992,D002,39,Male,3,6,3.6333,3.6615,0,3.8222
S0992,D002,39,Male,4,7,3.6615,3.8222,0,4.0
S0993,D004,40,Female,1,2,3.1846,3.4412,0,3.74
S0993,D004,40,Female,2,3,3.4412,3.74,0,3.5818
S0993,D004,40,Female,2,4,3.74,3.5818,0,3.5158
S0993,D004,40,Female,3,5,3.5818,3.5158,0,3.6286
S0995,D003,41,Male,1,2,3.8941,3.55,0,3.8267
S0995,D003,41,Male,2,3,3.55,3.8267,0,3.5706
S0997,D001,40,Male,1,2,2.3882,2.5,0,3.125
S0997,D001,40,Male,2,3,2.5,3.125,0,2.8
S0997,D001,40,Male,2,4,3.125,2.8,0,2.5417
S0998,D001,40,Female,1,2,3.0529,3.2063,0,2.5
S0998,D001,40,Female,2,3,3.2063,2.5,0,3.1588
S0998,D001,40,Female,2,4,2.5,3.1588,1,2.6917
S0999,D001,39,Male,1,2,3.7588,3.8125,0,3.8375
S0999,D001,39,Male,2,3,3.8125,3.8375,0,3.6
S0999,D001,39,Male,2,4,3.8375,3.6,0,3.5167
S0999,D001,39,Male,3,5,3.6,3.5167,0,3.772
S0999,D001,39,Male,3,6,3.5167,3.772,0,3.675
S1001,D002,39,Male,1,2,2.8,2.45,0,2.925
S1001,D002,39,Male,2,3,2.45,2.925,0,2.6235
S1001,D002,39,Male,2,4,2.925,2.6235,0,3.0417
S1001,D002,39,Male,3,5,2.6235,3.0417,0,3.1115
S1001,D002,39,Male,3,6,3.0417,3.1115,0,2.6333
S1003,D001,41,Female,1,2,3.7,3.775,0,3.6375
S1004,D003,41,Male,1,2,3.2765,3.3278,0,3.4133
S1005,D001,40,Male,1,2,2.8412,2.7875,0,2.55
S1005,D001,40,Male,2,3,2.7875,2.55,0,2.2706
S1005,D001,40,Male,2,4,2.55,2.2706,1,2.6417
S1007,D005,41,Male,1,2,3.3294,3.3875,0,3.7211
S1008,D001,41,Female,1,2,3.4176,2.7625,0,3.1375
S1010,D001,39,Male,1,2,3.8353,3.8188,0,3.9125
S1010,D001,39,Male,2,3,3.8188,3.9125,0,4.0
S1010,D001,39,Male,2,4,3.9125,4.0,0,3.8083
S1010,D001,39,Male,3,5,4.0,3.8083,0,3.872
S1010,D001,39,Male,3,6,3.8083,3.872,0,3.7125
S1010,D001,39,Male,4,7,3.872,3.7125,0,4.0
S1012,D003,39,Male,1,2,3.5059,3.2778,0,3.7333
S1012,D003,39,Male,2,3,3.2778,3.7333,0,3.7529
S1012,D003,39,Male,2,4,3.7333,3.7529,0,3.608
S1012,D003,39,Male,3,5,3.7529,3.608,0,3.4391
S1012,D003,39,Male,3,6,3.608,3.4391,0,3.6714
S1012,D003,39,Male,4,7,3.4391,3.6714,0,3.0
S1013,D002,40,Male,1,2,3.4412,3.05,0,3.4625
S1013,D002,40,Male,2,3,3.05,3.4625,0,2.9412
S1013,D002,40,Male,2,4,3.4625,2.9412,0,3.4417
S1014,D001,41,Male,1,2,3.7294,3.5938,0,3.7
S1017,D005,40,Male,1,2,3.9647,3.8688,0,3.8579
S1017,D005,40,Male,2,3,3.8688,3.8579,0,3.7688
S1017,D005,40,Male,2,4,3.8579,3.7688,0,3.9357
S1017,D005,40,Male,3,5,3.7688,3.9357,0,4.0
S1020,D003,41,Male,1,2,3.7882,3.8389,0,3.7867
S1022,D005,40,Male,1,2,3.4059,2.9688,0,3.0947
S1022,D005,40,Male,2,3,2.9688,3.0947,0,3.2812
S1022,D005,40,Male,2,4,3.0947,3.2812,0,3.4929
S1022,D005,40,Male,3,5,3.2812,3.4929,0,2.7
S1023,D002,41,Male,1,2,3.0882,3.4938,2,3.1625
S1023,D002,41,Male,2,3,3.4938,3.1625,3,2.9941
S1024,D003,41,Male,1,2,4.0,3.95,0,3.8267
S1026,D002,41,Female,1,2,3.4882,3.7125,0,3.725
S1026,D002,41,Female,2,3,3.7125,3.725,0,3.7588
S1029,D001,41,Male,1,2,3.1235,2.7812,0,3.0
S1029,D001,41,Male,2,3,2.7812,3.0,0,2.7176
S1030,D002,41,Male,1,2,3.5294,3.9438,0,3.625
S1030,D002,41,Male,2,3,3.9438,3.625,0,3.3176
S1031,D001,41,Male,1,2,3.4471,3.1125,0,3.1375
S1031,D001,41,Male,2,3,3.1125,3.1375,0,2.9471
S1033,D001,41,Male,1,2,2.9529,3.1938,0,3.2125
S1034,D001,41,Male,1,2,3.7647,3.775,0,3.7625
S1035,D003,39,Female,1,2,3.3176,3.5611,0,3.4867
S1035,D003,39,Female,2,3,3.5611,3.4867,0,3.2765
S1035,D003,39,Female,2,4,3.4867,3.2765,0,3.256
S1035,D003,39,Female,3,5,3.2765,3.256,0,3.4174
S1035,D003,39,Female,3,6,3.256,3.4174,0,3.5524
S1035,D003,39,Female,4,7,3.4174,3.5524,0,4.0
S1036,D004,41,Male,1,2,3.3231,3.1882,0,3.7467
S1036,D004,41,Male,2,3,3.1882,3.7467,0,3.7091
S1038,D005,41,Male,1,2,3.7588,3.8188,0,3.7632
S1040,D005,41,Female,1,2,3.7882,3.8125,0,3.3842
S1041,D002,39,Male,1,2,3.8471,3.6438,0,3.7125
S1041,D002,39,Male,2,3,3.6438,3.7125,0,3.7
S1041,D002,39,Male,2,4,3.7125,3.7,0,3.7
S1041,D002,39,Male,3,5,3.7,3.7,0,3.7462
S1041,D002,39,Male,3,6,3.7,3.7462,0,3.7111
S1041,D002,39,Male,4,7,3.7462,3.7111,0,3.58
S1043,D002,41,Female,1,2,3.9471,3.775,0,3.8375
S1043,D002,41,Female,2,3,3.775,3.8375,0,3.7706
S1045,D003,40,Male,1,2,3.1412,3.0,0,3.4533
S1045,D003,40,Male,2,3,3.0,3.4533,0,3.0471
S1045,D003,40,Male,2,4,3.4533,3.0471,0,2.836
S1048,D005,41,Male,1,2,3.6706,3.9125,0,3.7211
S1048,D005,41,Male,2,3,3.9125,3.7211,0,3.6375
S1050,D001,39,Male,1,2,2.2941,2.8,5,2.7125
S1050,D001,39,Male,2,3,2.8,2.7125,8,2.5
S1050,D001,39,Male,2,4,2.7125,2.5,11,2.75
S1050,D001,39,Male,3,5,2.5,2.75,14,2.748
S1050,D001,39,Male,3,6,2.75,2.748,17,3.05
S1051,D001,39,Male,1,2,3.7765,3.45,0,3.6125
S1051,D001,39,Male,2,3,3.45,3.6125,0,3.6176
S1051,D001,39,Male,2,4,3.6125,3.6176,0,3.7
S1051,D001,39,Male,3,5,3.6176,3.7,0,3.624
S1051,D001,39,Male,3,6,3.7,3.624,0,3.55
S1051,D001,39,Male,4,7,3.624,3.55,0,4.0
S1052,D003,41,Male,1,2,2.4882,2.6444,0,2.8467
S1052,D003,41,Male,2,3,2.6444,2.8467,0,2.3941
S1053,D001,39,Male,1,2,3.6706,3.625,0,3.5
S1053,D001,39,Male,2,3,3.625,3.5,0,3.5529
S1053,D001,39,Male,2,4,3.5,3.5529,0,3.3083
S1053,D001,39,Male,3,5,3.5529,3.3083,0,3.06
S1053,D001,39,Male,3,6,3.3083,3.06,0,3.2125
S1053,D001,39,Male,4,7,3.06,3.2125,0,3.88
S1054,D001,41,Male,1,2,3.7235,3.5438,0,3.5
S1054,D001,41,Male,2,3,3.5438,3.5,0,3.5647
S1057,D005,40,Male,1,2,3.7235,4.0,0,3.5895
S1057,D005,40,Male,2,3,4.0,3.5895,0,3.8312
S1057,D005,40,Male,2,4,3.5895,3.8312,0,3.7071
S1057,D005,40,Male,3,5,3.8312,3.7071,0,4.0
S1058,D001,41,Male,1,2,4.0,3.7688,0,3.675
S1058,D001,41,Male,2,3,3.7688,3.675,0,4.0
S1060,D004,40,Male,1,2,2.8462,2.1235,0,2.0933
S1060,D004,40,Male,2,3,2.1235,2.0933,0,2.4273
S1060,D004,40,Male,2,4,2.0933,2.4273,0,2.6263
S1061,D003,40,Male,1,2,3.8647,3.9833,0,3.96
S1061,D003,40,Male,2,3,3.9833,3.96,0,3.9471
S1061,D003,40,Male,2,4,3.96,3.9471,0,3.924
S1062,D002,41,Male,1,2,3.0824,3.575,2,3.4625
S1063,D005,40,Male,1,2,3.8647,2.9688,0,3.1421
S1063,D005,40,Male,2,3,2.9688,3.1421,0,3.15
S1063,D005,40,Male,2,4,3.1421,3.15,0,3.6071
S1065,D001,41,Female,1,2,2.5529,2.575,0,2.5
S1065,D001,41,Female,2,3,2.575,2.5,0,2.7824
S1066,D005,41,Male,1,2,3.8471,3.8875,0,3.4684
S1066,D005,41,Male,2,3,3.8875,3.4684,0,3.5312
S1069,D001,41,Male,1,2,2.9059,3.1687,0,2.3875
S1069,D001,41,Male,2,3,3.1687,2.3875,1,2.7059
S1070,D001,40,Male,1,2,3.7647,3.5625,0,3.2875
S1070,D001,40,Male,2,3,3.5625,3.2875,0,3.5941
S1070,D001,40,Male,2,4,3.2875,3.5941,0,3.5583
S1070,D001,40,Male,3,5,3.5941,3.5583,0,3.736
S1071,D001,41,Male,1,2,3.4412,3.3125,0,3.3375
S1073,D003,40,Male,1,2,3.5765,3.6833,0,3.1
S1073,D003,40,Male,2,3,3.6833,3.1,0,3.6294
S1073,D003,40,Male,2,4,3.1,3.6294,0,2.996
S1074,D002,41,Male,1,2,3.1765,3.175,0,3.375
S1074,D002,41,Male,2,3,3.175,3.375,0,3.6588
S1076,D001,41,Female,1,2,3.2882,3.9,0,3.575
S1076,D001,41,Female,2,3,3.9,3.575,0,3.5647
S1077,D002,41,Male,1,2,2.2118,3.025,2,2.675
S1078,D001,41,Male,1,2,4.0,4.0,0,3.9125
S1080,D001,40,Female,1,2,3.4412,3.0938,0,3.4125
S1080,D001,40,Female,2,3,3.0938,3.4125,0,3.4706
S1080,D001,40,Female,2,4,3.4125,3.4706,0,3.4167
S1081,D002,40,Male,1,2,3.3412,3.5875,0,3.125
S1081,D002,40,Male,2,3,3.5875,3.125,0,3.2412
S1081,D002,40,Male,2,4,3.125,3.2412,0,3.3083
S1081,D002,40,Male,3,5,3.2412,3.3083,0,3.3038
S1083,D001,41,Male,1,2,2.8941,3.0812,2,3.3875
S1083,D001,41,Male,2,3,3.0812,3.3875,3,3.4941
S1084,D005,41,Female,1,2,3.5059,3.6125,0,3.7947
S1084,D005,41,Female,2,3,3.6125,3.7947,0,3.9062
S1085,D001,41,Male,1,2,3.2471,3.5812,0,3.1125
S1085,D001,41,Male,2,3,3.5812,3.1125,0,2.8412
S1086,D004,40,Male,1,2,3.7769,3.6882,0,3.88
S1086,D004,40,Male,2,3,3.6882,3.88,0,3.9455
S1086,D004,40,Male,2,4,3.88,3.9455,0,3.7211
S1086,D004,40,Male,3,5,3.9455,3.7211,0,3.4095
S1087,D002,40,Male,1,2,3.9235,3.875,0,3.925
S1087,D002,40,Male,2,3,3.875,3.925,0,3.8
S1087,D002,40,Male,2,4,3.925,3.8,0,3.8333
S1087,D002,40,Male,3,5,3.8,3.8333,0,3.9038
S1088,D002,41,Female,1,2,2.6353,2.8188,2,2.75
S1089,D002,40,Male,1,2,3.8647,3.9438,0,3.75
S1089,D002,40,Male,2,3,3.9438,3.75,0,3.8824
S1089,D002,40,Male,2,4,3.75,3.8824,0,3.7833
S1090,D004,40,Female,1,2,3.0231,2.7882,0,3.0467
S1090,D004,40,Female,2,3,2.7882,3.0467,0,3.3364
S1090,D004,40,Female,2,4,3.0467,3.3364,0,2.7211
S1091,D001,39,Female,1,2,3.8647,3.5312,0,3.4875
S1091,D001,39,Female,2,3,3.5312,3.4875,0,3.7471
S1091,D001,39,Female,2,4,3.4875,3.7471,0,3.725
S1091,D001,39,Female,3,5,3.7471,3.725,0,3.552
S1091,D001,39,Female,3,6,3.725,3.552,0,3.6375
S1091,D001,39,Female,4,7,3.552,3.6375,0,4.0
S1092,D001,39,Male,1,2,3.6353,3.75,0,3.7
S1092,D001,39,Male,2,3,3.75,3.7,0,3.4882
S1092,D001,39,Male,2,4,3.7,3.4882,0,3.65
S1092,D001,39,Male,3,5,3.4882,3.65,0,3.704
S1092,D001,39,Male,3,6,3.65,3.704,0,3.6625
S1094,D001,40,Female,1,2,3.9471,3.8062,0,3.875
S1094,D001,40,Female,2,3,3.8062,3.875,0,4.0
S1094,D001,40,Female,2,4,3.875,4.0,0,3.8417
S1094,D001,40,Female,3,5,4.0,3.8417,0,3.92
S1096,D005,41,Male,1,2,3.4353,3.0563,0,3.6632
S1101,D002,40,Male,1,2,4.0,4.0,0,3.9125
S1101,D002,40,Male,2,3,4.0,3.9125,0,4.0
S1101,D002,40,Male,2,4,3.9125,4.0,0,4.0
S1102,D003,41,Male,1,2,3.8353,3.7444,0,3.9067
S1102,D003,41,Male,2,3,3.7444,3.9067,0,3.7412
S1104,D001,39,Male,1,2,3.4706,3.7875,0,3.5625
S1104,D001,39,Male,2,3,3.7875,3.5625,0,3.4471
S1104,D001,39,Male,2,4,3.5625,3.4471,0,3.5833
S1104,D001,39,Male,3,5,3.4471,3.5833,0,3.648
S1104,D001,39,Male,3,6,3.5833,3.648,0,3.675
S1105,D005,41,Female,1,2,3.9118,3.9438,0,4.0
S1105,D005,41,Female,2,3,3.9438,4.0,0,4.0
S1106,D001,40,Male,1,2,2.8824,3.3438,0,2.7125
S1106,D001,40,Male,2,3,3.3438,2.7125,0,3.0941
S1106,D001,40,Male,2,4,2.7125,3.0941,0,3.3167
S1108,D004,41,Male,1,2,2.7,2.6176,2,2.64
S1108,D004,41,Male,2,3,2.6176,2.64,3,2.6545
S1110,D005,40,Female,1,2,3.8765,4.0,0,3.9263
S1110,D005,40,Female,2,3,4.0,3.9263,0,4.0
S1110,D005,40,Female,2,4,3.9263,4.0,0,3.9
S1110,D005,40,Female,3,5,4.0,3.9,0,4.0
S1111,D002,39,Female,1,2,3.9176,3.7688,0,3.7
S1111,D002,39,Female,2,3,3.7688,3.7,0,4.0
S1111,D002,39,Female,2,4,3.7,4.0,0,3.95
S1111,D002,39,Female,3,5,4.0,3.95,0,3.8038
S1111,D002,39,Female,3,6,3.95,3.8038,0,3.9667
S1112,D002,40,Female,1,2,3.5412,3.3625,0,3.275
S1112,D002,40,Female,2,3,3.3625,3.275,0,3.3765
S1112,D002,40,Female,2,4,3.275,3.3765,0,3.275
S1115,D002,41,Female,1,2,3.4765,3.5312,0,3.25
S1115,D002,41,Female,2,3,3.5312,3.25,0,3.6294
S1117,D001,39,Female,1,2,3.5412,3.8562,0,3.8375
S1117,D001,39,Female,2,3,3.8562,3.8375,0,3.8471
S1117,D001,39,Female,2,4,3.8375,3.8471,0,3.95
S1117,D001,39,Female,3,5,3.8471,3.95,0,3.896
S1117,D001,39,Female,3,6,3.95,3.896,0,3.825
S1117,D001,39,Female,4,7,3.896,3.825,0,4.0
S1118,D003,41,Female,1,2,3.0941,3.3,0,3.1267
S1118,D003,41,Female,2,3,3.3,3.1267,0,3.3941
S1120,D001,39,Male,1,2,3.8824,3.85,0,3.875
S1120,D001,39,Male,2,3,3.85,3.875,0,3.9647
S1120,D001,39,Male,2,4,3.875,3.9647,0,3.9417
S1120,D001,39,Male,3,5,3.9647,3.9417,0,3.908
S1120,D001,39,Male,3,6,3.9417,3.908,0,3.7
S1121,D002,39,Male,1,2,3.6235,3.3188,0,3.5875
S1121,D002,39,Male,2,3,3.3188,3.5875,0,3.1118
S1121,D002,39,Male,2,4,3.5875,3.1118,0,3.5333
S1121,D002,39,Male,3,5,3.1118,3.5333,0,3.4115
S1121,D002,39,Male,3,6,3.5333,3.4115,0,3.5556
S1122,D003,41,Female,1,2,2.4824,2.2722,1,1.7733
S1122,D003,41,Female,2,3,2.2722,1.7733,3,2.5412
S1123,D004,41,Female,1,2,3.9538,3.3294,0,3.7267
S1123,D004,41,Female,2,3,3.3294,3.7267,0,3.6364
S1125,D003,40,Male,1,2,3.0294,3.5389,0,3.5333
S1125,D003,40,Male,2,3,3.5389,3.5333,0,3.6588
S1125,D003,40,Male,2,4,3.5333,3.6588,0,3.6
S1126,D001,41,Male,1,2,3.8647,3.9625,0,3.875
S1126,D001,41,Male,2,3,3.9625,3.875,0,4.0
S1127,D001,39,Male,1,2,3.9,3.8,0,3.9625
S1127,D001,39,Male,2,3,3.8,3.9625,0,3.6765
S1127,D001,39,Male,2,4,3.9625,3.6765,0,3.975
S1127,D001,39,Male,3,5,3.6765,3.975,0,3.928
S1127,D001,39,Male,3,6,3.975,3.928,0,3.8375
S1127,D001,39,Male,4,7,3.928,3.8375,0,4.0
S1128,D003,39,Male,1,2,3.7529,4.0,0,3.96
S1128,D003,39,Male,2,3,4.0,3.96,0,3.7294
S1128,D003,39,Male,2,4,3.96,3.7294,0,3.784
S1128,D003,39,Male,3,5,3.7294,3.784,0,3.913
S1128,D003,39,Male,3,6,3.784,3.913,0,3.9143
S1128,D003,39,Male,4,7,3.913,3.9143,0,3.6
S1129,D001,41,Male,1,2,3.5,3.375,0,3.6125
S1131,D003,39,Female,1,2,3.8412,3.7111,0,3.8667
S1131,D003,39,Female,2,3,3.7111,3.8667,0,4.0
S1131,D003,39,Female,2,4,3.8667,4.0,0,3.788
S1131,D003,39,Female,3,5,4.0,3.788,0,3.9217
S1131,D003,39,Female,3,6,3.788,3.9217,0,4.0
S1131,D003,39,Female,4,7,3.9217,4.0,0,4.0
S1133,D003,39,Male,1,2,3.5235,3.3722,0,3.44
S1133,D003,39,Male,2,3,3.3722,3.44,0,3.2588
S1133,D003,39,Male,2,4,3.44,3.2588,0,3.412
S1133,D003,39,Male,3,5,3.2588,3.412,0,3.1304
S1133,D003,39,Male,3,6,3.412,3.1304,0,3.0905
S1134,D004,41,Male,1,2,3.9538,3.9176,0,4.0
S1135,D004,40,Male,1,2,3.4231,3.5235,0,3.7067
S1135,D004,40,Male,2,3,3.5235,3.7067,0,3.4818
S1135,D004,40,Male,2,4,3.7067,3.4818,0,3.3842
S1136,D002,41,Male,1,2,3.0941,3.1687,0,3.05
S1136,D002,41,Male,2,3,3.1687,3.05,0,3.1765
S1137,D001,40,Female,1,2,3.6529,3.3625,0,3.5
S1137,D001,40,Female,2,3,3.3625,3.5,0,3.4294
S1137,D001,40,Female,2,4,3.5,3.4294,0,3.4417
S1138,D001,39,Female,1,2,3.2412,2.8875,0,3.3375
S1138,D001,39,Female,2,3,2.8875,3.3375,0,3.2882
S1138,D001,39,Female,2,4,3.3375,3.2882,0,3.0
S1138,D001,39,Female,3,5,3.2882,3.0,0,3.036
S1138,D001,39,Female,3,6,3.0,3.036,0,3.4125
S1138,D001,39,Female,4,7,3.036,3.4125,0,3.82
S1139,D005,39,Female,1,2,2.2588,2.3812,2,2.0684
S1139,D005,39,Female,2,3,2.3812,2.0684,3,2.5625
S1139,D005,39,Female,2,4,2.0684,2.5625,4,1.6929
S1139,D005,39,Female,3,5,2.5625,1.6929,7,2.7
S1139,D005,39,Female,3,6,1.6929,2.7,10,2.5417
S1140,D001,41,Male,1,2,3.7471,3.8688,0,3.9625
S1141,D003,39,Male,1,2,3.0941,3.5722,0,3.1533
S1141,D003,39,Male,2,3,3.5722,3.1533,0,3.6824
S1141,D003,39,Male,2,4,3.1533,3.6824,0,3.196
S1141,D003,39,Male,3,5,3.6824,3.196,0,3.4652
S1141,D003,39,Male,3,6,3.196,3.4652,0,3.4619
S1141,D003,39,Male,4,7,3.4652,3.4619,0,4.0
S1143,D002,40,Female,1,2,3.5471,3.925,0,3.925
S1143,D002,40,Female,2,3,3.925,3.925,0,3.9471
S1143,D002,40,Female,2,4,3.925,3.9471,0,3.7
S1144,D003,41,Male,1,2,3.5353,3.4444,0,3.5067
S1145,D001,39,Male,1,2,3.2176,2.9812,0,3.325
S1145,D001,39,Male,2,3,2.9812,3.325,0,3.3059
S1145,D001,39,Male,2,4,3.325,3.3059,0,3.2583
S1145,D001,39,Male,3,5,3.3059,3.2583,0,3.024
S1145,D001,39,Male,3,6,3.2583,3.024,0,2.6125
S1145,D001,39,Male,4,7,3.024,2.6125,0,2.14
S1147,D005,40,Male,1,2,3.5647,3.2938,0,3.7
S1147,D005,40,Male,2,3,3.2938,3.7,0,3.3688
S1147,D005,40,Male,2,4,3.7,3.3688,0,3.4429
S1149,D004,41,Female,1,2,3.4077,3.3529,0,3.64
S1149,D004,41,Female,2,3,3.3529,3.64,0,3.5545
S1150,D002,40,Male,1,2,3.5,3.5688,0,3.925
S1150,D002,40,Male,2,3,3.5688,3.925,0,3.9294
S1150,D002,40,Male,2,4,3.925,3.9294,0,3.7833
S1150,D002,40,Male,3,5,3.9294,3.7833,0,3.9385
S1151,D005,39,Male,1,2,3.0,2.6812,0,3.3789
S1151,D005,39,Male,2,3,2.6812,3.3789,0,3.1812
S1151,D005,39,Male,2,4,3.3789,3.1812,0,3.1071
S1151,D005,39,Male,3,5,3.1812,3.1071,0,3.7
S1151,D005,39,Male,3,6,3.1071,3.7,0,2.9708
S1152,D001,39,Male,1,2,3.4353,3.0375,0,2.8875
S1152,D001,39,Male,2,3,3.0375,2.8875,0,3.5353
S1152,D001,39,Male,2,4,2.8875,3.5353,0,2.8417
S1152,D001,39,Male,3,5,3.5353,2.8417,0,3.32
S1152,D001,39,Male,3,6,2.8417,3.32,0,3.2875
S1159,D001,41,Male,1,2,2.3824,2.6188,0,1.7125
S1159,D001,41,Male,2,3,2.6188,1.7125,1,2.7
S1160,D005,40,Male,1,2,3.8765,3.7812,0,3.7526
S1160,D005,40,Male,2,3,3.7812,3.7526,0,4.0
S1160,D005,40,Male,2,4,3.7526,4.0,0,3.6429
S1162,D003,41,Female,1,2,3.0412,3.2722,0,3.1133
S1162,D003,41,Female,2,3,3.2722,3.1133,0,3.0765
S1163,D005,41,Male,1,2,3.3765,3.65,0,3.5
S1163,D005,41,Male,2,3,3.65,3.5,0,3.4938
S1164,D002,41,Male,1,2,3.5471,3.4062,0,3.6625
S1166,D005,40,Female,1,2,3.4176,3.3688,0,3.1526
S1166,D005,40,Female,2,3,3.3688,3.1526,0,2.8938
S1166,D005,40,Female,2,4,3.1526,2.8938,1,3.6929
S1167,D005,41,Male,1,2,3.4706,3.475,0,3.7474
S1168,D001,39,Male,1,2,3.7941,3.9438,0,4.0
S1168,D001,39,Male,2,3,3.9438,4.0,0,3.7529
S1168,D001,39,Male,2,4,4.0,3.7529,0,3.95
S1168,D001,39,Male,3,5,3.7529,3.95,0,3.648
S1168,D001,39,Male,3,6,3.95,3.648,0,3.6625
S1169,D001,39,Male,1,2,2.7176,2.5062,0,2.2125
S1169,D001,39,Male,2,3,2.5062,2.2125,1,2.5412
S1169,D001,39,Male,2,4,2.2125,2.5412,2,2.5083
S1169,D001,39,Male,3,5,2.5412,2.5083,3,2.472
S1169,D001,39,Male,3,6,2.5083,2.472,4,2.425
S1170,D002,41,Male,1,2,3.0,3.2,0,3.5125
S1172,D005,39,Female,1,2,3.0412,3.0625,0,3.1579
S1172,D005,39,Female,2,3,3.0625,3.1579,0,3.1875
S1172,D005,39,Female,2,4,3.1579,3.1875,0,3.1643
S1172,D005,39,Female,3,5,3.1875,3.1643,0,3.0
S1172,D005,39,Female,3,6,3.1643,3.0,0,2.825
S1172,D005,39,Female,4,7,3.0,2.825,0,2.6867
S1173,D005,41,Female,1,2,3.5235,3.25,0,3.2632
S1174,D001,40,Male,1,2,2.8412,2.9,0,2.9125
S1174,D001,40,Male,2,3,2.9,2.9125,0,2.1294
S1174,D001,40,Male,2,4,2.9125,2.1294,1,2.8083
S1174,D001,40,Male,3,5,2.1294,2.8083,2,2.736
S1178,D004,41,Male,1,2,3.7385,3.7647,0,3.9067
S1178,D004,41,Male,2,3,3.7647,3.9067,0,3.8909
S1179,D002,41,Female,1,2,2.7235,3.525,2,3.2
S1179,D002,41,Female,2,3,3.525,3.2,3,3.4647
S1180,D002,41,Male,1,2,3.7588,3.85,0,3.8375
S1180,D002,41,Male,2,3,3.85,3.8375,0,3.3294
S1181,D001,40,Male,1,2,2.2706,3.175,2,2.8
S1181,D001,40,Male,2,3,3.175,2.8,3,3.4235
S1181,D001,40,Male,2,4,2.8,3.4235,4,3.125
S1183,D001,41,Female,1,2,2.8353,3.3812,0,3.1625
S1184,D001,40,Male,1,2,2.7353,2.1062,1,1.9125
S1184,D001,40,Male,2,3,2.1062,1.9125,3,2.1941
S1184,D001,40,Male,2,4,1.9125,2.1941,5,2.825
S1185,D002,41,Male,1,2,2.4824,2.4438,0,2.4
S1185,D002,41,Male,2,3,2.4438,2.4,0,2.1235
S1189,D002,40,Male,1,2,3.2059,3.0062,0,3.4625
S1189,D002,40,Male,2,3,3.0062,3.4625,0,3.0294
S1189,D002,40,Male,2,4,3.4625,3.0294,0,3.125
S1189,D002,40,Male,3,5,3.0294,3.125,0,3.3077
S1190,D002,40,Male,1,2,3.1118,2.7938,0,2.9
S1190,D002,40,Male,2,3,2.7938,2.9,0,3.4706
S1190,D002,40,Male,2,4,2.9,3.4706,0,3.3083
S1190,D002,40,Male,3,5,3.4706,3.3083,0,2.8731
S1192,D001,40,Male,1,2,3.2824,3.9438,0,3.55
S1192,D001,40,Male,2,3,3.9438,3.55,0,3.9294
S1192,D001,40,Male,2,4,3.55,3.9294,0,3.675
S1192,D001,40,Male,3,5,3.9294,3.675,0,3.58
S1193,D001,40,Male,1,2,2.8706,3.4125,0,3.25
S1193,D001,40,Male,2,3,3.4125,3.25,0,3.4059
S1193,D001,40,Male,2,4,3.25,3.4059,0,3.475
S1193,D001,40,Male,3,5,3.4059,3.475,0,3.616
S1194,D005,41,Male,1,2,4.0,4.0,0,4.0
S1195,D001,41,Male,1,2,2.2706,2.1625,0,2.0375
S1196,D001,39,Male,1,2,3.6059,3.675,0,3.25
S1196,D001,39,Male,2,3,3.675,3.25,0,3.5529
S1196,D001,39,Male,2,4,3.25,3.5529,0,3.175
S1196,D001,39,Male,3,5,3.5529,3.175,0,3.62
S1196,D001,39,Male,3,6,3.175,3.62,0,3.5
S1199,D004,41,Female,1,2,3.2154,2.5706,2,2.9133
S1200,D002,40,Male,1,2,3.6059,3.8,0,3.825
S1200,D002,40,Male,2,3,3.8,3.825,0,3.8294
S1200,D002,40,Male,2,4,3.825,3.8294,0,3.8667
S1201,D001,41,Male,1,2,2.3941,2.5375,0,2.8875
S1202,D001,41,Female,1,2,2.9588,3.0875,0,3.05
S1203,D002,41,Female,1,2,3.9471,4.0,0,4.0
S1203,D002,41,Female,2,3,4.0,4.0,0,4.0
S1204,D003,40,Male,1,2,3.8588,3.6444,0,3.72
S1204,D003,40,Male,2,3,3.6444,3.72,0,3.5176
S1204,D003,40,Male,2,4,3.72,3.5176,0,3.508
S1205,D002,39,Female,1,2,3.6059,3.8375,0,3.5375
S1205,D002,39,Female,2,3,3.8375,3.5375,0,3.9118
S1205,D002,39,Female,2,4,3.5375,3.9118,0,3.7333
S1205,D002,39,Female,3,5,3.9118,3.7333,0,3.5346
S1205,D002,39,Female,3,6,3.7333,3.5346,0,3.5667
S1206,D003,40,Male,1,2,2.8882,3.1556,0,3.26
S1206,D003,40,Male,2,3,3.1556,3.26,0,2.9235
S1206,D003,40,Male,2,4,3.26,2.9235,0,3.052
S1206,D003,40,Male,3,5,2.9235,3.052,0,3.0565
S1211,D005,41,Female,1,2,3.0471,2.7625,0,2.3316
S1212,D003,39,Male,1,2,3.2882,3.0167,0,2.7733
S1212,D003,39,Male,2,3,3.0167,2.7733,0,3.2235
S1212,D003,39,Male,2,4,2.7733,3.2235,0,2.808
S1212,D003,39,Male,3,5,3.2235,2.808,0,3.3043
S1212,D003,39,Male,3,6,2.808,3.3043,0,3.2571
S1212,D003,39,Male,4,7,3.3043,3.2571,0,3.0
S1213,D002,40,Male,1,2,3.4824,3.2625,0,3.3625
S1213,D002,40,Male,2,3,3.2625,3.3625,0,3.6176
S1213,D002,40,Male,2,4,3.3625,3.6176,0,3.0917
S1214,D003,41,Male,1,2,3.0294,3.0444,0,3.2867
S1215,D001,40,Male,1,2,3.5353,3.7188,0,3.85
S1215,D001,40,Male,2,3,3.7188,3.85,0,3.4588
S1215,D001,40,Male,2,4,3.85,3.4588,0,3.5583
S1216,D001,41,Male,1,2,3.8235,3.8125,0,3.9625
S1217,D003,41,Male,1,2,2.8824,3.0056,0,3.5067
S1219,D004,41,Male,1,2,3.4,3.3412,0,2.7867
S1221,D001,41,Female,1,2,3.5176,3.7875,0,3.9625
S1222,D004,39,Male,1,2,2.7923,3.0059,0,2.7133
S1222,D004,39,Male,2,3,3.0059,2.7133,1,3.0727
S1222,D004,39,Male,2,4,2.7133,3.0727,2,2.8632
S1222,D004,39,Male,3,5,3.0727,2.8632,3,2.8857
S1222,D004,39,Male,3,6,2.8632,2.8857,4,2.5154
S1222,D004,39,Male,4,7,2.8857,2.5154,5,3.0
S1224,D002,40,Female,1,2,3.4765,3.7062,0,3.0875
S1224,D002,40,Female,2,3,3.7062,3.0875,0,3.1294
S1224,D002,40,Female,2,4,3.0875,3.1294,0,3.2583
S1224,D002,40,Female,3,5,3.1294,3.2583,0,3.1462
S1226,D005,41,Male,1,2,3.5529,3.0312,0,2.9789
S1227,D002,41,Female,1,2,3.2765,3.0812,0,3.1125
S1227,D002,41,Female,2,3,3.0812,3.1125,0,3.0353
S1229,D004,41,Female,1,2,3.7769,3.4647,0,3.0267
S1230,D005,40,Male,1,2,3.8235,3.5875,0,3.7053
S1230,D005,40,Male,2,3,3.5875,3.7053,0,3.9062
S1230,D005,40,Male,2,4,3.7053,3.9062,0,3.75
S1232,D004,41,Male,1,2,4.0,3.9647,0,3.8667
S1232,D004,41,Male,2,3,3.9647,3.8667,0,4.0
S1233,D004,41,Male,1,2,3.2846,3.1588,0,3.56
S1234,D001,39,Male,1,2,2.7118,3.125,0,3.075
S1234,D001,39,Male,2,3,3.125,3.075,0,2.9882
S1234,D001,39,Male,2,4,3.075,2.9882,0,3.2333
S1234,D001,39,Male,3,5,2.9882,3.2333,0,3.332
S1234,D001,39,Male,3,6,3.2333,3.332,0,3.325
S1237,D005,40,Female,1,2,2.9941,2.725,0,2.2474
S1237,D005,40,Female,2,3,2.725,2.2474,1,2.6375
S1237,D005,40,Female,2,4,2.2474,2.6375,2,2.8214
S1237,D005,40,Female,3,5,2.6375,2.8214,3,3.0
S1239,D002,39,Female,1,2,3.6118,3.3375,0,3.875
S1239,D002,39,Female,2,3,3.3375,3.875,0,3.3765
S1239,D002,39,Female,2,4,3.875,3.3765,0,3.4417
S1239,D002,39,Female,3,5,3.3765,3.4417,0,3.7308
S1239,D002,39,Female,3,6,3.4417,3.7308,0,3.5667
S1239,D002,39,Female,4,7,3.7308,3.5667,0,3.88
S1240,D003,40,Male,1,2,2.2588,2.9944,0,2.1667
S1240,D003,40,Male,2,3,2.9944,2.1667,0,2.1
S1240,D003,40,Male,2,4,2.1667,2.1,1,2.516
S1240,D003,40,Male,3,5,2.1,2.516,3,2.4783
S1241,D003,41,Male,1,2,3.4412,3.3167,0,3.08
S1241,D003,41,Male,2,3,3.3167,3.08,0,3.1647
S1242,D005,39,Male,1,2,2.7882,2.6625,0,2.6579
S1242,D005,39,Male,2,3,2.6625,2.6579,0,2.5312
S1242,D005,39,Male,2,4,2.6579,2.5312,0,3.15
S1242,D005,39,Male,3,5,2.5312,3.15,1,2.0
S1242,D005,39,Male,3,6,3.15,2.0,2,2.9583
S1242,D005,39,Male,4,7,2.0,2.9583,3,2.62
S1244,D005,40,Female,1,2,4.0,4.0,0,3.9526
S1244,D005,40,Female,2,3,4.0,3.9526,0,4.0
S1244,D005,40,Female,2,4,3.9526,4.0,0,3.85
S1245,D004,41,Female,1,2,3.9077,3.8059,0,3.8667
S1249,D004,41,Male,1,2,3.3846,3.0294,0,2.6467
S1250,D001,41,Male,1,2,3.6353,3.2562,0,3.2125
S1251,D001,39,Male,1,2,3.4765,3.7562,0,3.4125
S1251,D001,39,Male,2,3,3.7562,3.4125,0,3.6647
S1251,D001,39,Male,2,4,3.4125,3.6647,0,3.3917
S1251,D001,39,Male,3,5,3.6647,3.3917,0,3.712
S1251,D001,39,Male,3,6,3.3917,3.712,0,3.5875
S1251,D001,39,Male,4,7,3.712,3.5875,0,3.72
S1253,D004,41,Male,1,2,3.4462,3.6765,0,3.4933
S1253,D004,41,Male,2,3,3.6765,3.4933,0,3.3818
S1254,D001,41,Female,1,2,3.7176,3.8375,0,3.75
S1254,D001,41,Female,2,3,3.8375,3.75,0,3.7059
S1256,D003,41,Male,1,2,3.7765,3.3778,0,3.8667
S1257,D002,41,Male,1,2,3.8824,3.8562,0,3.9625
S1259,D004,39,Female,1,2,3.1154,3.8765,0,3.7
S1259,D004,39,Female,2,3,3.8765,3.7,0,3.5818
S1259,D004,39,Female,2,4,3.7,3.5818,0,3.6105
S1259,D004,39,Female,3,5,3.5818,3.6105,0,3.5381
S1259,D004,39,Female,3,6,3.6105,3.5381,0,3.6462
S1259,D004,39,Female,4,7,3.5381,3.6462,0,2.3
S1262,D005,40,Male,1,2,3.9647,3.8688,0,3.7368
S1262,D005,40,Male,2,3,3.8688,3.7368,0,3.875
S1262,D005,40,Male,2,4,3.7368,3.875,0,3.9571
S1262,D005,40,Male,3,5,3.875,3.9571,0,4.0
S1263,D001,41,Female,1,2,2.9941,3.525,0,3.3875
S1263,D001,41,Female,2,3,3.525,3.3875,0,3.5294
S1264,D004,41,Male,1,2,3.9538,4.0,0,4.0
S1265,D003,41,Male,1,2,3.5471,3.8222,0,3.5533
S1265,D003,41,Male,2,3,3.8222,3.5533,0,3.5706
S1267,D003,41,Male,1,2,4.0,3.9667,0,4.0
S1268,D004,40,Male,1,2,3.5,3.4353,0,3.8467
S1268,D004,40,Male,2,3,3.4353,3.8467,0,3.5636
S1268,D004,40,Male,2,4,3.8467,3.5636,0,3.1737
S1268,D004,40,Male,3,5,3.5636,3.1737,0,3.1667
S1269,D002,41,Male,1,2,2.0353,1.5563,2,2.075
S1271,D001,40,Female,1,2,4.0,4.0,0,4.0
S1271,D001,40,Female,2,3,4.0,4.0,0,3.9647
S1271,D001,40,Female,2,4,4.0,3.9647,0,3.725
S1271,D001,40,Female,3,5,3.9647,3.725,0,3.848
S1272,D004,39,Female,1,2,3.4769,3.6647,0,3.7267
S1272,D004,39,Female,2,3,3.6647,3.7267,0,3.7091
S1272,D004,39,Female,2,4,3.7267,3.7091,0,3.3526
S1272,D004,39,Female,3,5,3.7091,3.3526,0,3.5619
S1272,D004,39,Female,3,6,3.3526,3.5619,0,3.6462
S1272,D004,39,Female,4,7,3.5619,3.6462,0,3.3
S1274,D005,39,Male,1,2,3.9176,3.7062,0,3.5263
S1274,D005,39,Male,2,3,3.7062,3.5263,0,3.6
S1274,D005,39,Male,2,4,3.5263,3.6,0,3.7643
S1274,D005,39,Male,3,5,3.6,3.7643,0,4.0
S1274,D005,39,Male,3,6,3.7643,4.0,0,3.8375
S1275,D005,39,Female,1,2,3.3471,3.3688,0,3.4842
S1275,D005,39,Female,2,3,3.3688,3.4842,0,3.5562
S1275,D005,39,Female,2,4,3.4842,3.5562,0,3.3143
S1275,D005,39,Female,3,5,3.5562,3.3143,0,3.7
S1275,D005,39,Female,3,6,3.3143,3.7,0,3.5292
S1276,D002,39,Female,1,2,3.4882,3.8062,0,3.7125
S1276,D002,39,Female,2,3,3.8062,3.7125,0,3.8765
S1276,D002,39,Female,2,4,3.7125,3.8765,0,3.8917
S1276,D002,39,Female,3,5,3.8765,3.8917,0,3.7192
S1276,D002,39,Female,3,6,3.8917,3.7192,0,3.7889
S1278,D001,41,Male,1,2,2.6,2.7812,0,2.4875
S1278,D001,41,Male,2,3,2.7812,2.4875,0,2.5353
S1279,D001,39,Male,1,2,3.1294,3.3562,0,3.05
S1279,D001,39,Male,2,3,3.3562,3.05,0,3.1529
S1279,D001,39,Male,2,4,3.05,3.1529,0,3.3833
S1279,D001,39,Male,3,5,3.1529,3.3833,0,3.492
S1279,D001,39,Male,3,6,3.3833,3.492,0,3.425
S1279,D001,39,Male,4,7,3.492,3.425,0,3.58
S1280,D002,41,Male,1,2,4.0,3.8625,0,3.875
S1280,D002,41,Male,2,3,3.8625,3.875,0,4.0
S1281,D003,41,Male,1,2,3.3,3.4722,0,3.5467
S1282,D003,41,Male,1,2,3.7235,3.7333,0,3.8667
S1282,D003,41,Male,2,3,3.7333,3.8667,0,3.7706
S1285,D005,40,Male,1,2,2.7059,3.0688,0,3.0947
S1285,D005,40,Male,2,3,3.0688,3.0947,0,2.625
S1285,D005,40,Male,2,4,3.0947,2.625,0,2.6857
S1285,D005,40,Male,3,5,2.625,2.6857,1,3.3
S1286,D003,40,Male,1,2,3.9471,3.9833,0,3.7333
S1286,D003,40,Male,2,3,3.9833,3.7333,0,3.9118
S1286,D003,40,Male,2,4,3.7333,3.9118,0,3.972
S1286,D003,40,Male,3,5,3.9118,3.972,0,3.8609
S1287,D005,41,Male,1,2,2.6647,2.6125,0,2.8947
S1287,D005,41,Male,2,3,2.6125,2.8947,0,2.9812
S1291,D002,40,Female,1,2,1.9118,2.575,2,3.0125
S1291,D002,40,Female,2,3,2.575,3.0125,3,2.2647
S1291,D002,40,Female,2,4,3.0125,2.2647,5,2.4417
S1291,D002,40,Female,3,5,2.2647,2.4417,7,2.6308
S1292,D001,41,Female,1,2,3.0647,2.9062,0,3.5375
S1292,D001,41,Female,2,3,2.9062,3.5375,0,3.1706
S1294,D001,41,Male,1,2,3.4647,3.6438,0,3.9625
S1294,D001,41,Male,2,3,3.6438,3.9625,0,3.5529
S1296,D005,40,Male,1,2,2.9353,2.9062,0,3.0526
S1296,D005,40,Male,2,3,2.9062,3.0526,0,2.8938
S1296,D005,40,Male,2,4,3.0526,2.8938,0,2.3286
S1297,D001,40,Male,1,2,2.4059,2.3812,1,2.7375
S1297,D001,40,Male,2,3,2.3812,2.7375,2,2.5412
S1297,D001,40,Male,2,4,2.7375,2.5412,4,2.725
S1298,D003,41,Male,1,2,2.8941,3.05,0,2.9267
S1298,D003,41,Male,2,3,3.05,2.9267,0,2.9765
S1299,D002,41,Female,1,2,3.9235,3.75,0,3.875
S1300,D005,40,Male,1,2,3.7176,3.9438,0,4.0
S1300,D005,40,Male,2,3,3.9438,4.0,0,3.9625
S1300,D005,40,Male,2,4,4.0,3.9625,0,4.0
S1300,D005,40,Male,3,5,3.9625,4.0,0,4.0
S1301,D001,41,Male,1,2,3.2353,2.9062,0,2.575
S1301,D001,41,Male,2,3,2.9062,2.575,0,3.3294
S1302,D001,41,Female,1,2,2.4765,2.525,2,2.95
S1302,D001,41,Female,2,3,2.525,2.95,3,2.7882
S1304,D004,41,Male,1,2,3.3077,3.5765,0,3.2733
S1304,D004,41,Male,2,3,3.5765,3.2733,0,3.3182
S1305,D004,41,Male,1,2,2.7154,3.1765,0,2.9467
S1305,D004,41,Male,2,3,3.1765,2.9467,0,3.1091
S1306,D003,39,Female,1,2,2.9471,3.3611,0,3.18
S1306,D003,39,Female,2,3,3.3611,3.18,1,2.9412
S1306,D003,39,Female,2,4,3.18,2.9412,2,3.292
S1306,D003,39,Female,3,5,2.9412,3.292,3,3.0739
S1306,D003,39,Female,3,6,3.292,3.0739,4,3.1571
S1306,D003,39,Female,4,7,3.0739,3.1571,5,2.0
S1307,D004,41,Male,1,2,3.6385,3.6824,0,3.5667
S1311,D005,41,Female,1,2,2.9294,3.0312,0,2.8684
S1312,D003,40,Female,1,2,3.9,3.7556,0,3.7667
S1312,D003,40,Female,2,3,3.7556,3.7667,0,3.8647
S1312,D003,40,Female,2,4,3.7667,3.8647,0,3.92
S1314,D005,41,Male,1,2,2.3412,3.175,4,3.0474
S1315,D001,41,Male,1,2,3.5294,3.9625,0,3.675
S1315,D001,41,Male,2,3,3.9625,3.675,0,3.4176
S1317,D001,41,Male,1,2,3.7118,4.0,0,3.8875
S1318,D005,41,Male,1,2,3.3706,4.0,0,3.6526
S1318,D005,41,Male,2,3,4.0,3.6526,0,3.65
S1319,D001,41,Male,1,2,1.8176,1.0875,6,1.9625
S1319,D001,41,Male,2,3,1.0875,1.9625,11,2.2471
S1320,D003,39,Male,1,2,2.8294,3.0278,0,3.7267
S1320,D003,39,Male,2,3,3.0278,3.7267,0,3.5235
S1320,D003,39,Male,2,4,3.7267,3.5235,0,3.176
S1320,D003,39,Male,3,5,3.5235,3.176,1,3.2783
S1320,D003,39,Male,3,6,3.176,3.2783,2,3.4333
S1321,D005,40,Male,1,2,3.5765,3.5875,0,3.5579
S1321,D005,40,Male,2,3,3.5875,3.5579,0,3.6188
S1321,D005,40,Male,2,4,3.5579,3.6188,0,3.8143
S1321,D005,40,Male,3,5,3.6188,3.8143,0,4.0
S1323,D003,41,Female,1,2,2.9529,2.7222,0,2.8933
S1323,D003,41,Female,2,3,2.7222,2.8933,0,2.6412
S1324,D003,40,Female,1,2,3.9647,3.7167,0,3.7267
S1324,D003,40,Female,2,3,3.7167,3.7267,0,3.9647
S1324,D003,40,Female,2,4,3.7267,3.9647,0,3.944
S1324,D003,40,Female,3,5,3.9647,3.944,0,3.9304
S1325,D002,39,Male,1,2,3.6941,3.5688,0,3.575
S1325,D002,39,Male,2,3,3.5688,3.575,0,3.4353
S1325,D002,39,Male,2,4,3.575,3.4353,0,3.5333
S1325,D002,39,Male,3,5,3.4353,3.5333,0,3.6577
S1325,D002,39,Male,3,6,3.5333,3.6577,0,3.5111
S1326,D005,40,Female,1,2,3.7941,3.9125,0,3.8789
S1326,D005,40,Female,2,3,3.9125,3.8789,0,3.75
S1326,D005,40,Female,2,4,3.8789,3.75,0,3.5857
S1326,D005,40,Female,3,5,3.75,3.5857,0,4.0
S1327,D005,39,Female,1,2,3.8471,3.7562,0,3.5737
S1327,D005,39,Female,2,3,3.7562,3.5737,0,3.9125
S1327,D005,39,Female,2,4,3.5737,3.9125,0,3.6857
S1327,D005,39,Female,3,5,3.9125,3.6857,0,4.0
S1327,D005,39,Female,3,6,3.6857,4.0,0,4.0
S1330,D005,40,Male,1,2,4.0,3.5375,0,3.5421
S1330,D005,40,Male,2,3,3.5375,3.5421,0,3.3188
S1330,D005,40,Male,2,4,3.5421,3.3188,0,4.0
S1330,D005,40,Male,3,5,3.3188,4.0,0,4.0
S1333,D004,39,Male,1,2,3.8615,4.0,0,4.0
S1333,D004,39,Male,2,3,4.0,4.0,0,4.0
S1333,D004,39,Male,2,4,4.0,4.0,0,3.9684
S1333,D004,39,Male,3,5,4.0,3.9684,0,3.8571
S1333,D004,39,Male,3,6,3.9684,3.8571,0,3.8385
S1335,D003,41,Male,1,2,4.0,3.95,0,4.0
S1336,D001,41,Male,1,2,3.8471,3.5188,0,3.675
S1336,D001,41,Male,2,3,3.5188,3.675,0,3.7059
S1337,D003,41,Female,1,2,3.1588,3.3556,0,3.56
S1337,D003,41,Female,2,3,3.3556,3.56,0,3.3
S1338,D003,39,Male,1,2,3.6412,3.2611,0,3.5933
S1338,D003,39,Male,2,3,3.2611,3.5933,0,3.8824
S1338,D003,39,Male,2,4,3.5933,3.8824,0,3.64
S1338,D003,39,Male,3,5,3.8824,3.64,0,3.6087
S1338,D003,39,Male,3,6,3.64,3.6087,0,3.3
S1339,D004,40,Female,1,2,3.2692,3.3,0,3.2533
S1339,D004,40,Female,2,3,3.3,3.2533,0,3.2455
S1339,D004,40,Female,2,4,3.2533,3.2455,0,3.1053
S1340,D002,40,Male,1,2,3.6059,3.2875,0,3.45
S1340,D002,40,Male,2,3,3.2875,3.45,0,2.8176
S1340,D002,40,Male,2,4,3.45,2.8176,0,3.5833
S1340,D002,40,Male,3,5,2.8176,3.5833,0,3.5192
S1341,D003,41,Male,1,2,3.3882,3.4111,0,3.24
S1342,D002,39,Male,1,2,3.7294,3.9812,0,3.8375
S1342,D002,39,Male,2,3,3.9812,3.8375,0,4.0
S1342,D002,39,Male,2,4,3.8375,4.0,0,3.925
S1342,D002,39,Male,3,5,4.0,3.925,0,3.8462
S1342,D002,39,Male,3,6,3.925,3.8462,0,3.9222
S1347,D002,39,Male,1,2,2.8176,2.55,0,2.925
S1347,D002,39,Male,2,3,2.55,2.925,1,2.4647
S1347,D002,39,Male,2,4,2.925,2.4647,2,2.9333
S1347,D002,39,Male,3,5,2.4647,2.9333,3,2.7192
S1347,D002,39,Male,3,6,2.9333,2.7192,5,2.8889
S1348,D001,39,Female,1,2,3.9647,3.8125,0,3.8375
S1348,D001,39,Female,2,3,3.8125,3.8375,0,3.8824
S1348,D001,39,Female,2,4,3.8375,3.8824,0,3.925
S1348,D001,39,Female,3,5,3.8824,3.925,0,3.988
S1348,D001,39,Female,3,6,3.925,3.988,0,3.9625
S1349,D002,39,Male,1,2,3.2882,3.2312,0,3.425
S1349,D002,39,Male,2,3,3.2312,3.425,0,3.7059
S1349,D002,39,Male,2,4,3.425,3.7059,0,3.3583
S1349,D002,39,Male,3,5,3.7059,3.3583,0,3.5538
S1349,D002,39,Male,3,6,3.3583,3.5538,0,3.3667
S1350,D003,39,Male,1,2,3.9471,4.0,0,3.96
S1350,D003,39,Male,2,3,4.0,3.96,0,4.0
S1350,D003,39,Male,2,4,3.96,4.0,0,4.0
S1350,D003,39,Male,3,5,4.0,4.0,0,4.0
S1350,D003,39,Male,3,6,4.0,4.0,0,4.0
S1351,D001,40,Male,1,2,3.3765,3.6562,0,3.75
S1351,D001,40,Male,2,3,3.6562,3.75,0,3.9647
S1351,D001,40,Male,2,4,3.75,3.9647,0,3.6167
S1352,D005,39,Male,1,2,3.7588,3.6812,0,2.7368
S1352,D005,39,Male,2,3,3.6812,2.7368,0,3.4188
S1352,D005,39,Male,2,4,2.7368,3.4188,0,3.3643
S1352,D005,39,Male,3,5,3.4188,3.3643,0,4.0
S1352,D005,39,Male,3,6,3.3643,4.0,0,3.1208
S1352,D005,39,Male,4,7,4.0,3.1208,0,2.5667
S1354,D001,39,Male,1,2,3.7412,3.775,0,3.4625
S1354,D001,39,Male,2,3,3.775,3.4625,0,3.3824
S1354,D001,39,Male,2,4,3.4625,3.3824,0,3.25
S1354,D001,39,Male,3,5,3.3824,3.25,0,3.552
S1354,D001,39,Male,3,6,3.25,3.552,0,3.325
S1355,D001,40,Male,1,2,3.7353,3.8062,0,3.7625
S1355,D001,40,Male,2,3,3.8062,3.7625,0,3.6529
S1355,D001,40,Male,2,4,3.7625,3.6529,0,3.7
S1356,D004,40,Female,1,2,3.8231,3.3471,0,3.94
S1356,D004,40,Female,2,3,3.3471,3.94,0,3.6364
S1356,D004,40,Female,2,4,3.94,3.6364,0,3.3
S1356,D004,40,Female,3,5,3.6364,3.3,0,3.519
S1357,D004,41,Female,1,2,3.5692,3.7235,0,3.4867
S1359,D003,40,Male,1,2,3.8529,3.6056,0,3.4067
S1359,D003,40,Male,2,3,3.6056,3.4067,0,3.3706
S1359,D003,40,Male,2,4,3.4067,3.3706,0,3.812
S1359,D003,40,Male,3,5,3.3706,3.812,0,3.4435
S1360,D003,40,Female,1,2,3.4059,3.3889,0,3.6067
S1360,D003,40,Female,2,3,3.3889,3.6067,0,3.7941
S1360,D003,40,Female,2,4,3.6067,3.7941,0,3.628
S1361,D001,39,Male,1,2,2.9471,2.8188,0,3.075
S1361,D001,39,Male,2,3,2.8188,3.075,0,2.7824
S1361,D001,39,Male,2,4,3.075,2.7824,0,3.55
S1361,D001,39,Male,3,5,2.7824,3.55,0,3.28
S1361,D001,39,Male,3,6,3.55,3.28,0,3.575
S1361,D001,39,Male,4,7,3.28,3.575,0,4.0
S1362,D001,41,Male,1,2,4.0,4.0,0,3.9125
S1362,D001,41,Male,2,3,4.0,3.9125,0,4.0
S1363,D004,40,Male,1,2,3.5077,3.7647,0,3.08
S1363,D004,40,Male,2,3,3.7647,3.08,0,3.1273
S1363,D004,40,Male,2,4,3.08,3.1273,0,3.0842
S1365,D004,41,Male,1,2,3.2538,2.7235,0,3.04
S1365,D004,41,Male,2,3,2.7235,3.04,0,3.4818
S1366,D003,41,Female,1,2,3.9647,3.8889,0,3.96
S1366,D003,41,Female,2,3,3.8889,3.96,0,3.9118
S1368,D003,39,Male,1,2,3.2706,2.6833,1,3.28
S1368,D003,39,Male,2,3,2.6833,3.28,2,3.4765
S1368,D003,39,Male,2,4,3.28,3.4765,3,3.556
S1368,D003,39,Male,3,5,3.4765,3.556,4,3.387
S1368,D003,39,Male,3,6,3.556,3.387,5,3.0667
S1369,D002,41,Male,1,2,3.2412,2.8125,0,3.3875
S1369,D002,41,Male,2,3,2.8125,3.3875,0,2.9118
S1370,D003,40,Male,1,2,3.5824,3.8,0,3.56
S1370,D003,40,Male,2,3,3.8,3.56,0,3.7059
S1370,D003,40,Male,2,4,3.56,3.7059,0,3.328
S1371,D003,39,Male,1,2,3.6882,3.7444,0,3.7333
S1371,D003,39,Male,2,3,3.7444,3.7333,0,3.7
S1371,D003,39,Male,2,4,3.7333,3.7,0,3.784
S1371,D003,39,Male,3,5,3.7,3.784,0,3.5652
S1371,D003,39,Male,3,6,3.784,3.5652,0,3.5381
S1371,D003,39,Male,4,7,3.5652,3.5381,0,4.0
S1372,D001,41,Female,1,2,4.0,4.0,0,3.875
S1373,D003,40,Male,1,2,3.5235,3.0889,0,3.2333
S1373,D003,40,Male,2,3,3.0889,3.2333,0,3.3412
S1373,D003,40,Male,2,4,3.2333,3.3412,0,3.132
S1373,D003,40,Male,3,5,3.3412,3.132,0,3.0478
S1374,D004,41,Male,1,2,3.1308,3.5294,0,3.4533
S1374,D004,41,Male,2,3,3.5294,3.4533,0,3.4818
S1375,D005,40,Male,1,2,3.1,3.2562,0,3.4842
S1375,D005,40,Male,2,3,3.2562,3.4842,0,3.7062
S1375,D005,40,Male,2,4,3.4842,3.7062,0,3.5214
S1375,D005,40,Male,3,5,3.7062,3.5214,0,3.0
S1377,D005,40,Female,1,2,4.0,4.0,0,3.8421
S1377,D005,40,Female,2,3,4.0,3.8421,0,4.0
S1377,D005,40,Female,2,4,3.8421,4.0,0,4.0
S1378,D005,40,Female,1,2,3.4529,3.4375,0,3.4474
S1378,D005,40,Female,2,3,3.4375,3.4474,0,3.4375
S1378,D005,40,Female,2,4,3.4474,3.4375,0,3.8571
S1380,D001,39,Female,1,2,4.0,3.8875,0,3.75
S1380,D001,39,Female,2,3,3.8875,3.75,0,3.9176
S1380,D001,39,Female,2,4,3.75,3.9176,0,3.8917
S1380,D001,39,Female,3,5,3.9176,3.8917,0,3.852
S1380,D001,39,Female,3,6,3.8917,3.852,0,3.875
S1380,D001,39,Female,4,7,3.852,3.875,0,4.0
S1382,D002,39,Female,1,2,2.2706,1.8062,5,1.8875
S1382,D002,39,Female,2,3,1.8062,1.8875,9,2.0353
S1382,D002,39,Female,2,4,1.8875,2.0353,13,2.1833
S1382,D002,39,Female,3,5,2.0353,2.1833,17,1.9577
S1382,D002,39,Female,3,6,2.1833,1.9577,23,2.1444
S1382,D002,39,Female,4,7,1.9577,2.1444,29,2.12
S1383,D004,40,Male,1,2,3.5,3.3941,0,3.82
S1383,D004,40,Male,2,3,3.3941,3.82,0,3.5818
S1383,D004,40,Male,2,4,3.82,3.5818,0,3.6368
S1384,D002,41,Male,1,2,3.3706,3.2688,0,3.05
S1385,D001,41,Male,1,2,3.2882,3.2063,0,3.4625
S1385,D001,41,Male,2,3,3.2063,3.4625,0,3.5294
S1389,D005,41,Male,1,2,3.6,3.8688,0,3.4526
S1390,D005,41,Female,1,2,3.6529,3.325,0,3.8158
S1390,D005,41,Female,2,3,3.325,3.8158,0,3.9125
S1391,D005,40,Male,1,2,3.1765,2.85,0,2.8421
S1391,D005,40,Male,2,3,2.85,2.8421,1,2.975
S1391,D005,40,Male,2,4,2.8421,2.975,2,2.6714
S1392,D003,39,Male,1,2,3.4588,3.2778,0,2.9267
S1392,D003,39,Male,2,3,3.2778,2.9267,0,3.1353
S1392,D003,39,Male,2,4,2.9267,3.1353,0,2.972
S1392,D003,39,Male,3,5,3.1353,2.972,0,3.2217
S1392,D003,39,Male,3,6,2.972,3.2217,0,3.2143
S1393,D001,41,Male,1,2,3.9471,3.8375,0,4.0
S1394,D002,39,Male,1,2,3.3588,3.0188,0,3.175
S1394,D002,39,Male,2,3,3.0188,3.175,0,3.3765
S1394,D002,39,Male,2,4,3.175,3.3765,0,3.2917
S1394,D002,39,Male,3,5,3.3765,3.2917,0,2.9885
S1394,D002,39,Male,3,6,3.2917,2.9885,0,3.2222
S1395,D005,40,Male,1,2,4.0,3.9625,0,4.0
S1395,D005,40,Male,2,3,3.9625,4.0,0,4.0
S1395,D005,40,Male,2,4,4.0,4.0,0,4.0
S1395,D005,40,Male,3,5,4.0,4.0,0,4.0
S1396,D005,41,Male,1,2,3.6412,3.6688,0,3.6579
S1396,D005,41,Male,2,3,3.6688,3.6579,0,3.4562
S1398,D002,41,Female,1,2,3.6765,3.7125,0,3.6125
S1398,D002,41,Female,2,3,3.7125,3.6125,0,3.7412
S1399,D004,41,Female,1,2,3.8846,3.9118,0,3.92
S1399,D004,41,Female,2,3,3.9118,3.92,0,3.7364
S1400,D001,41,Female,1,2,2.7706,3.1438,0,3.4125
S1400,D001,41,Female,2,3,3.1438,3.4125,1,2.9588
S1406,D001,41,Male,1,2,3.5529,3.0625,0,3.8
S1406,D001,41,Male,2,3,3.0625,3.8,0,3.8471
S1407,D004,41,Female,1,2,3.9308,3.7941,0,3.8
S1408,D003,40,Male,1,2,2.2471,3.1056,0,2.8467
S1408,D003,40,Male,2,3,3.1056,2.8467,0,2.7235
S1408,D003,40,Male,2,4,2.8467,2.7235,0,2.908
S1408,D003,40,Male,3,5,2.7235,2.908,0,2.3435
S1409,D003,40,Male,1,2,2.8118,2.9556,0,2.0733
S1409,D003,40,Male,2,3,2.9556,2.0733,1,3.0118
S1409,D003,40,Male,2,4,2.0733,3.0118,2,2.772
S1410,D001,41,Male,1,2,3.0471,3.6062,0,3.575
S1410,D001,41,Male,2,3,3.6062,3.575,0,3.4824
S1412,D002,41,Female,1,2,3.9824,3.9062,0,3.9625
S1413,D005,41,Male,1,2,3.3588,3.6125,0,2.9632
S1413,D005,41,Male,2,3,3.6125,2.9632,0,3.3625
S1415,D001,39,Male,1,2,3.1059,4.0,0,3.4625
S1415,D001,39,Male,2,3,4.0,3.4625,0,3.7824
S1415,D001,39,Male,2,4,3.4625,3.7824,0,3.6167
S1415,D001,39,Male,3,5,3.7824,3.6167,0,3.66
S1415,D001,39,Male,3,6,3.6167,3.66,0,3.7125
S1415,D001,39,Male,4,7,3.66,3.7125,0,4.0
S1416,D004,41,Male,1,2,4.0,3.9118,0,3.8667
S1417,D003,41,Male,1,2,4.0,3.95,0,4.0
S1418,D001,41,Male,1,2,2.9412,2.3625,0,2.625
S1418,D001,41,Male,2,3,2.3625,2.625,0,2.7176
S1420,D002,41,Male,1,2,2.6706,1.925,2,2.175
S1423,D002,40,Female,1,2,3.8765,4.0,0,3.75
S1423,D002,40,Female,2,3,4.0,3.75,0,3.9471
S1423,D002,40,Female,2,4,3.75,3.9471,0,3.8167
S1423,D002,40,Female,3,5,3.9471,3.8167,0,3.7615
S1425,D001,41,Male,1,2,2.7941,3.2688,0,3.2125
S1425,D001,41,Male,2,3,3.2688,3.2125,0,3.2118
S1426,D003,39,Male,1,2,3.9647,3.9833,0,3.6867
S1426,D003,39,Male,2,3,3.9833,3.6867,0,3.8235
S1426,D003,39,Male,2,4,3.6867,3.8235,0,3.784
S1426,D003,39,Male,3,5,3.8235,3.784,0,3.7957
S1426,D003,39,Male,3,6,3.784,3.7957,0,3.781
S1427,D002,40,Male,1,2,3.7765,3.9188,0,4.0
S1427,D002,40,Male,2,3,3.9188,4.0,0,3.8235
S1427,D002,40,Male,2,4,4.0,3.8235,0,3.8667
S1427,D002,40,Male,3,5,3.8235,3.8667,0,3.9538
S1428,D005,41,Female,1,2,3.2353,3.2125,0,2.9105
S1429,D003,39,Male,1,2,3.2765,3.5444,0,2.8333
S1429,D003,39,Male,2,3,3.5444,2.8333,1,3.7412
S1429,D003,39,Male,2,4,2.8333,3.7412,2,3.508
S1429,D003,39,Male,3,5,3.7412,3.508,3,3.5391
S1429,D003,39,Male,3,6,3.508,3.5391,4,3.0619
S1429,D003,39,Male,4,7,3.5391,3.0619,5,2.7
S1432,D001,41,Female,1,2,3.2353,3.5125,0,3.4125
S1433,D004,41,Male,1,2,3.2308,2.7941,0,3.1867
S1434,D003,40,Male,1,2,2.8059,3.0667,0,2.4867
S1434,D003,40,Male,2,3,3.0667,2.4867,0,2.9765
S1434,D003,40,Male,2,4,2.4867,2.9765,0,2.78
S1434,D003,40,Male,3,5,2.9765,2.78,0,2.5565
S1436,D003,41,Male,1,2,2.6647,3.5944,0,3.3333
S1436,D003,41,Male,2,3,3.5944,3.3333,0,3.0824
S1437,D004,41,Male,1,2,3.8154,3.8765,0,4.0
S1441,D004,39,Male,1,2,3.8,3.8824,0,3.62
S1441,D004,39,Male,2,3,3.8824,3.62,0,3.8727
S1441,D004,39,Male,2,4,3.62,3.8727,0,4.0
S1441,D004,39,Male,3,5,3.8727,4.0,0,3.7333
S1441,D004,39,Male,3,6,4.0,3.7333,0,3.9769
S1444,D001,41,Male,1,2,1.9882,1.65,4,1.925
S1445,D002,41,Female,1,2,3.5176,3.4625,0,3.6375
S1447,D004,41,Female,1,2,3.1615,3.3,0,3.08
S1448,D003,41,Male,1,2,3.3765,3.05,0,3.0333
S1448,D003,41,Male,2,3,3.05,3.0333,1,3.3471
S1449,D004,41,Male,1,2,3.5923,3.6824,0,3.82
S1450,D005,41,Male,1,2,3.8235,3.9062,0,3.8579
S1450,D005,41,Male,2,3,3.9062,3.8579,0,3.9625
S1451,D001,41,Male,1,2,2.9706,3.1375,0,2.7
S1451,D001,41,Male,2,3,3.1375,2.7,0,2.2353
S1454,D005,40,Female,1,2,3.6706,3.7188,0,3.2421
S1454,D005,40,Female,2,3,3.7188,3.2421,0,3.4438
S1454,D005,40,Female,2,4,3.2421,3.4438,0,3.1857
S1454,D005,40,Female,3,5,3.4438,3.1857,0,2.7
S1455,D004,40,Female,1,2,4.0,3.8353,0,4.0
S1455,D004,40,Female,2,3,3.8353,4.0,0,4.0
S1455,D004,40,Female,2,4,4.0,4.0,0,3.9368
S1455,D004,40,Female,3,5,4.0,3.9368,0,4.0
S1456,D005,41,Male,1,2,3.8353,3.6812,0,3.7474
S1456,D005,41,Male,2,3,3.6812,3.7474,0,3.6562
S1457,D001,40,Male,1,2,3.3882,3.6062,0,3.55
S1457,D001,40,Male,2,3,3.6062,3.55,0,3.5412
S1457,D001,40,Male,2,4,3.55,3.5412,0,3.325
S1458,D003,40,Male,1,2,3.5824,3.5333,0,3.8267
S1458,D003,40,Male,2,3,3.5333,3.8267,0,3.5941
S1458,D003,40,Male,2,4,3.8267,3.5941,0,3.656
S1459,D001,40,Female,1,2,3.1529,3.325,0,2.85
S1459,D001,40,Female,2,3,3.325,2.85,0,3.0824
S1459,D001,40,Female,2,4,2.85,3.0824,1,2.9917
S1460,D004,39,Female,1,2,3.2,3.5765,0,3.4267
S1460,D004,39,Female,2,3,3.5765,3.4267,0,3.6818
S1460,D004,39,Female,2,4,3.4267,3.6818,0,3.5263
S1460,D004,39,Female,3,5,3.6818,3.5263,0,3.8333
S1460,D004,39,Female,3,6,3.5263,3.8333,0,3.5385
S1461,D001,40,Female,1,2,3.6647,3.925,0,3.4625
S1461,D001,40,Female,2,3,3.925,3.4625,0,3.4353
S1461,D001,40,Female,2,4,3.4625,3.4353,0,3.8083
S1461,D001,40,Female,3,5,3.4353,3.8083,0,3.624
S1463,D001,40,Male,1,2,3.0941,3.0375,0,3.75
S1463,D001,40,Male,2,3,3.0375,3.75,0,3.3941
S1463,D001,40,Male,2,4,3.75,3.3941,0,3.475
S1466,D001,39,Male,1,2,2.5294,2.7875,0,2.5
S1466,D001,39,Male,2,3,2.7875,2.5,1,2.8529
S1466,D001,39,Male,2,4,2.5,2.8529,2,2.2083
S1466,D001,39,Male,3,5,2.8529,2.2083,4,2.684
S1466,D001,39,Male,3,6,2.2083,2.684,6,2.85
S1466,D001,39,Male,4,7,2.684,2.85,8,2.46
S1467,D005,41,Male,1,2,4.0,3.9438,0,4.0
S1467,D005,41,Male,2,3,3.9438,4.0,0,4.0
S1468,D003,40,Female,1,2,2.9412,2.2944,1,2.9
S1468,D003,40,Female,2,3,2.2944,2.9,2,3.3412
S1468,D003,40,Female,2,4,2.9,3.3412,3,3.044
S1468,D003,40,Female,3,5,3.3412,3.044,4,3.2043
S1469,D002,40,Female,1,2,3.3471,3.325,0,3.2125
S1469,D002,40,Female,2,3,3.325,3.2125,0,3.7235
S1469,D002,40,Female,2,4,3.2125,3.7235,0,3.0
S1471,D005,41,Male,1,2,3.8,3.9062,0,3.7316
S1473,D001,39,Female,1,2,3.6529,3.7312,0,3.85
S1473,D001,39,Female,2,3,3.7312,3.85,0,3.7235
S1473,D001,39,Female,2,4,3.85,3.7235,0,3.8583
S1473,D001,39,Female,3,5,3.7235,3.8583,0,3.804
S1473,D001,39,Female,3,6,3.8583,3.804,0,4.0
S1473,D001,39,Female,4,7,3.804,4.0,0,4.0
S1474,D005,41,Female,1,2,2.5412,2.125,1,2.2368
S1474,D005,41,Female,2,3,2.125,2.2368,2,3.2438
S1477,D005,39,Male,1,2,3.2412,3.4812,0,3.4158
S1477,D005,39,Male,2,3,3.4812,3.4158,0,3.425
S1477,D005,39,Male,2,4,3.4158,3.425,0,3.3714
S1477,D005,39,Male,3,5,3.425,3.3714,0,3.7
S1477,D005,39,Male,3,6,3.3714,3.7,0,3.025
S1478,D001,40,Male,1,2,3.9059,3.925,0,4.0
S1478,D001,40,Male,2,3,3.925,4.0,0,3.4882
S1478,D001,40,Male,2,4,4.0,3.4882,0,3.75
S1481,D001,39,Male,1,2,3.4941,3.725,0,3.675
S1481,D001,39,Male,2,3,3.725,3.675,0,3.2059
S1481,D001,39,Male,2,4,3.675,3.2059,0,3.7083
S1481,D001,39,Male,3,5,3.2059,3.7083,0,3.516
S1481,D001,39,Male,3,6,3.7083,3.516,0,3.7125
S1481,D001,39,Male,4,7,3.516,3.7125,0,4.0
S1483,D005,41,Female,1,2,3.8941,3.8688,0,3.6632
S1486,D004,41,Female,1,2,3.8769,3.7941,0,3.8067
S1486,D004,41,Female,2,3,3.7941,3.8067,0,4.0
S1487,D002,41,Male,1,2,3.5647,2.9688,0,3.4625
S1488,D001,40,Male,1,2,2.9824,3.325,0,3.2125
S1488,D001,40,Male,2,3,3.325,3.2125,0,3.4882
S1488,D001,40,Male,2,4,3.2125,3.4882,0,3.4417
S1489,D002,41,Female,1,2,3.6647,3.7188,0,3.525
S1489,D002,41,Female,2,3,3.7188,3.525,0,3.8824
S1490,D002,41,Male,1,2,3.6412,3.65,0,3.4875
S1490,D002,41,Male,2,3,3.65,3.4875,0,3.2765
S1493,D002,41,Male,1,2,3.9118,3.7125,0,3.675
S1494,D002,41,Male,1,2,3.2941,2.6062,0,3.25
S1496,D001,41,Male,1,2,3.7882,3.8812,0,3.6125
S1497,D002,41,Male,1,2,3.1706,3.5875,0,3.05
S1497,D002,41,Male,2,3,3.5875,3.05,0,3.3941
S1498,D001,41,Female,1,2,3.0706,3.0062,0,2.875
S1500,D002,40,Male,1,2,4.0,3.8688,0,3.9125
S1500,D002,40,Male,2,3,3.8688,3.9125,0,3.9118
S1500,D002,40,Male,2,4,3.9125,3.9118,0,3.975
S1504,D003,40,Female,1,2,3.7471,3.9667,0,3.78
S1504,D003,40,Female,2,3,3.9667,3.78,0,3.6882
S1504,D003,40,Female,2,4,3.78,3.6882,0,3.976
S1504,D003,40,Female,3,5,3.6882,3.976,0,3.9087
S1505,D001,40,Female,1,2,3.6176,3.4938,0,3.6125
S1505,D001,40,Female,2,3,3.4938,3.6125,0,3.2588
S1505,D001,40,Female,2,4,3.6125,3.2588,0,3.6333
S1506,D001,39,Female,1,2,3.7765,3.3562,0,3.625
S1506,D001,39,Female,2,3,3.3562,3.625,0,3.6706
S1506,D001,39,Female,2,4,3.625,3.6706,0,3.6917
S1506,D001,39,Female,3,5,3.6706,3.6917,0,3.608
S1506,D001,39,Female,3,6,3.6917,3.608,0,3.625
S1507,D001,40,Male,1,2,3.1059,3.0062,0,2.9125
S1507,D001,40,Male,2,3,3.0062,2.9125,0,3.1353
S1507,D001,40,Male,2,4,2.9125,3.1353,0,2.9917
S1508,D004,41,Female,1,2,2.3615,2.6235,0,2.56
S1509,D001,41,Female,1,2,3.7941,3.8562,0,3.8375
S1509,D001,41,Female,2,3,3.8562,3.8375,0,3.8412
S1510,D001,39,Male,1,2,2.8647,2.8125,0,2.1625
S1510,D001,39,Male,2,3,2.8125,2.1625,1,2.2941
S1510,D001,39,Male,2,4,2.1625,2.2941,2,3.0167
S1510,D001,39,Male,3,5,2.2941,3.0167,3,2.32
S1510,D001,39,Male,3,6,3.0167,2.32,5,2.6625
S1512,D005,39,Female,1,2,3.8765,3.9438,0,3.9526
S1512,D005,39,Female,2,3,3.9438,3.9526,0,4.0
S1512,D005,39,Female,2,4,3.9526,4.0,0,3.8929
S1512,D005,39,Female,3,5,4.0,3.8929,0,3.7
S1512,D005,39,Female,3,6,3.8929,3.7,0,3.5792
S1512,D005,39,Female,4,7,3.7,3.5792,0,3.9
S1513,D002,41,Female,1,2,3.2176,3.7562,0,3.3
S1514,D002,40,Female,1,2,3.8706,3.7938,0,3.7125
S1514,D002,40,Female,2,3,3.7938,3.7125,0,3.3765
S1514,D002,40,Female,2,4,3.7125,3.3765,0,3.7
S1514,D002,40,Female,3,5,3.3765,3.7,0,3.7308
S1515,D002,40,Male,1,2,1.9882,1.9,3,2.3875
S1515,D002,40,Male,2,3,1.9,2.3875,5,1.9765
S1515,D002,40,Male,2,4,2.3875,1.9765,8,2.3583
S1518,D005,41,Female,1,2,3.1647,3.0562,0,3.0158
S1519,D005,40,Female,1,2,3.8294,3.8688,0,3.8474
S1519,D005,40,Female,2,3,3.8688,3.8474,0,3.5938
S1519,D005,40,Female,2,4,3.8474,3.5938,0,3.7857
S1519,D005,40,Female,3,5,3.5938,3.7857,0,3.0
S1520,D002,39,Male,1,2,3.6529,3.4438,0,3.375
S1520,D002,39,Male,2,3,3.4438,3.375,0,3.7706
S1520,D002,39,Male,2,4,3.375,3.7706,0,3.0833
S1520,D002,39,Male,3,5,3.7706,3.0833,0,3.3846
S1520,D002,39,Male,3,6,3.0833,3.3846,0,3.4889
S1521,D002,40,Male,1,2,3.1059,3.2063,0,3.425
S1521,D002,40,Male,2,3,3.2063,3.425,0,3.3353
S1521,D002,40,Male,2,4,3.425,3.3353,0,3.5333
S1521,D002,40,Male,3,5,3.3353,3.5333,0,3.5692
S1523,D002,41,Female,1,2,2.7412,2.8438,0,2.425
S1524,D005,40,Female,1,2,3.7882,3.875,0,3.8895
S1524,D005,40,Female,2,3,3.875,3.8895,0,3.5375
S1524,D005,40,Female,2,4,3.8895,3.5375,0,3.6
S1524,D005,40,Female,3,5,3.5375,3.6,0,4.0
S1525,D002,39,Male,1,2,3.8471,3.9375,0,3.4375
S1525,D002,39,Male,2,3,3.9375,3.4375,0,3.5882
S1525,D002,39,Male,2,4,3.4375,3.5882,0,3.75
S1525,D002,39,Male,3,5,3.5882,3.75,0,3.9115
S1525,D002,39,Male,3,6,3.75,3.9115,0,3.7444
S1525,D002,39,Male,4,7,3.9115,3.7444,0,3.88
S1526,D002,40,Female,1,2,3.6294,3.7188,0,3.725
S1526,D002,40,Female,2,3,3.7188,3.725,0,3.6176
S1526,D002,40,Female,2,4,3.725,3.6176,0,3.8167
S1527,D003,41,Male,1,2,3.5471,3.7056,0,3.3067
S1527,D003,41,Male,2,3,3.7056,3.3067,0,3.9118
S1529,D001,40,Male,1,2,3.9176,3.6312,0,3.9125
S1529,D001,40,Male,2,3,3.6312,3.9125,0,3.5706
S1529,D001,40,Male,2,4,3.9125,3.5706,0,3.75
S1529,D001,40,Male,3,5,3.5706,3.75,0,3.728
S1530,D002,41,Female,1,2,2.3176,2.2812,0,2.625
S1532,D003,39,Male,1,2,3.4118,3.65,0,2.9133
S1532,D003,39,Male,2,3,3.65,2.9133,0,3.5176
S1532,D003,39,Male,2,4,2.9133,3.5176,0,3.352
S1532,D003,39,Male,3,5,3.5176,3.352,0,3.4435
S1532,D003,39,Male,3,6,3.352,3.4435,0,3.2048
S1533,D003,41,Male,1,2,3.3294,3.4167,0,3.4667
S1534,D002,41,Female,1,2,3.7,3.775,0,3.7125
S1535,D002,41,Female,1,2,2.9,2.8,0,2.9625
S1535,D002,41,Female,2,3,2.8,2.9625,0,2.4824
S1536,D002,40,Female,1,2,3.2529,3.275,0,2.9875
S1536,D002,40,Female,2,3,3.275,2.9875,0,3.3882
S1536,D002,40,Female,2,4,2.9875,3.3882,0,3.5
S1536,D002,40,Female,3,5,3.3882,3.5,0,3.0846
S1538,D003,40,Male,1,2,3.9471,3.4833,0,3.2333
S1538,D003,40,Male,2,3,3.4833,3.2333,0,3.5294
S1538,D003,40,Male,2,4,3.2333,3.5294,0,3.416
S1538,D003,40,Male,3,5,3.5294,3.416,0,3.6478
S1539,D003,41,Female,1,2,3.5529,3.6,0,3.7467
S1541,D003,41,Male,1,2,3.8588,3.9833,0,3.96
S1542,D001,40,Male,1,2,2.8882,3.0188,0,3.05
S1542,D001,40,Male,2,3,3.0188,3.05,0,2.9941
S1542,D001,40,Male,2,4,3.05,2.9941,0,3.125
S1544,D001,39,Male,1,2,3.4647,3.4688,0,3.7125
S1544,D001,39,Male,2,3,3.4688,3.7125,0,3.4588
S1544,D001,39,Male,2,4,3.7125,3.4588,0,3.6417
S1544,D001,39,Male,3,5,3.4588,3.6417,0,3.152
S1544,D001,39,Male,3,6,3.6417,3.152,0,3.4
S1544,D001,39,Male,4,7,3.152,3.4,0,4.0
S1545,D002,41,Female,1,2,3.5529,3.3625,2,3.55
S1545,D002,41,Female,2,3,3.3625,3.55,3,3.5588
S1546,D002,39,Female,1,2,3.6235,3.8312,0,3.55
S1546,D002,39,Female,2,3,3.8312,3.55,0,3.5882
S1546,D002,39,Female,2,4,3.55,3.5882,0,3.675
S1546,D002,39,Female,3,5,3.5882,3.675,0,3.7846
S1546,D002,39,Female,3,6,3.675,3.7846,0,3.8889
S1546,D002,39,Female,4,7,3.7846,3.8889,0,4.0
S1547,D004,40,Female,1,2,3.8385,3.8,0,4.0
S1547,D004,40,Female,2,3,3.8,4.0,0,3.8182
S1547,D004,40,Female,2,4,4.0,3.8182,0,3.8526
S1547,D004,40,Female,3,5,3.8182,3.8526,0,3.9333
S1549,D003,40,Male,1,2,3.5176,3.5,0,3.24
S1549,D003,40,Male,2,3,3.5,3.24,0,3.4176
S1549,D003,40,Male,2,4,3.24,3.4176,0,3.204
S1549,D003,40,Male,3,5,3.4176,3.204,0,3.5348
S1550,D002,40,Male,1,2,3.7529,3.8125,0,3.825
S1550,D002,40,Male,2,3,3.8125,3.825,0,3.6471
S1550,D002,40,Male,2,4,3.825,3.6471,0,3.5417
S1551,D001,40,Male,1,2,1.2118,2.5062,10,2.125
S1551,D001,40,Male,2,3,2.5062,2.125,15,1.7118
S1551,D001,40,Male,2,4,2.125,1.7118,21,1.9667
S1552,D005,40,Female,1,2,3.9471,3.475,0,3.9526
S1552,D005,40,Female,2,3,3.475,3.9526,0,3.9625
S1552,D005,40,Female,2,4,3.9526,3.9625,0,3.7429
S1552,D005,40,Female,3,5,3.9625,3.7429,0,4.0
S1553,D002,40,Male,1,2,3.9647,3.5125,0,3.875
S1553,D002,40,Male,2,3,3.5125,3.875,0,3.7647
S1553,D002,40,Male,2,4,3.875,3.7647,0,3.8083
S1554,D003,41,Male,1,2,3.0118,3.0444,0,2.8667
S1555,D002,40,Male,1,2,2.8824,3.025,0,2.825
S1555,D002,40,Male,2,3,3.025,2.825,0,2.6706
S1555,D002,40,Male,2,4,2.825,2.6706,0,2.875
S1556,D005,40,Male,1,2,3.7941,4.0,0,3.9526
S1556,D005,40,Male,2,3,4.0,3.9526,0,4.0
S1556,D005,40,Male,2,4,3.9526,4.0,0,3.9571
S1556,D005,40,Male,3,5,4.0,3.9571,0,4.0
S1557,D001,40,Female,1,2,3.8941,3.7,0,3.8375
S1557,D001,40,Female,2,3,3.7,3.8375,0,3.7176
S1557,D001,40,Female,2,4,3.8375,3.7176,0,3.8917
S1559,D001,39,Male,1,2,3.9294,3.875,0,3.8375
S1559,D001,39,Male,2,3,3.875,3.8375,0,4.0
S1559,D001,39,Male,2,4,3.8375,4.0,0,3.8833
S1559,D001,39,Male,3,5,4.0,3.8833,0,3.736
S1559,D001,39,Male,3,6,3.8833,3.736,0,3.8375
S1560,D002,40,Female,1,2,3.5941,3.7812,0,3.75
S1560,D002,40,Female,2,3,3.7812,3.75,0,3.7294
S1560,D002,40,Female,2,4,3.75,3.7294,0,3.7333
S1561,D001,40,Female,1,2,3.4353,3.5938,0,3.1625
S1561,D001,40,Female,2,3,3.5938,3.1625,0,3.2941
S1561,D001,40,Female,2,4,3.1625,3.2941,0,3.7
S1562,D001,41,Male,1,2,3.1941,2.7875,0,2.8
S1562,D001,41,Male,2,3,2.7875,2.8,0,2.9353
S1563,D002,41,Female,1,2,3.7941,3.8312,0,3.825
S1563,D002,41,Female,2,3,3.8312,3.825,0,3.5294
S1564,D001,41,Female,1,2,3.3235,2.9188,0,3.1125
S1566,D004,41,Female,1,2,2.9,2.8529,0,2.5133
S1566,D004,41,Female,2,3,2.8529,2.5133,0,2.9273
S1567,D003,39,Female,1,2,3.8941,3.9278,0,3.7733
S1567,D003,39,Female,2,3,3.9278,3.7733,0,3.8412
S1567,D003,39,Female,2,4,3.7733,3.8412,0,3.824
S1567,D003,39,Female,3,5,3.8412,3.824,0,3.887
S1567,D003,39,Female,3,6,3.824,3.887,0,3.8095
S1567,D003,39,Female,4,7,3.887,3.8095,0,3.72
S1568,D003,41,Male,1,2,2.7118,3.1833,2,3.1933
S1568,D003,41,Male,2,3,3.1833,3.1933,3,3.5882
S1570,D005,40,Female,1,2,3.7588,3.875,0,3.7947
S1570,D005,40,Female,2,3,3.875,3.7947,0,3.5562
S1570,D005,40,Female,2,4,3.7947,3.5562,0,3.7429
S1572,D002,41,Male,1,2,3.8706,3.9625,0,3.925
S1572,D002,41,Male,2,3,3.9625,3.925,0,3.7412
S1573,D001,39,Female,1,2,3.5294,3.3688,0,3.0375
S1573,D001,39,Female,2,3,3.3688,3.0375,0,3.6412
S1573,D001,39,Female,2,4,3.0375,3.6412,0,3.475
S1573,D001,39,Female,3,5,3.6412,3.475,0,3.524
S1573,D001,39,Female,3,6,3.475,3.524,0,3.3375
S1574,D003,40,Female,1,2,3.7882,3.9278,0,3.4
S1574,D003,40,Female,2,3,3.9278,3.4,0,4.0
S1574,D003,40,Female,2,4,3.4,4.0,0,4.0
S1577,D001,41,Male,1,2,3.4294,3.6188,0,3.8375
S1577,D001,41,Male,2,3,3.6188,3.8375,0,3.6647
S1579,D001,39,Male,1,2,3.6118,3.3688,0,3.625
S1579,D001,39,Male,2,3,3.3688,3.625,0,3.8941
S1579,D001,39,Male,2,4,3.625,3.8941,0,3.7
S1579,D001,39,Male,3,5,3.8941,3.7,0,3.844
S1579,D001,39,Male,3,6,3.7,3.844,0,3.5875
S1580,D001,40,Male,1,2,4.0,3.8688,0,4.0
S1580,D001,40,Male,2,3,3.8688,4.0,0,4.0
S1580,D001,40,Male,2,4,4.0,4.0,0,3.975
S1581,D001,40,Male,1,2,3.4059,3.725,0,3.3125
S1581,D001,40,Male,2,3,3.725,3.3125,0,3.8824
S1581,D001,40,Male,2,4,3.3125,3.8824,0,3.2417
S1581,D001,40,Male,3,5,3.8824,3.2417,0,3.552
S1583,D003,39,Male,1,2,2.3706,2.8333,0,2.9133
S1583,D003,39,Male,2,3,2.8333,2.9133,0,3.2941
S1583,D003,39,Male,2,4,2.9133,3.2941,0,2.824
S1583,D003,39,Male,3,5,3.2941,2.824,0,3.0913
S1583,D003,39,Male,3,6,2.824,3.0913,0,2.9905
S1583,D003,39,Male,4,7,3.0913,2.9905,0,3.82
S1584,D001,41,Male,1,2,3.3176,3.0812,0,2.6625
S1584,D001,41,Male,2,3,3.0812,2.6625,0,3.1412
S1587,D004,39,Male,1,2,3.8538,3.8235,0,3.9067
S1587,D004,39,Male,2,3,3.8235,3.9067,0,3.9455
S1587,D004,39,Male,2,4,3.9067,3.9455,0,3.8632
S1587,D004,39,Male,3,5,3.9455,3.8632,0,4.0
S1587,D004,39,Male,3,6,3.8632,4.0,0,3.9231
S1588,D003,40,Female,1,2,3.5059,3.7778,0,3.56
S1588,D003,40,Female,2,3,3.7778,3.56,0,2.9
S1588,D003,40,Female,2,4,3.56,2.9,1,3.292
S1588,D003,40,Female,3,5,2.9,3.292,2,3.187
S1590,D001,41,Female,1,2,3.8765,3.8125,0,3.9125
S1590,D001,41,Female,2,3,3.8125,3.9125,0,3.8647
S1591,D003,39,Male,1,2,2.9059,2.4944,0,2.6
S1591,D003,39,Male,2,3,2.4944,2.6,0,2.8824
S1591,D003,39,Male,2,4,2.6,2.8824,0,2.66
S1591,D003,39,Male,3,5,2.8824,2.66,1,2.6652
S1591,D003,39,Male,3,6,2.66,2.6652,2,2.7381
S1591,D003,39,Male,4,7,2.6652,2.7381,3,3.48
S1592,D001,41,Male,1,2,2.4294,1.675,2,1.9625
S1593,D002,40,Female,1,2,3.5941,3.1812,0,3.8375
S1593,D002,40,Female,2,3,3.1812,3.8375,0,3.3647
S1593,D002,40,Female,2,4,3.8375,3.3647,0,3.3667
S1593,D002,40,Female,3,5,3.3647,3.3667,0,3.5269
S1594,D002,41,Male,1,2,3.9471,3.875,0,3.875
S1594,D002,41,Male,2,3,3.875,3.875,0,4.0
S1597,D005,41,Male,1,2,2.8706,3.0812,0,3.0737
S1597,D005,41,Male,2,3,3.0812,3.0737,0,3.4312
S1598,D001,40,Male,1,2,4.0,3.875,0,3.9625
S1598,D001,40,Male,2,3,3.875,3.9625,0,4.0
S1598,D001,40,Male,2,4,3.9625,4.0,0,3.8583
S1598,D001,40,Male,3,5,4.0,3.8583,0,3.776
S1599,D004,41,Female,1,2,3.8231,3.0118,0,3.8467
S1599,D004,41,Female,2,3,3.0118,3.8467,0,3.4545
S1601,D004,41,Female,1,2,2.7846,3.1118,0,2.6533
S1602,D002,41,Male,1,2,3.7,3.3812,0,3.725
S1603,D003,40,Male,1,2,3.1235,3.2056,0,3.5
S1603,D003,40,Male,2,3,3.2056,3.5,0,3.8294
S1603,D003,40,Male,2,4,3.5,3.8294,0,3.352
S1603,D003,40,Male,3,5,3.8294,3.352,1,3.4826
S1604,D003,40,Male,1,2,3.3471,3.6333,0,3.28
S1604,D003,40,Male,2,3,3.6333,3.28,0,3.4294
S1604,D003,40,Male,2,4,3.28,3.4294,0,3.328
S1605,D004,41,Male,1,2,3.9,3.9471,0,3.5667
S1606,D001,41,Male,1,2,3.9471,3.9812,0,3.875
S1607,D005,40,Female,1,2,4.0,4.0,0,3.9526
S1607,D005,40,Female,2,3,4.0,3.9526,0,4.0
S1607,D005,40,Female,2,4,3.9526,4.0,0,4.0
S1607,D005,40,Female,3,5,4.0,4.0,0,4.0
S1608,D004,41,Male,1,2,3.8923,4.0,0,3.94
S1610,D003,39,Male,1,2,3.9824,4.0,0,3.8133
S1610,D003,39,Male,2,3,4.0,3.8133,0,3.8941
S1610,D003,39,Male,2,4,3.8133,3.8941,0,4.0
S1610,D003,39,Male,3,5,3.8941,4.0,0,3.913
S1610,D003,39,Male,3,6,4.0,3.913,0,3.9048
S1610,D003,39,Male,4,7,3.913,3.9048,0,4.0
S1612,D005,41,Male,1,2,3.7059,3.4812,0,3.5632
S1613,D001,40,Female,1,2,3.8235,3.9438,0,3.875
S1613,D001,40,Female,2,3,3.9438,3.875,0,3.9118
S1613,D001,40,Female,2,4,3.875,3.9118,0,3.7583
S1614,D001,41,Male,1,2,4.0,4.0,0,4.0
S1616,D003,40,Female,1,2,2.8588,2.8389,2,2.9
S1616,D003,40,Female,2,3,2.8389,2.9,3,2.4059
S1616,D003,40,Female,2,4,2.9,2.4059,5,2.748
S1616,D003,40,Female,3,5,2.4059,2.748,7,2.6957
S1619,D002,40,Male,1,2,2.2824,2.6625,2,2.825
S1619,D002,40,Male,2,3,2.6625,2.825,3,3.0706
S1619,D002,40,Male,2,4,2.825,3.0706,4,2.6167
S1620,D003,40,Male,1,2,3.5647,2.9222,0,3.1667
S1620,D003,40,Male,2,3,2.9222,3.1667,0,3.5471
S1620,D003,40,Male,2,4,3.1667,3.5471,0,3.22
S1620,D003,40,Male,3,5,3.5471,3.22,0,3.3957
S1622,D002,41,Male,1,2,4.0,4.0,0,4.0
S1622,D002,41,Male,2,3,4.0,4.0,0,3.9471
S1624,D003,40,Male,1,2,2.8176,2.8167,0,2.7733
S1624,D003,40,Male,2,3,2.8167,2.7733,0,2.1588
S1624,D003,40,Male,2,4,2.7733,2.1588,1,2.536
S1624,D003,40,Male,3,5,2.1588,2.536,3,2.9304
S1626,D002,40,Female,1,2,3.1706,3.4625,0,3.675
S1626,D002,40,Female,2,3,3.4625,3.675,0,3.7
S1626,D002,40,Female,2,4,3.675,3.7,0,3.5833
S1627,D002,40,Male,1,2,3.2235,3.3438,0,3.3375
S1627,D002,40,Male,2,3,3.3438,3.3375,0,3.5706
S1627,D002,40,Male,2,4,3.3375,3.5706,0,3.3167
S1627,D002,40,Male,3,5,3.5706,3.3167,0,3.2654
S1628,D005,41,Male,1,2,2.6765,3.0938,0,2.5053
S1629,D001,40,Male,1,2,2.9765,3.7938,0,3.45
S1629,D001,40,Male,2,3,3.7938,3.45,0,3.4529
S1629,D001,40,Male,2,4,3.45,3.4529,0,3.5833
S1630,D005,39,Male,1,2,3.6118,3.7812,0,3.8105
S1630,D005,39,Male,2,3,3.7812,3.8105,0,3.8312
S1630,D005,39,Male,2,4,3.8105,3.8312,0,3.85
S1630,D005,39,Male,3,5,3.8312,3.85,0,4.0
S1630,D005,39,Male,3,6,3.85,4.0,0,3.6375
S1632,D002,41,Male,1,2,3.4118,3.2312,0,3.2625
S1632,D002,41,Male,2,3,3.2312,3.2625,0,3.5588
S1634,D001,40,Male,1,2,3.7588,3.2938,0,3.4625
S1634,D001,40,Male,2,3,3.2938,3.4625,0,3.5118
S1634,D001,40,Male,2,4,3.4625,3.5118,0,3.7833
S1636,D004,39,Female,1,2,4.0,3.6118,0,3.7867
S1636,D004,39,Female,2,3,3.6118,3.7867,0,3.6455
S1636,D004,39,Female,2,4,3.7867,3.6455,0,3.8316
S1636,D004,39,Female,3,5,3.6455,3.8316,0,3.7143
S1636,D004,39,Female,3,6,3.8316,3.7143,0,3.7923
S1637,D003,41,Male,1,2,4.0,3.9667,0,4.0
S1638,D003,40,Female,1,2,3.8353,3.95,0,3.9067
S1638,D003,40,Female,2,3,3.95,3.9067,0,4.0
S1638,D003,40,Female,2,4,3.9067,4.0,0,3.784
S1640,D001,39,Female,1,2,3.1118,3.4875,0,3.475
S1640,D001,39,Female,2,3,3.4875,3.475,0,2.5176
S1640,D001,39,Female,2,4,3.475,2.5176,0,3.2
S1640,D001,39,Female,3,5,2.5176,3.2,0,3.284
S1640,D001,39,Female,3,6,3.2,3.284,0,3.375
S1640,D001,39,Female,4,7,3.284,3.375,0,3.06
S1641,D001,41,Male,1,2,3.9059,3.6938,0,3.5
S1643,D002,40,Female,1,2,3.5941,3.6188,0,3.425
S1643,D002,40,Female,2,3,3.6188,3.425,0,3.4118
S1643,D002,40,Female,2,4,3.425,3.4118,0,3.6583
S1643,D002,40,Female,3,5,3.4118,3.6583,0,3.4346
S1646,D003,41,Male,1,2,3.3412,3.3389,0,3.36
S1647,D004,41,Female,1,2,4.0,4.0,0,3.8667
S1647,D004,41,Female,2,3,4.0,3.8667,0,4.0
S1649,D005,41,Male,1,2,3.6176,3.5562,0,3.8632
S1649,D005,41,Male,2,3,3.5562,3.8632,0,3.7438
S1650,D003,39,Male,1,2,3.1235,3.5611,0,3.4133
S1650,D003,39,Male,2,3,3.5611,3.4133,0,3.1647
S1650,D003,39,Male,2,4,3.4133,3.1647,0,3.516
S1650,D003,39,Male,3,5,3.1647,3.516,0,3.3609
S1650,D003,39,Male,3,6,3.516,3.3609,0,3.5476
S1651,D003,41,Male,1,2,3.1471,3.3944,0,3.06
S1651,D003,41,Male,2,3,3.3944,3.06,0,3.6
S1652,D002,40,Female,1,2,3.3,3.2688,0,3.75
S1652,D002,40,Female,2,3,3.2688,3.75,0,3.4647
S1652,D002,40,Female,2,4,3.75,3.4647,0,2.75
S1654,D001,41,Male,1,2,3.2941,3.1438,0,3.35
S1655,D001,40,Male,1,2,3.3647,3.0562,0,3.3
S1655,D001,40,Male,2,3,3.0562,3.3,0,3.0471
S1655,D001,40,Male,2,4,3.3,3.0471,0,3.4083
S1656,D002,40,Male,1,2,3.7294,3.7375,0,3.9125
S1656,D002,40,Male,2,3,3.7375,3.9125,0,3.3471
S1656,D002,40,Male,2,4,3.9125,3.3471,0,3.8333
S1656,D002,40,Male,3,5,3.3471,3.8333,0,3.6923
S1658,D004,40,Male,1,2,3.6923,4.0,0,3.96
S1658,D004,40,Male,2,3,4.0,3.96,0,3.6364
S1658,D004,40,Male,2,4,3.96,3.6364,0,3.6263
S1660,D001,41,Female,1,2,3.1176,3.4,0,3.55
S1661,D002,41,Male,1,2,3.6294,3.725,0,3.8
S1662,D004,41,Female,1,2,3.0538,2.9059,0,3.0933
S1663,D002,40,Male,1,2,3.8824,3.9625,0,3.9625
S1663,D002,40,Male,2,3,3.9625,3.9625,0,4.0
S1663,D002,40,Male,2,4,3.9625,4.0,0,4.0
S1664,D003,40,Female,1,2,3.4,3.55,0,3.2867
S1664,D003,40,Female,2,3,3.55,3.2867,0,3.5235
S1664,D003,40,Female,2,4,3.2867,3.5235,0,3.4
S1665,D004,39,Male,1,2,3.7,3.5,0,3.8467
S1665,D004,39,Male,2,3,3.5,3.8467,0,3.5545
S1665,D004,39,Male,2,4,3.8467,3.5545,0,3.3158
S1665,D004,39,Male,3,5,3.5545,3.3158,0,3.1238
S1665,D004,39,Male,3,6,3.3158,3.1238,0,3.2846
S1665,D004,39,Male,4,7,3.1238,3.2846,0,4.0
S1666,D001,39,Male,1,2,3.5353,3.1562,0,3.375
S1666,D001,39,Male,2,3,3.1562,3.375,0,3.4176
S1666,D001,39,Male,2,4,3.375,3.4176,0,3.3417
S1666,D001,39,Male,3,5,3.4176,3.3417,0,3.512
S1666,D001,39,Male,3,6,3.3417,3.512,0,3.5375
S1666,D001,39,Male,4,7,3.512,3.5375,0,4.0
S1671,D004,40,Male,1,2,3.9308,4.0,0,4.0
S1671,D004,40,Male,2,3,4.0,4.0,0,4.0
S1671,D004,40,Male,2,4,4.0,4.0,0,3.8895
S1671,D004,40,Male,3,5,4.0,3.8895,0,4.0
S1672,D001,39,Male,1,2,3.9176,3.7,0,3.875
S1672,D001,39,Male,2,3,3.7,3.875,0,3.8235
S1672,D001,39,Male,2,4,3.875,3.8235,0,3.6667
S1672,D001,39,Male,3,5,3.8235,3.6667,0,3.816
S1672,D001,39,Male,3,6,3.6667,3.816,0,3.875
S1673,D003,41,Male,1,2,2.9765,3.0111,0,2.9267
S1673,D003,41,Male,2,3,3.0111,2.9267,0,3.3647
S1676,D003,40,Female,1,2,3.8471,3.7333,0,3.5533
S1676,D003,40,Female,2,3,3.7333,3.5533,0,3.7353
S1676,D003,40,Female,2,4,3.5533,3.7353,0,3.816
S1676,D003,40,Female,3,5,3.7353,3.816,0,3.887
S1678,D005,39,Male,1,2,2.8882,2.15,0,2.5579
S1678,D005,39,Male,2,3,2.15,2.5579,0,2.4062
S1678,D005,39,Male,2,4,2.5579,2.4062,2,2.1929
S1678,D005,39,Male,3,5,2.4062,2.1929,5,2.0
S1678,D005,39,Male,3,6,2.1929,2.0,8,2.6167
S1678,D005,39,Male,4,7,2.0,2.6167,11,2.7933
S1680,D003,40,Male,1,2,3.8529,3.9333,0,3.62
S1680,D003,40,Male,2,3,3.9333,3.62,0,3.6294
S1680,D003,40,Male,2,4,3.62,3.6294,0,3.42
S1680,D003,40,Male,3,5,3.6294,3.42,0,3.4652
S1681,D001,41,Male,1,2,3.9294,3.7688,0,3.8
S1681,D001,41,Male,2,3,3.7688,3.8,0,3.9118
S1682,D001,39,Male,1,2,3.1588,2.9438,0,2.6375
S1682,D001,39,Male,2,3,2.9438,2.6375,0,2.5059
S1682,D001,39,Male,2,4,2.6375,2.5059,0,3.0333
S1682,D001,39,Male,3,5,2.5059,3.0333,0,3.148
S1682,D001,39,Male,3,6,3.0333,3.148,0,2.8375
S1683,D001,39,Male,1,2,3.0294,3.5125,0,3.5375
S1683,D001,39,Male,2,3,3.5125,3.5375,0,3.4059
S1683,D001,39,Male,2,4,3.5375,3.4059,0,3.425
S1683,D001,39,Male,3,5,3.4059,3.425,0,3.02
S1683,D001,39,Male,3,6,3.425,3.02,0,3.5375
S1683,D001,39,Male,4,7,3.02,3.5375,0,2.82
S1685,D005,41,Male,1,2,2.9412,2.8688,0,2.8474
S1687,D001,41,Male,1,2,3.0647,2.6062,1,2.8875
S1688,D001,41,Male,1,2,3.2,3.2438,0,3.25
S1688,D001,41,Male,2,3,3.2438,3.25,0,3.4647
S1689,D003,40,Female,1,2,3.6706,3.95,0,3.8133
S1689,D003,40,Female,2,3,3.95,3.8133,0,3.7059
S1689,D003,40,Female,2,4,3.8133,3.7059,0,3.512
S1689,D003,40,Female,3,5,3.7059,3.512,0,3.7348
S1691,D005,41,Male,1,2,3.7471,3.6688,0,3.5737
S1694,D004,41,Female,1,2,3.6077,3.7824,0,3.96
S1694,D004,41,Female,2,3,3.7824,3.96,0,3.7364
S1695,D001,41,Male,1,2,3.6059,3.7625,0,3.4625
S1696,D001,40,Male,1,2,3.1706,3.7875,0,3.45
S1696,D001,40,Male,2,3,3.7875,3.45,0,3.1176
S1696,D001,40,Male,2,4,3.45,3.1176,0,3.2083
S1696,D001,40,Male,3,5,3.1176,3.2083,0,3.332
S1697,D001,39,Female,1,2,3.6647,2.9812,0,3.8375
S1697,D001,39,Female,2,3,2.9812,3.8375,0,3.6471
S1697,D001,39,Female,2,4,3.8375,3.6471,0,3.525
S1697,D001,39,Female,3,5,3.6471,3.525,0,3.656
S1697,D001,39,Female,3,6,3.525,3.656,0,3.675
S1698,D002,41,Male,1,2,3.4765,3.3438,0,3.2875
S1699,D001,39,Male,1,2,3.8882,3.5812,0,3.4625
S1699,D001,39,Male,2,3,3.5812,3.4625,0,3.7176
S1699,D001,39,Male,2,4,3.4625,3.7176,0,3.7833
S1699,D001,39,Male,3,5,3.7176,3.7833,0,3.704
S1699,D001,39,Male,3,6,3.7833,3.704,0,3.5
S1699,D001,39,Male,4,7,3.704,3.5,0,4.0
S1700,D002,41,Male,1,2,3.2059,3.3875,0,3.0
S1700,D002,41,Male,2,3,3.3875,3.0,0,3.6176
S1702,D002,39,Male,1,2,3.5588,3.5188,0,3.7125
S1702,D002,39,Male,2,3,3.5188,3.7125,0,3.5529
S1702,D002,39,Male,2,4,3.7125,3.5529,0,3.6333
S1702,D002,39,Male,3,5,3.5529,3.6333,0,3.6462
S1702,D002,39,Male,3,6,3.6333,3.6462,0,3.4778
S1703,D004,41,Male,1,2,3.6385,3.5235,0,3.6733
S1704,D005,41,Female,1,2,3.5765,3.8125,0,3.5105
S1704,D005,41,Female,2,3,3.8125,3.5105,0,3.5062
S1705,D005,40,Male,1,2,4.0,3.9438,0,3.9211
S1705,D005,40,Male,2,3,3.9438,3.9211,0,3.9438
S1705,D005,40,Male,2,4,3.9211,3.9438,0,4.0
S1705,D005,40,Male,3,5,3.9438,4.0,0,4.0
S1706,D001,40,Male,1,2,1.6,2.6562,4,1.75
S1706,D001,40,Male,2,3,2.6562,1.75,7,1.8412
S1706,D001,40,Male,2,4,1.75,1.8412,11,2.0
S1706,D001,40,Male,3,5,1.8412,2.0,17,2.396
S1707,D002,41,Male,1,2,3.4353,2.375,0,2.875
S1708,D001,40,Male,1,2,3.7353,3.275,0,3.7
S1708,D001,40,Male,2,3,3.275,3.7,0,3.1412
S1708,D001,40,Male,2,4,3.7,3.1412,0,3.7083
S1711,D001,41,Female,1,2,2.8706,2.4125,0,2.325
S1711,D001,41,Female,2,3,2.4125,2.325,1,2.5588
S1712,D001,41,Female,1,2,2.4706,2.15,2,2.125
S1712,D001,41,Female,2,3,2.15,2.125,5,2.3647
S1713,D002,41,Male,1,2,3.5824,3.0188,0,3.3375
S1713,D002,41,Male,2,3,3.0188,3.3375,0,3.4529
S1715,D005,39,Male,1,2,3.7118,3.9125,0,3.4211
S1715,D005,39,Male,2,3,3.9125,3.4211,0,3.75
S1715,D005,39,Male,2,4,3.4211,3.75,0,3.4786
S1715,D005,39,Male,3,5,3.75,3.4786,0,3.7
S1715,D005,39,Male,3,6,3.4786,3.7,0,3.7417
S1715,D005,39,Male,4,7,3.7,3.7417,0,3.54
S1716,D003,41,Male,1,2,4.0,4.0,0,4.0
S1716,D003,41,Male,2,3,4.0,4.0,0,3.9647
S1717,D004,41,Male,1,2,4.0,4.0,0,4.0
S1717,D004,41,Male,2,3,4.0,4.0,0,4.0
S1718,D003,41,Female,1,2,2.9471,3.15,0,3.6
S1718,D003,41,Female,2,3,3.15,3.6,0,3.4294
S1719,D001,40,Male,1,2,2.4353,1.8312,3,1.975
S1719,D001,40,Male,2,3,1.8312,1.975,7,2.0353
S1719,D001,40,Male,2,4,1.975,2.0353,12,2.0333
S1720,D004,40,Male,1,2,3.2231,3.4471,0,3.2267
S1720,D004,40,Male,2,3,3.4471,3.2267,0,3.1182
S1720,D004,40,Male,2,4,3.2267,3.1182,0,3.3053
S1721,D002,39,Male,1,2,3.7059,3.85,0,3.5375
S1721,D002,39,Male,2,3,3.85,3.5375,0,3.8294
S1721,D002,39,Male,2,4,3.5375,3.8294,0,3.6667
S1721,D002,39,Male,3,5,3.8294,3.6667,0,3.9231
S1721,D002,39,Male,3,6,3.6667,3.9231,0,3.7444
S1722,D003,41,Female,1,2,3.7529,3.6,0,3.9067
S1724,D005,41,Female,1,2,3.8235,3.9125,0,3.8895
S1724,D005,41,Female,2,3,3.9125,3.8895,0,3.9062
S1725,D002,41,Male,1,2,3.3588,3.1062,0,3.125
S1725,D002,41,Male,2,3,3.1062,3.125,0,3.3824
S1726,D004,40,Male,1,2,3.7,3.3824,0,3.8667
S1726,D004,40,Male,2,3,3.3824,3.8667,0,3.7636
S1726,D004,40,Male,2,4,3.8667,3.7636,0,3.4105
S1727,D001,40,Male,1,2,3.4529,3.5188,0,3.55
S1727,D001,40,Male,2,3,3.5188,3.55,0,3.0353
S1727,D001,40,Male,2,4,3.55,3.0353,0,3.475
S1728,D003,41,Male,1,2,3.1941,2.9778,1,3.4
S1729,D002,41,Female,1,2,3.2706,3.425,0,2.7125
S1729,D002,41,Female,2,3,3.425,2.7125,0,2.8235
S1730,D002,39,Male,1,2,2.8,3.2438,0,3.4125
S1730,D002,39,Male,2,3,3.2438,3.4125,1,2.7471
S1730,D002,39,Male,2,4,3.4125,2.7471,2,3.0083
S1730,D002,39,Male,3,5,2.7471,3.0083,3,2.9769
S1730,D002,39,Male,3,6,3.0083,2.9769,4,2.8333
S1731,D003,39,Male,1,2,3.7353,3.6389,0,3.2667
S1731,D003,39,Male,2,3,3.6389,3.2667,0,3.7941
S1731,D003,39,Male,2,4,3.2667,3.7941,0,3.7
S1731,D003,39,Male,3,5,3.7941,3.7,0,3.8043
S1731,D003,39,Male,3,6,3.7,3.8043,0,3.6476
S1732,D005,41,Female,1,2,4.0,4.0,0,3.9211
S1733,D005,41,Male,1,2,2.3,2.425,4,2.7
S1734,D002,40,Female,1,2,1.6824,2.225,5,2.025
S1734,D002,40,Female,2,3,2.225,2.025,9,1.7294
S1734,D002,40,Female,2,4,2.025,1.7294,14,2.275
S1735,D004,41,Male,1,2,3.7923,3.4824,0,3.54
S1735,D004,41,Male,2,3,3.4824,3.54,0,3.8727
S1736,D002,40,Male,1,2,2.6235,2.775,0,2.625
S1736,D002,40,Male,2,3,2.775,2.625,1,2.3765
S1736,D002,40,Male,2,4,2.625,2.3765,2,2.85
S1737,D002,41,Female,1,2,3.8647,3.6625,0,3.875
S1737,D002,41,Female,2,3,3.6625,3.875,0,3.9294
S1738,D003,40,Male,1,2,2.8647,3.1722,0,2.8467
S1738,D003,40,Male,2,3,3.1722,2.8467,0,3.3471
S1738,D003,40,Male,2,4,2.8467,3.3471,0,3.276
S1738,D003,40,Male,3,5,3.3471,3.276,0,3.6217
S1739,D002,40,Female,1,2,3.8294,3.5812,0,3.8375
S1739,D002,40,Female,2,3,3.5812,3.8375,0,3.7529
S1739,D002,40,Female,2,4,3.8375,3.7529,0,3.8
S1739,D002,40,Female,3,5,3.7529,3.8,0,3.8231
S1740,D001,40,Female,1,2,3.9294,3.6188,0,3.8875
S1740,D001,40,Female,2,3,3.6188,3.8875,0,3.6882
S1740,D001,40,Female,2,4,3.8875,3.6882,0,3.5667
S1742,D003,41,Male,1,2,3.7588,3.7611,0,3.7733
S1742,D003,41,Male,2,3,3.7611,3.7733,0,3.9471
S1743,D002,39,Male,1,2,2.9706,3.3938,0,2.7875
S1743,D002,39,Male,2,3,3.3938,2.7875,0,3.3412
S1743,D002,39,Male,2,4,2.7875,3.3412,0,3.3583
S1743,D002,39,Male,3,5,3.3412,3.3583,0,3.1385
S1743,D002,39,Male,3,6,3.3583,3.1385,0,3.4
S1743,D002,39,Male,4,7,3.1385,3.4,0,3.18
S1744,D003,41,Female,1,2,2.8765,2.4944,0,3.1533
S1744,D003,41,Female,2,3,2.4944,3.1533,0,2.4176
S1745,D001,41,Female,1,2,3.6353,3.5688,0,3.85
S1745,D001,41,Female,2,3,3.5688,3.85,0,3.5706
S1746,D004,41,Male,1,2,2.2769,2.5059,0,2.74
S1746,D004,41,Male,2,3,2.5059,2.74,1,2.6636
S1749,D005,41,Male,1,2,3.8235,3.9438,0,3.8947
S1751,D004,40,Female,1,2,3.2154,3.3882,0,2.96
S1751,D004,40,Female,2,3,3.3882,2.96,0,3.4545
S1751,D004,40,Female,2,4,2.96,3.4545,0,3.1474
S1755,D001,41,Female,1,2,3.3706,3.9062,0,3.7125
S1755,D001,41,Female,2,3,3.9062,3.7125,0,3.6412
S1756,D001,41,Male,1,2,3.7882,3.6938,0,3.625
S1756,D001,41,Male,2,3,3.6938,3.625,0,3.8412
S1757,D002,40,Male,1,2,3.0,3.0375,0,2.8625
S1757,D002,40,Male,2,3,3.0375,2.8625,0,3.0471
S1757,D002,40,Male,2,4,2.8625,3.0471,0,3.2833
S1759,D001,41,Female,1,2,2.6882,2.3312,1,3.05
S1761,D005,41,Male,1,2,3.9647,3.9062,0,4.0
S1761,D005,41,Male,2,3,3.9062,4.0,0,4.0
S1762,D002,39,Male,1,2,3.8294,3.9438,0,3.8
S1762,D002,39,Male,2,3,3.9438,3.8,0,3.8412
S1762,D002,39,Male,2,4,3.8,3.8412,0,3.9167
S1762,D002,39,Male,3,5,3.8412,3.9167,0,3.9885
S1762,D002,39,Male,3,6,3.9167,3.9885,0,3.9222
S1762,D002,39,Male,4,7,3.9885,3.9222,0,4.0
S1763,D003,41,Female,1,2,3.0471,2.8278,0,2.84
S1764,D001,39,Female,1,2,3.8059,3.6062,0,3.2125
S1764,D001,39,Female,2,3,3.6062,3.2125,0,3.7588
S1764,D001,39,Female,2,4,3.2125,3.7588,0,3.3167
S1764,D001,39,Female,3,5,3.7588,3.3167,0,3.272
S1764,D001,39,Female,3,6,3.3167,3.272,0,3.5125
S1765,D003,40,Female,1,2,3.3176,3.6056,0,3.2733
S1765,D003,40,Female,2,3,3.6056,3.2733,0,3.3765
S1765,D003,40,Female,2,4,3.2733,3.3765,0,3.916
S1767,D002,39,Male,1,2,3.9647,3.4188,0,3.525
S1767,D002,39,Male,2,3,3.4188,3.525,0,3.6118
S1767,D002,39,Male,2,4,3.525,3.6118,0,3.55
S1767,D002,39,Male,3,5,3.6118,3.55,0,3.7577
S1767,D002,39,Male,3,6,3.55,3.7577,0,3.6222
S1768,D003,40,Male,1,2,3.9176,3.7389,0,3.6333
S1768,D003,40,Male,2,3,3.7389,3.6333,0,3.6588
S1768,D003,40,Male,2,4,3.6333,3.6588,0,3.736
S1769,D003,40,Female,1,2,3.5294,3.4722,0,3.3733
S1769,D003,40,Female,2,3,3.4722,3.3733,0,3.6588
S1769,D003,40,Female,2,4,3.3733,3.6588,0,2.98
S1770,D003,41,Female,1,2,3.3412,3.0722,0,3.42
S1771,D003,40,Male,1,2,4.0,3.9167,0,4.0
S1771,D003,40,Male,2,3,3.9167,4.0,0,4.0
S1771,D003,40,Male,2,4,4.0,4.0,0,3.872
S1771,D003,40,Male,3,5,4.0,3.872,0,3.913
S1772,D003,40,Female,1,2,2.6529,2.3611,0,1.5067
S1772,D003,40,Female,2,3,2.3611,1.5067,2,2.2824
S1772,D003,40,Female,2,4,1.5067,2.2824,6,2.26
S1772,D003,40,Female,3,5,2.2824,2.26,10,2.2391
S1773,D001,41,Female,1,2,3.7529,3.9625,0,3.625
S1774,D001,39,Male,1,2,3.2941,3.375,0,3.3875
S1774,D001,39,Male,2,3,3.375,3.3875,0,2.7412
S1774,D001,39,Male,2,4,3.3875,2.7412,0,3.3
S1774,D001,39,Male,3,5,2.7412,3.3,0,3.308
S1774,D001,39,Male,3,6,3.3,3.308,0,3.1375
S1775,D003,40,Male,1,2,3.4529,3.65,0,3.6
S1775,D003,40,Male,2,3,3.65,3.6,0,3.5353
S1775,D003,40,Male,2,4,3.6,3.5353,0,3.572
S1776,D003,41,Male,1,2,3.7118,3.7722,0,3.4667
S1778,D003,41,Male,1,2,3.7118,3.2667,0,3.84
S1779,D005,41,Male,1,2,3.3647,3.0312,0,3.0316
S1780,D005,41,Female,1,2,4.0,3.8688,0,4.0
S1783,D001,40,Male,1,2,3.2824,3.425,0,3.45
S1783,D001,40,Male,2,3,3.425,3.45,0,3.6412
S1783,D001,40,Male,2,4,3.45,3.6412,0,2.95
S1783,D001,40,Male,3,5,3.6412,2.95,0,3.28
S1784,D001,39,Male,1,2,3.2294,2.9625,0,3.05
S1784,D001,39,Male,2,3,2.9625,3.05,0,2.6588
S1784,D001,39,Male,2,4,3.05,2.6588,0,3.0
S1784,D001,39,Male,3,5,2.6588,3.0,0,3.06
S1784,D001,39,Male,3,6,3.0,3.06,0,3.3375
S1784,D001,39,Male,4,7,3.06,3.3375,0,2.74
S1785,D002,41,Male,1,2,3.7059,3.7625,0,3.5125
S1786,D005,40,Male,1,2,3.5882,2.375,0,3.9263
S1786,D005,40,Male,2,3,2.375,3.9263,0,2.8875
S1786,D005,40,Male,2,4,3.9263,2.8875,0,3.1143
S1787,D002,41,Male,1,2,2.9235,3.6812,0,3.125
S1788,D001,39,Male,1,2,2.8353,2.8812,1,2.475
S1788,D001,39,Male,2,3,2.8812,2.475,2,3.1471
S1788,D001,39,Male,2,4,2.475,3.1471,3,2.575
S1788,D001,39,Male,3,5,3.1471,2.575,5,2.644
S1788,D001,39,Male,3,6,2.575,2.644,7,2.2875
S1788,D001,39,Male,4,7,2.644,2.2875,9,3.4
S1790,D002,40,Female,1,2,2.5059,2.5375,0,2.1
S1790,D002,40,Female,2,3,2.5375,2.1,1,2.2
S1790,D002,40,Female,2,4,2.1,2.2,2,2.5
S1791,D002,41,Male,1,2,3.6118,3.85,0,3.75
S1792,D005,41,Male,1,2,3.7353,3.6812,0,4.0
S1792,D005,41,Male,2,3,3.6812,4.0,0,4.0
S1793,D005,40,Male,1,2,2.2059,2.15,2,2.0579
S1793,D005,40,Male,2,3,2.15,2.0579,6,2.6875
S1793,D005,40,Male,2,4,2.0579,2.6875,10,2.2714
S1796,D001,41,Male,1,2,2.3765,2.2188,0,2.75
S1796,D001,41,Male,2,3,2.2188,2.75,0,2.4882
S1798,D005,41,Male,1,2,3.3412,3.4125,0,3.0632
S1799,D001,39,Male,1,2,3.8471,3.6312,0,3.7875
S1799,D001,39,Male,2,3,3.6312,3.7875,0,3.1235
S1799,D001,39,Male,2,4,3.7875,3.1235,0,3.8417
S1799,D001,39,Male,3,5,3.1235,3.8417,0,3.976
S1799,D001,39,Male,3,6,3.8417,3.976,0,3.7125
S1799,D001,39,Male,4,7,3.976,3.7125,0,4.0
S1800,D003,39,Male,1,2,3.9176,3.6722,0,3.86
S1800,D003,39,Male,2,3,3.6722,3.86,0,3.9471
S1800,D003,39,Male,2,4,3.86,3.9471,0,3.736
S1800,D003,39,Male,3,5,3.9471,3.736,0,3.8261
S1800,D003,39,Male,3,6,3.736,3.8261,0,3.7667
S1802,D003,39,Male,1,2,3.6529,3.6444,0,3.1867
S1802,D003,39,Male,2,3,3.6444,3.1867,0,3.5529
S1802,D003,39,Male,2,4,3.1867,3.5529,0,3.496
S1802,D003,39,Male,3,5,3.5529,3.496,0,3.2652
S1802,D003,39,Male,3,6,3.496,3.2652,0,3.5524
S1803,D003,41,Male,1,2,2.8471,2.9833,0,3.1867
S1804,D002,40,Male,1,2,3.5706,3.5312,0,3.5375
S1804,D002,40,Male,2,3,3.5312,3.5375,0,3.4412
S1804,D002,40,Male,2,4,3.5375,3.4412,0,3.475
S1805,D002,41,Male,1,2,3.6882,3.7938,0,3.6625
S1806,D005,41,Male,1,2,3.4647,3.4812,0,3.8789
S1807,D002,39,Male,1,2,3.4118,3.8375,0,3.8375
S1807,D002,39,Male,2,3,3.8375,3.8375,0,3.7118
S1807,D002,39,Male,2,4,3.8375,3.7118,0,3.675
S1807,D002,39,Male,3,5,3.7118,3.675,0,3.7269
S1807,D002,39,Male,3,6,3.675,3.7269,0,3.7556
S1807,D002,39,Male,4,7,3.7269,3.7556,0,3.58
S1808,D001,41,Male,1,2,3.5588,3.8375,0,3.8
S1809,D001,39,Male,1,2,3.8059,3.5438,0,3.7625
S1809,D001,39,Male,2,3,3.5438,3.7625,0,4.0
S1809,D001,39,Male,2,4,3.7625,4.0,0,3.8583
S1809,D001,39,Male,3,5,4.0,3.8583,0,3.712
S1809,D001,39,Male,3,6,3.8583,3.712,0,3.7125
S1809,D001,39,Male,4,7,3.712,3.7125,0,3.42
S1810,D002,40,Male,1,2,3.0353,3.1625,0,2.375
S1810,D002,40,Male,2,3,3.1625,2.375,0,2.9529
S1810,D002,40,Male,2,4,2.375,2.9529,0,2.8667
S1811,D005,41,Female,1,2,3.9176,3.875,0,4.0
S1811,D005,41,Female,2,3,3.875,4.0,0,3.9625
S1812,D001,41,Male,1,2,3.7647,3.9062,0,3.75
S1812,D001,41,Male,2,3,3.9062,3.75,0,3.6765
S1814,D001,40,Male,1,2,3.7647,4.0,0,3.625
S1814,D001,40,Male,2,3,4.0,3.625,0,3.8941
S1814,D001,40,Male,2,4,3.625,3.8941,0,3.3917
S1819,D002,40,Male,1,2,3.1588,3.175,0,2.675
S1819,D002,40,Male,2,3,3.175,2.675,0,3.5118
S1819,D002,40,Male,2,4,2.675,3.5118,0,3.4917
S1819,D002,40,Male,3,5,3.5118,3.4917,0,3.4423
S1822,D003,41,Male,1,2,3.4353,3.4278,0,3.54
S1822,D003,41,Male,2,3,3.4278,3.54,0,3.0
S1823,D003,40,Female,1,2,4.0,4.0,0,3.86
S1823,D003,40,Female,2,3,4.0,3.86,0,3.9471
S1823,D003,40,Female,2,4,3.86,3.9471,0,3.976
S1825,D002,41,Female,1,2,4.0,4.0,0,4.0
S1826,D003,41,Male,1,2,3.4882,3.2167,0,3.18
S1826,D003,41,Male,2,3,3.2167,3.18,0,3.2059
S1828,D001,40,Female,1,2,3.7706,3.6,0,3.75
S1828,D001,40,Female,2,3,3.6,3.75,0,3.7118
S1828,D001,40,Female,2,4,3.75,3.7118,0,3.3167
S1829,D002,41,Male,1,2,2.9118,3.05,0,2.875
S1829,D002,41,Male,2,3,3.05,2.875,0,3.2353
S1830,D005,41,Male,1,2,3.7059,4.0,0,3.8947
S1832,D002,40,Female,1,2,3.6882,3.6625,0,3.7125
S1832,D002,40,Female,2,3,3.6625,3.7125,0,4.0
S1832,D002,40,Female,2,4,3.7125,4.0,0,3.6333
S1833,D001,39,Male,1,2,3.5647,3.75,0,3.8
S1833,D001,39,Male,2,3,3.75,3.8,0,3.7529
S1833,D001,39,Male,2,4,3.8,3.7529,0,3.6667
S1833,D001,39,Male,3,5,3.7529,3.6667,0,3.64
S1833,D001,39,Male,3,6,3.6667,3.64,0,3.7125
S1834,D004,40,Male,1,2,2.9615,3.0471,0,2.88
S1834,D004,40,Male,2,3,3.0471,2.88,0,3.0091
S1834,D004,40,Male,2,4,2.88,3.0091,0,3.0105
S1834,D004,40,Male,3,5,3.0091,3.0105,0,3.2667
S1836,D001,40,Male,1,2,3.9176,3.4562,0,3.7875
S1836,D001,40,Male,2,3,3.4562,3.7875,0,3.8824
S1836,D001,40,Male,2,4,3.7875,3.8824,0,3.8917
S1836,D001,40,Male,3,5,3.8824,3.8917,0,3.976
S1837,D005,40,Male,1,2,2.9941,2.8562,0,3.0053
S1837,D005,40,Male,2,3,2.8562,3.0053,0,2.7438
S1837,D005,40,Male,2,4,3.0053,2.7438,0,3.2786
S1837,D005,40,Male,3,5,2.7438,3.2786,0,3.7
S1839,D001,41,Female,1,2,3.2941,3.5625,0,3.0
S1839,D001,41,Female,2,3,3.5625,3.0,0,2.7529
S1840,D004,41,Male,1,2,3.9538,3.7941,0,3.96
S1841,D003,40,Female,1,2,3.9176,4.0,0,3.7333
S1841,D003,40,Female,2,3,4.0,3.7333,0,3.7
S1841,D003,40,Female,2,4,3.7333,3.7,0,3.896
S1842,D003,39,Male,1,2,2.7824,3.0833,0,2.8533
S1842,D003,39,Male,2,3,3.0833,2.8533,0,3.3118
S1842,D003,39,Male,2,4,2.8533,3.3118,0,3.368
S1842,D003,39,Male,3,5,3.3118,3.368,0,3.3
S1842,D003,39,Male,3,6,3.368,3.3,0,3.0429
S1842,D003,39,Male,4,7,3.3,3.0429,0,3.12
S1843,D002,41,Male,1,2,2.7118,3.35,0,3.4125
S1845,D004,41,Male,1,2,3.8923,3.8765,0,3.94
S1845,D004,41,Male,2,3,3.8765,3.94,0,4.0
S1846,D004,40,Female,1,2,3.7615,3.4412,0,3.32
S1846,D004,40,Female,2,3,3.4412,3.32,0,3.4909
S1846,D004,40,Female,2,4,3.32,3.4909,0,2.7158
S1848,D004,40,Male,1,2,3.7385,3.2588,0,3.6
S1848,D004,40,Male,2,3,3.2588,3.6,0,3.4455
S1848,D004,40,Male,2,4,3.6,3.4455,0,3.3526
S1848,D004,40,Male,3,5,3.4455,3.3526,0,3.4619
S1849,D001,40,Male,1,2,3.2647,3.9438,0,3.6625
S1849,D001,40,Male,2,3,3.9438,3.6625,0,3.3882
S1849,D001,40,Male,2,4,3.6625,3.3882,0,3.4833
S1851,D002,40,Female,1,2,3.2824,2.8188,0,3.15
S1851,D002,40,Female,2,3,2.8188,3.15,0,3.5765
S1851,D002,40,Female,2,4,3.15,3.5765,0,3.5
S1851,D002,40,Female,3,5,3.5765,3.5,0,3.0423
S1853,D004,41,Female,1,2,4.0,3.9471,0,3.94
S1853,D004,41,Female,2,3,3.9471,3.94,0,4.0
S1854,D001,41,Male,1,2,2.9353,3.3562,0,2.95
S1854,D001,41,Male,2,3,3.3562,2.95,0,3.5059
S1855,D001,41,Female,1,2,3.4176,3.6562,0,3.6375
S1855,D001,41,Female,2,3,3.6562,3.6375,0,3.5059
S1856,D002,40,Male,1,2,3.8118,3.5812,0,3.7875
S1856,D002,40,Male,2,3,3.5812,3.7875,0,3.5529
S1856,D002,40,Male,2,4,3.7875,3.5529,0,3.975
S1858,D004,40,Male,1,2,3.8846,3.8,0,3.94
S1858,D004,40,Male,2,3,3.8,3.94,0,4.0
S1858,D004,40,Male,2,4,3.94,4.0,0,3.7789
S1860,D003,40,Female,1,2,3.3529,3.1944,0,3.5133
S1860,D003,40,Female,2,3,3.1944,3.5133,0,3.5941
S1860,D003,40,Female,2,4,3.5133,3.5941,0,3.608
S1861,D002,39,Male,1,2,3.4176,3.3938,0,3.5
S1861,D002,39,Male,2,3,3.3938,3.5,0,3.1941
S1861,D002,39,Male,2,4,3.5,3.1941,0,3.6167
S1861,D002,39,Male,3,5,3.1941,3.6167,0,3.0962
S1861,D002,39,Male,3,6,3.6167,3.0962,0,3.5111
S1862,D003,40,Male,1,2,3.4059,3.6722,0,3.7733
S1862,D003,40,Male,2,3,3.6722,3.7733,0,3.6118
S1862,D003,40,Male,2,4,3.7733,3.6118,0,3.768
S1862,D003,40,Male,3,5,3.6118,3.768,0,3.4435
S1864,D001,41,Male,1,2,3.6706,3.7438,0,3.5875
S1868,D003,41,Male,1,2,3.7588,3.8333,0,3.82
S1869,D002,40,Female,1,2,2.3706,2.8063,2,2.9125
S1869,D002,40,Female,2,3,2.8063,2.9125,3,1.7824
S1869,D002,40,Female,2,4,2.9125,1.7824,6,2.3583
S1871,D001,39,Female,1,2,2.9235,3.1062,0,3.1875
S1871,D001,39,Female,2,3,3.1062,3.1875,0,2.9765
S1871,D001,39,Female,2,4,3.1875,2.9765,0,2.6917
S1871,D001,39,Female,3,5,2.9765,2.6917,0,2.98
S1871,D001,39,Female,3,6,2.6917,2.98,0,2.825
S1872,D003,40,Male,1,2,2.9824,2.6778,0,3.08
S1872,D003,40,Male,2,3,2.6778,3.08,0,3.2
S1872,D003,40,Male,2,4,3.08,3.2,0,2.636
S1872,D003,40,Male,3,5,3.2,2.636,0,3.0478
S1874,D003,40,Female,1,2,2.7176,2.6611,0,2.5333
S1874,D003,40,Female,2,3,2.6611,2.5333,0,2.9118
S1874,D003,40,Female,2,4,2.5333,2.9118,0,3.292
S1875,D001,40,Male,1,2,3.5059,3.4875,0,3.2875
S1875,D001,40,Male,2,3,3.4875,3.2875,0,3.4647
S1875,D001,40,Male,2,4,3.2875,3.4647,0,3.7
S1875,D001,40,Male,3,5,3.4647,3.7,0,3.412
S1876,D004,40,Female,1,2,4.0,3.9471,0,4.0
S1876,D004,40,Female,2,3,3.9471,4.0,0,4.0
S1876,D004,40,Female,2,4,4.0,4.0,0,3.8421
S1877,D002,40,Female,1,2,2.8353,3.4438,0,3.4
S1877,D002,40,Female,2,3,3.4438,3.4,0,3.3529
S1877,D002,40,Female,2,4,3.4,3.3529,0,3.1333
S1877,D002,40,Female,3,5,3.3529,3.1333,0,3.2154
S1878,D001,41,Female,1,2,2.5,3.1125,0,2.6
S1879,D003,41,Male,1,2,3.1706,3.25,0,3.0333
S1879,D003,41,Male,2,3,3.25,3.0333,0,3.4882
S1880,D003,41,Male,1,2,3.3941,3.6611,0,3.6867
S1880,D003,41,Male,2,3,3.6611,3.6867,0,3.3588
S1881,D003,39,Female,1,2,3.7706,3.7889,0,3.8467
S1881,D003,39,Female,2,3,3.7889,3.8467,0,3.7471
S1881,D003,39,Female,2,4,3.8467,3.7471,0,3.864
S1881,D003,39,Female,3,5,3.7471,3.864,0,3.913
S1881,D003,39,Female,3,6,3.864,3.913,0,3.9429
S1883,D004,40,Male,1,2,2.6231,2.9706,0,2.7267
S1883,D004,40,Male,2,3,2.9706,2.7267,0,2.8727
S1883,D004,40,Male,2,4,2.7267,2.8727,0,2.9368
S1883,D004,40,Male,3,5,2.8727,2.9368,0,2.0571
S1884,D001,41,Male,1,2,3.6588,3.4062,0,3.75
S1884,D001,41,Male,2,3,3.4062,3.75,0,3.7353
S1885,D002,39,Male,1,2,2.9706,3.2812,0,2.8
S1885,D002,39,Male,2,3,3.2812,2.8,0,3.5059
S1885,D002,39,Male,2,4,2.8,3.5059,0,3.225
S1885,D002,39,Male,3,5,3.5059,3.225,0,3.1846
S1885,D002,39,Male,3,6,3.225,3.1846,0,2.9444
S1885,D002,39,Male,4,7,3.1846,2.9444,0,3.42
S1887,D003,40,Male,1,2,3.9647,4.0,0,4.0
S1887,D003,40,Male,2,3,4.0,4.0,0,3.8765
S1887,D003,40,Male,2,4,4.0,3.8765,0,3.92
S1887,D003,40,Male,3,5,3.8765,3.92,0,3.887
S1888,D003,41,Male,1,2,3.1118,3.4944,0,3.5133
S1889,D001,41,Male,1,2,3.8471,3.325,0,3.6625
S1890,D005,39,Female,1,2,3.8235,3.4625,0,3.6895
S1890,D005,39,Female,2,3,3.4625,3.6895,0,3.6562
S1890,D005,39,Female,2,4,3.6895,3.6562,0,3.8143
S1890,D005,39,Female,3,5,3.6562,3.8143,0,4.0
S1890,D005,39,Female,3,6,3.8143,4.0,0,3.7917
S1890,D005,39,Female,4,7,4.0,3.7917,0,3.6067
S1891,D003,40,Male,1,2,3.3118,3.5333,0,3.0867
S1891,D003,40,Male,2,3,3.5333,3.0867,0,3.3588
S1891,D003,40,Male,2,4,3.0867,3.3588,0,3.62
S1892,D005,40,Female,1,2,2.1706,2.5813,0,2.5895
S1892,D005,40,Female,2,3,2.5813,2.5895,0,2.6062
S1892,D005,40,Female,2,4,2.5895,2.6062,1,2.2429
S1892,D005,40,Female,3,5,2.6062,2.2429,2,2.7
S1893,D005,40,Male,1,2,3.1412,3.2562,0,3.4789
S1893,D005,40,Male,2,3,3.2562,3.4789,0,3.3125
S1893,D005,40,Male,2,4,3.4789,3.3125,0,3.4
S1893,D005,40,Male,3,5,3.3125,3.4,0,2.3
S1894,D003,40,Female,1,2,2.8529,2.0778,0,2.3267
S1894,D003,40,Female,2,3,2.0778,2.3267,2,1.9
S1894,D003,40,Female,2,4,2.3267,1.9,5,1.568
S1895,D005,41,Male,1,2,2.8412,2.7062,0,3.5895
S1899,D003,41,Male,1,2,3.7059,3.5889,0,3.6933
S1900,D001,41,Female,1,2,3.4765,3.8312,0,3.925
S1900,D001,41,Female,2,3,3.8312,3.925,0,3.8118
S1901,D003,39,Female,1,2,3.7176,3.6944,0,3.42
S1901,D003,39,Female,2,3,3.6944,3.42,0,3.6706
S1901,D003,39,Female,2,4,3.42,3.6706,0,3.568
S1901,D003,39,Female,3,5,3.6706,3.568,0,3.5739
S1901,D003,39,Female,3,6,3.568,3.5739,0,3.3476
S1901,D003,39,Female,4,7,3.5739,3.3476,0,4.0
S1903,D002,41,Female,1,2,3.2706,3.6812,0,2.85
S1903,D002,41,Female,2,3,3.6812,2.85,0,3.2294
S1904,D003,41,Male,1,2,3.6824,3.0,0,3.24
S1904,D003,41,Male,2,3,3.0,3.24,0,3.4941
S1905,D001,40,Male,1,2,2.9529,3.2312,0,3.5
S1905,D001,40,Male,2,3,3.2312,3.5,0,3.3647
S1905,D001,40,Male,2,4,3.5,3.3647,0,3.3333
S1905,D001,40,Male,3,5,3.3647,3.3333,0,3.376
S1906,D002,40,Male,1,2,3.9235,3.625,0,3.875
S1906,D002,40,Male,2,3,3.625,3.875,0,3.7882
S1906,D002,40,Male,2,4,3.875,3.7882,0,3.8417
S1907,D005,39,Male,1,2,4.0,4.0,0,4.0
S1907,D005,39,Male,2,3,4.0,4.0,0,3.9438
S1907,D005,39,Male,2,4,4.0,3.9438,0,4.0
S1907,D005,39,Male,3,5,3.9438,4.0,0,3.3
S1907,D005,39,Male,3,6,4.0,3.3,0,3.9625
S1907,D005,39,Male,4,7,3.3,3.9625,0,3.96
S1908,D002,40,Male,1,2,3.6765,3.7562,0,3.5
S1908,D002,40,Male,2,3,3.7562,3.5,0,3.7412
S1908,D002,40,Male,2,4,3.5,3.7412,0,3.3167
S1909,D001,41,Male,1,2,3.6353,3.5938,0,3.625
S1911,D003,41,Male,1,2,3.5118,3.3944,0,3.8067
S1912,D003,40,Male,1,2,3.9647,4.0,0,3.9067
S1912,D003,40,Male,2,3,4.0,3.9067,0,4.0
S1912,D003,40,Male,2,4,3.9067,4.0,0,3.976
S1912,D003,40,Male,3,5,4.0,3.976,0,3.9174
S1915,D003,41,Male,1,2,2.8176,3.5556,0,3.16
S1916,D003,41,Male,1,2,1.9,1.9556,0,2.0333
S1919,D003,41,Male,1,2,3.9176,3.75,0,3.6067
S1920,D002,40,Female,1,2,3.7588,3.5062,0,3.3375
S1920,D002,40,Female,2,3,3.5062,3.3375,0,3.7529
S1920,D002,40,Female,2,4,3.3375,3.7529,0,3.525
S1920,D002,40,Female,3,5,3.7529,3.525,0,3.6923
S1921,D002,39,Male,1,2,3.1235,3.1812,0,3.1125
S1921,D002,39,Male,2,3,3.1812,3.1125,0,3.4588
S1921,D002,39,Male,2,4,3.1125,3.4588,0,2.8833
S1921,D002,39,Male,3,5,3.4588,2.8833,0,2.7115
S1921,D002,39,Male,3,6,2.8833,2.7115,0,3.0667
S1923,D003,40,Female,1,2,1.6824,2.3944,3,2.8867
S1923,D003,40,Female,2,3,2.3944,2.8867,6,1.9235
S1923,D003,40,Female,2,4,2.8867,1.9235,10,2.424
S1924,D005,39,Female,1,2,2.9294,3.3062,0,3.0316
S1924,D005,39,Female,2,3,3.3062,3.0316,0,3.4125
S1924,D005,39,Female,2,4,3.0316,3.4125,0,2.9286
S1924,D005,39,Female,3,5,3.4125,2.9286,0,2.0
S1924,D005,39,Female,3,6,2.9286,2.0,0,2.9708
S1924,D005,39,Female,4,7,2.0,2.9708,0,2.6133
S1925,D002,41,Female,1,2,3.3529,3.8875,0,3.5375
S1926,D005,41,Female,1,2,2.7588,2.8438,0,2.3105
S1928,D003,40,Female,1,2,3.7471,3.7222,0,3.7333
S1928,D003,40,Female,2,3,3.7222,3.7333,0,4.0
S1928,D003,40,Female,2,4,3.7333,4.0,0,3.816
S1929,D005,39,Male,1,2,3.8647,3.8125,0,3.6789
S1929,D005,39,Male,2,3,3.8125,3.6789,0,4.0
S1929,D005,39,Male,2,4,3.6789,4.0,0,4.0
S1929,D005,39,Male,3,5,4.0,4.0,0,4.0
S1929,D005,39,Male,3,6,4.0,4.0,0,3.6792
S1931,D005,41,Male,1,2,3.5176,3.3688,0,3.3158
S1932,D002,41,Female,1,2,3.1882,3.1375,0,3.1375
S1934,D002,41,Male,1,2,3.3941,3.4875,0,3.4875
S1935,D003,39,Female,1,2,2.6588,2.8167,1,2.8333
S1935,D003,39,Female,2,3,2.8167,2.8333,2,3.0706
S1935,D003,39,Female,2,4,2.8333,3.0706,3,2.908
S1935,D003,39,Female,3,5,3.0706,2.908,4,3.0304
S1935,D003,39,Female,3,6,2.908,3.0304,5,3.1762
S1936,D002,40,Male,1,2,2.6471,2.7562,0,2.5875
S1936,D002,40,Male,2,3,2.7562,2.5875,0,2.6294
S1936,D002,40,Male,2,4,2.5875,2.6294,0,2.4667
S1938,D003,41,Male,1,2,3.3,3.7944,0,3.94
S1939,D002,41,Male,1,2,3.4118,3.8188,0,3.9625
S1942,D005,40,Male,1,2,3.2412,3.4312,0,3.3368
S1942,D005,40,Male,2,3,3.4312,3.3368,0,3.0375
S1942,D005,40,Male,2,4,3.3368,3.0375,0,3.2071
S1949,D002,41,Male,1,2,3.4588,3.7625,0,3.75
S1952,D001,39,Male,1,2,3.3118,3.35,0,3.4625
S1952,D001,39,Male,2,3,3.35,3.4625,0,3.6059
S1952,D001,39,Male,2,4,3.4625,3.6059,0,3.4833
S1952,D001,39,Male,3,5,3.6059,3.4833,0,3.44
S1952,D001,39,Male,3,6,3.4833,3.44,0,3.6375
S1952,D001,39,Male,4,7,3.44,3.6375,0,4.0
S1953,D001,41,Male,1,2,2.4588,2.325,0,2.2875
S1953,D001,41,Male,2,3,2.325,2.2875,1,2.5647
S1954,D001,41,Female,1,2,3.9176,3.5375,0,3.8375
S1954,D001,41,Female,2,3,3.5375,3.8375,0,3.3412
S1956,D005,39,Male,1,2,3.4588,3.2562,0,3.3211
S1956,D005,39,Male,2,3,3.2562,3.3211,0,3.4938
S1956,D005,39,Male,2,4,3.3211,3.4938,0,3.6071
S1956,D005,39,Male,3,5,3.4938,3.6071,0,3.7
S1956,D005,39,Male,3,6,3.6071,3.7,0,3.6583
S1956,D005,39,Male,4,7,3.7,3.6583,0,2.8933
S1958,D004,41,Male,1,2,3.6231,3.5118,0,3.94
S1958,D004,41,Male,2,3,3.5118,3.94,0,3.3636
S1959,D002,41,Female,1,2,3.4059,3.0875,0,3.7625
S1959,D002,41,Female,2,3,3.0875,3.7625,0,3.0706
S1960,D001,40,Female,1,2,2.5765,2.6687,0,2.8875
S1960,D001,40,Female,2,3,2.6687,2.8875,0,2.5
S1960,D001,40,Female,2,4,2.8875,2.5,0,2.975
S1961,D001,40,Male,1,2,4.0,4.0,0,3.9625
S1961,D001,40,Male,2,3,4.0,3.9625,0,3.9471
S1961,D001,40,Male,2,4,3.9625,3.9471,0,3.975
S1961,D001,40,Male,3,5,3.9471,3.975,0,3.976
S1962,D003,39,Male,1,2,4.0,3.8722,0,3.96
S1962,D003,39,Male,2,3,3.8722,3.96,0,4.0
S1962,D003,39,Male,2,4,3.96,4.0,0,4.0
S1962,D003,39,Male,3,5,4.0,4.0,0,3.9609
S1962,D003,39,Male,3,6,4.0,3.9609,0,3.9714
S1963,D001,39,Male,1,2,3.2471,2.7875,0,3.125
S1963,D001,39,Male,2,3,2.7875,3.125,0,3.0824
S1963,D001,39,Male,2,4,3.125,3.0824,1,2.5917
S1963,D001,39,Male,3,5,3.0824,2.5917,3,2.988
S1963,D001,39,Male,3,6,2.5917,2.988,5,3.3125
S1963,D001,39,Male,4,7,2.988,3.3125,7,3.7
S1964,D002,39,Male,1,2,3.1353,2.9875,0,2.5
S1964,D002,39,Male,2,3,2.9875,2.5,3,2.7588
S1964,D002,39,Male,2,4,2.5,2.7588,6,3.3
S1964,D002,39,Male,3,5,2.7588,3.3,9,2.9808
S1964,D002,39,Male,3,6,3.3,2.9808,12,2.9667
S1965,D005,39,Male,1,2,3.8,4.0,0,4.0
S1965,D005,39,Male,2,3,4.0,4.0,0,3.6812
S1965,D005,39,Male,2,4,4.0,3.6812,0,3.9357
S1965,D005,39,Male,3,5,3.6812,3.9357,0,4.0
S1965,D005,39,Male,3,6,3.9357,4.0,0,4.0
S1965,D005,39,Male,4,7,4.0,4.0,0,3.96
S1966,D003,39,Male,1,2,3.2882,3.4944,0,3.54
S1966,D003,39,Male,2,3,3.4944,3.54,0,3.1588
S1966,D003,39,Male,2,4,3.54,3.1588,0,2.712
S1966,D003,39,Male,3,5,3.1588,2.712,1,2.9
S1966,D003,39,Male,3,6,2.712,2.9,2,3.2714
S1967,D002,39,Female,1,2,3.2529,3.45,0,3.55
S1967,D002,39,Female,2,3,3.45,3.55,0,3.5
S1967,D002,39,Female,2,4,3.55,3.5,0,3.2167
S1967,D002,39,Female,3,5,3.5,3.2167,0,3.4115
S1967,D002,39,Female,3,6,3.2167,3.4115,0,3.7778
S1968,D002,41,Male,1,2,2.6059,3.05,0,2.7
S1968,D002,41,Male,2,3,3.05,2.7,0,1.8471
S1969,D005,41,Female,1,2,3.8294,4.0,0,4.0
S1970,D002,39,Female,1,2,3.5588,3.3312,0,3.425
S1970,D002,39,Female,2,3,3.3312,3.425,0,3.3235
S1970,D002,39,Female,2,4,3.425,3.3235,0,3.45
S1970,D002,39,Female,3,5,3.3235,3.45,0,3.5038
S1970,D002,39,Female,3,6,3.45,3.5038,0,3.1889
S1973,D005,40,Female,1,2,2.2765,2.175,1,2.1053
S1973,D005,40,Female,2,3,2.175,2.1053,3,2.7812
S1973,D005,40,Female,2,4,2.1053,2.7812,5,2.6
S1973,D005,40,Female,3,5,2.7812,2.6,7,2.7
S1976,D004,40,Male,1,2,3.1154,2.5235,0,2.8933
S1976,D004,40,Male,2,3,2.5235,2.8933,0,3.3455
S1976,D004,40,Male,2,4,2.8933,3.3455,0,2.8632
S1976,D004,40,Male,3,5,3.3455,2.8632,0,3.0714
S1978,D003,39,Female,1,2,3.6882,3.6278,0,3.96
S1978,D003,39,Female,2,3,3.6278,3.96,0,3.5647
S1978,D003,39,Female,2,4,3.96,3.5647,0,3.452
S1978,D003,39,Female,3,5,3.5647,3.452,0,3.5435
S1978,D003,39,Female,3,6,3.452,3.5435,0,3.6476
S1978,D003,39,Female,4,7,3.5435,3.6476,0,3.4
S1982,D001,40,Female,1,2,2.9706,3.1812,0,3.3
S1982,D001,40,Female,2,3,3.1812,3.3,0,3.6353
S1982,D001,40,Female,2,4,3.3,3.6353,0,2.9
S1983,D005,40,Female,1,2,3.3471,3.6188,0,3.5316
S1983,D005,40,Female,2,3,3.6188,3.5316,0,3.2938
S1983,D005,40,Female,2,4,3.5316,3.2938,0,3.0143
S1984,D005,40,Male,1,2,2.5471,2.825,0,3.0
S1984,D005,40,Male,2,3,2.825,3.0,0,2.9438
S1984,D005,40,Male,2,4,3.0,2.9438,0,2.9714
S1984,D005,40,Male,3,5,2.9438,2.9714,0,2.7
S1985,D004,40,Male,1,2,2.9077,2.8471,0,3.0267
S1985,D004,40,Male,2,3,2.8471,3.0267,0,3.2818
S1985,D004,40,Male,2,4,3.0267,3.2818,0,3.0789
S1985,D004,40,Male,3,5,3.2818,3.0789,0,2.4048
S1986,D002,39,Female,1,2,3.2882,3.2688,0,3.425
S1986,D002,39,Female,2,3,3.2688,3.425,0,3.4882
S1986,D002,39,Female,2,4,3.425,3.4882,0,3.4833
S1986,D002,39,Female,3,5,3.4882,3.4833,0,3.5346
S1986,D002,39,Female,3,6,3.4833,3.5346,0,3.6444
S1986,D002,39,Female,4,7,3.5346,3.6444,0,2.98
S1987,D005,39,Male,1,2,3.6647,3.5375,0,3.3579
S1987,D005,39,Male,2,3,3.5375,3.3579,0,2.8125
S1987,D005,39,Male,2,4,3.3579,2.8125,0,3.1786
S1987,D005,39,Male,3,5,2.8125,3.1786,0,3.7
S1987,D005,39,Male,3,6,3.1786,3.7,0,2.9375
S1987,D005,39,Male,4,7,3.7,2.9375,0,3.5333
S1988,D005,41,Female,1,2,3.8471,4.0,0,3.4842
S1988,D005,41,Female,2,3,4.0,3.4842,0,3.9625
S1990,D001,40,Male,1,2,3.8294,3.875,0,4.0
S1990,D001,40,Male,2,3,3.875,4.0,0,4.0
S1990,D001,40,Male,2,4,4.0,4.0,0,4.0
S1990,D001,40,Male,3,5,4.0,4.0,0,3.792
S1991,D003,40,Male,1,2,3.3412,3.3833,2,3.7667
S1991,D003,40,Male,2,3,3.3833,3.7667,3,3.5471
S1991,D003,40,Male,2,4,3.7667,3.5471,4,2.9
S1992,D003,41,Male,1,2,4.0,3.9667,0,4.0
S1992,D003,41,Male,2,3,3.9667,4.0,0,4.0
S1993,D002,40,Female,1,2,3.7235,3.9375,0,3.925
S1993,D002,40,Female,2,3,3.9375,3.925,0,3.9176
S1993,D002,40,Female,2,4,3.925,3.9176,0,3.8417
S1994,D003,39,Male,1,2,3.6118,3.9111,0,3.86
S1994,D003,39,Male,2,3,3.9111,3.86,0,4.0
S1994,D003,39,Male,2,4,3.86,4.0,0,3.912
S1994,D003,39,Male,3,5,4.0,3.912,0,3.9
S1994,D003,39,Male,3,6,3.912,3.9,0,4.0
S1994,D003,39,Male,4,7,3.9,4.0,0,3.82
S1995,D001,41,Male,1,2,3.9647,3.8375,0,3.8
S1995,D001,41,Male,2,3,3.8375,3.8,0,3.6353
S1996,D003,40,Male,1,2,3.5176,2.8611,0,3.1533
S1996,D003,40,Male,2,3,2.8611,3.1533,0,3.1529
S1996,D003,40,Male,2,4,3.1533,3.1529,0,3.42
S1996,D003,40,Male,3,5,3.1529,3.42,0,3.2174
S1997,D005,39,Female,1,2,3.2529,3.4938,0,3.4421
S1997,D005,39,Female,2,3,3.4938,3.4421,0,3.0125
S1997,D005,39,Female,2,4,3.4421,3.0125,0,3.3
S1997,D005,39,Female,3,5,3.0125,3.3,0,3.0
S1997,D005,39,Female,3,6,3.3,3.0,0,3.1708
S2000,D005,39,Male,1,2,3.6647,3.6062,0,3.4368
S2000,D005,39,Male,2,3,3.6062,3.4368,0,3.3188
S2000,D005,39,Male,2,4,3.4368,3.3188,0,3.6643
S2000,D005,39,Male,3,5,3.3188,3.6643,0,4.0
S2000,D005,39,Male,3,6,3.6643,4.0,0,3.5417
S2001,D002,40,Male,1,2,3.4412,3.7062,0,3.8375
S2001,D002,40,Male,2,3,3.7062,3.8375,0,3.9118
S2001,D002,40,Male,2,4,3.8375,3.9118,0,3.6917
S2005,D005,39,Male,1,2,3.8294,3.9438,0,3.7947
S2005,D005,39,Male,2,3,3.9438,3.7947,0,3.9125
S2005,D005,39,Male,2,4,3.7947,3.9125,0,4.0
S2005,D005,39,Male,3,5,3.9125,4.0,0,4.0
S2005,D005,39,Male,3,6,4.0,4.0,0,3.975
S2005,D005,39,Male,4,7,4.0,3.975,0,3.9
S2007,D005,39,Male,1,2,2.8588,2.5375,1,2.4211
S2007,D005,39,Male,2,3,2.5375,2.4211,2,2.6
S2007,D005,39,Male,2,4,2.4211,2.6,4,2.5286
S2007,D005,39,Male,3,5,2.6,2.5286,6,2.3
S2007,D005,39,Male,3,6,2.5286,2.3,8,2.4333
S2007,D005,39,Male,4,7,2.3,2.4333,10,1.98
S2009,D005,40,Female,1,2,3.0059,2.9625,0,2.6684
S2009,D005,40,Female,2,3,2.9625,2.6684,0,2.5875
S2009,D005,40,Female,2,4,2.6684,2.5875,0,2.7
S2009,D005,40,Female,3,5,2.5875,2.7,0,2.3
S2011,D005,40,Male,1,2,2.9,2.7125,0,2.6053
S2011,D005,40,Male,2,3,2.7125,2.6053,1,2.5312
S2011,D005,40,Male,2,4,2.6053,2.5312,2,2.6714
S2012,D001,41,Male,1,2,3.2529,3.6438,0,3.7125
S2012,D001,41,Male,2,3,3.6438,3.7125,0,3.6529
S2013,D001,41,Male,1,2,4.0,3.9625,0,3.9125
S2013,D001,41,Male,2,3,3.9625,3.9125,0,4.0
S2014,D004,41,Female,1,2,3.8692,3.5294,0,3.82
S2015,D003,39,Male,1,2,3.8,3.7722,0,3.72
S2015,D003,39,Male,2,3,3.7722,3.72,0,3.5706
S2015,D003,39,Male,2,4,3.72,3.5706,0,3.656
S2015,D003,39,Male,3,5,3.5706,3.656,0,3.587
S2015,D003,39,Male,3,6,3.656,3.587,0,3.7381
S2017,D001,40,Male,1,2,3.9471,3.9562,0,3.875
S2017,D001,40,Male,2,3,3.9562,3.875,0,3.9176
S2017,D001,40,Male,2,4,3.875,3.9176,0,3.9167
S2019,D001,41,Male,1,2,3.8765,3.8312,0,3.75
S2020,D001,40,Female,1,2,3.9471,3.9438,0,3.9625
S2020,D001,40,Female,2,3,3.9438,3.9625,0,3.7412
S2020,D001,40,Female,2,4,3.9625,3.7412,0,3.8667
S2020,D001,40,Female,3,5,3.7412,3.8667,0,3.92
S2021,D001,41,Male,1,2,3.3529,3.3562,0,3.5
S2021,D001,41,Male,2,3,3.3562,3.5,0,3.1294
S2024,D002,39,Female,1,2,4.0,3.9438,0,3.925
S2024,D002,39,Female,2,3,3.9438,3.925,0,4.0
S2024,D002,39,Female,2,4,3.925,4.0,0,3.9167
S2024,D002,39,Female,3,5,4.0,3.9167,0,3.9308
S2024,D002,39,Female,3,6,3.9167,3.9308,0,3.8556
S2024,D002,39,Female,4,7,3.9308,3.8556,0,4.0
S2025,D004,41,Male,1,2,3.1308,3.3647,0,3.6267
S2026,D004,41,Male,1,2,3.3692,4.0,0,4.0
S2027,D003,41,Male,1,2,2.5647,2.4556,1,2.3333
S2028,D004,40,Female,1,2,3.8,3.3412,0,3.5067
S2028,D004,40,Female,2,3,3.3412,3.5067,0,3.4455
S2028,D004,40,Female,2,4,3.5067,3.4455,0,3.3842
S2029,D002,41,Male,1,2,3.5765,3.875,0,3.7125
S2029,D002,41,Male,2,3,3.875,3.7125,0,4.0
S2031,D001,41,Male,1,2,3.6529,3.7688,0,3.7875
S2033,D002,41,Female,1,2,3.7471,3.5562,0,3.6625
S2034,D001,41,Male,1,2,3.6412,3.675,0,3.7125
S2034,D001,41,Male,2,3,3.675,3.7125,0,3.8588
S2035,D001,39,Male,1,2,3.7706,3.8062,0,3.4625
S2035,D001,39,Male,2,3,3.8062,3.4625,0,3.8824
S2035,D001,39,Male,2,4,3.4625,3.8824,0,3.8833
S2035,D001,39,Male,3,5,3.8824,3.8833,0,3.92
S2035,D001,39,Male,3,6,3.8833,3.92,0,3.8375
S2036,D005,41,Male,1,2,3.1118,2.4812,0,2.5526
S2037,D003,40,Male,1,2,3.1353,3.1111,0,3.18
S2037,D003,40,Male,2,3,3.1111,3.18,0,3.6059
S2037,D003,40,Male,2,4,3.18,3.6059,0,3.096
S2037,D003,40,Male,3,5,3.6059,3.096,0,3.1478
S2038,D003,41,Male,1,2,3.5588,3.7222,0,3.5267
S2038,D003,41,Male,2,3,3.7222,3.5267,0,3.9647
S2041,D005,41,Female,1,2,3.4118,3.025,0,3.3158
S2041,D005,41,Female,2,3,3.025,3.3158,0,2.8
S2042,D003,40,Female,1,2,3.3118,2.7,2,3.3267
S2042,D003,40,Female,2,3,2.7,3.3267,3,3.6059
S2042,D003,40,Female,2,4,3.3267,3.6059,4,2.804
S2044,D002,41,Male,1,2,3.7059,3.5,0,3.6625
S2045,D004,40,Male,1,2,2.9846,3.4529,0,2.9333
S2045,D004,40,Male,2,3,3.4529,2.9333,0,2.8455
S2045,D004,40,Male,2,4,2.9333,2.8455,0,2.7684
S2045,D004,40,Male,3,5,2.8455,2.7684,1,2.6476
S2046,D003,41,Male,1,2,3.4353,3.2944,0,3.0733
S2048,D004,41,Male,1,2,3.3615,3.0941,0,2.78
S2049,D001,41,Male,1,2,4.0,3.725,0,3.7625
S2049,D001,41,Male,2,3,3.725,3.7625,0,3.8412
S2051,D002,40,Female,1,2,3.8824,3.9438,0,3.875
S2051,D002,40,Female,2,3,3.9438,3.875,0,3.9176
S2051,D002,40,Female,2,4,3.875,3.9176,0,3.8917
S2051,D002,40,Female,3,5,3.9176,3.8917,0,3.9769
S2052,D005,40,Male,1,2,3.2647,3.65,0,3.3579
S2052,D005,40,Male,2,3,3.65,3.3579,0,2.9688
S2052,D005,40,Male,2,4,3.3579,2.9688,0,3.4143
S2054,D001,40,Male,1,2,3.4118,3.1062,0,3.7125
S2054,D001,40,Male,2,3,3.1062,3.7125,0,3.4765
S2054,D001,40,Male,2,4,3.7125,3.4765,0,3.7
S2054,D001,40,Male,3,5,3.4765,3.7,0,3.584
S2055,D002,41,Female,1,2,3.4,3.4375,0,3.2125
S2056,D003,41,Male,1,2,3.5706,3.6889,0,3.6067
S2056,D003,41,Male,2,3,3.6889,3.6067,0,3.5471
S2057,D005,41,Male,1,2,1.9059,2.4438,2,1.7263
S2057,D005,41,Male,2,3,2.4438,1.7263,4,2.375
S2058,D005,40,Female,1,2,3.8235,3.9625,0,3.6842
S2058,D005,40,Female,2,3,3.9625,3.6842,0,3.7812
S2058,D005,40,Female,2,4,3.6842,3.7812,0,3.3714
S2059,D003,40,Female,1,2,3.2824,3.1389,0,2.9067
S2059,D003,40,Female,2,3,3.1389,2.9067,0,3.2412
S2059,D003,40,Female,2,4,2.9067,3.2412,0,3.096
S2059,D003,40,Female,3,5,3.2412,3.096,0,2.8957
S2060,D003,40,Female,1,2,3.8118,3.7389,0,3.6733
S2060,D003,40,Female,2,3,3.7389,3.6733,0,3.8824
S2060,D003,40,Female,2,4,3.6733,3.8824,0,3.92
S2061,D002,41,Male,1,2,3.9294,3.6062,0,3.575
S2061,D002,41,Male,2,3,3.6062,3.575,0,3.8235
S2064,D001,40,Female,1,2,2.6588,3.0625,2,3.4625
S2064,D001,40,Female,2,3,3.0625,3.4625,3,2.5647
S2064,D001,40,Female,2,4,3.4625,2.5647,4,2.9417
S2065,D001,40,Male,1,2,3.2824,3.275,1,3.325
S2065,D001,40,Male,2,3,3.275,3.325,2,3.5235
S2065,D001,40,Male,2,4,3.325,3.5235,3,3.3
S2070,D005,41,Male,1,2,3.4882,3.6062,0,3.2474
S2070,D005,41,Male,2,3,3.6062,3.2474,0,3.2625
S2071,D004,41,Female,1,2,2.5308,2.7176,2,2.34
S2072,D001,40,Female,1,2,2.8529,3.1188,0,2.5
S2072,D001,40,Female,2,3,3.1188,2.5,0,2.9824
S2072,D001,40,Female,2,4,2.5,2.9824,0,2.825
S2073,D005,39,Female,1,2,3.9647,3.8312,0,3.6421
S2073,D005,39,Female,2,3,3.8312,3.6421,0,3.9438
S2073,D005,39,Female,2,4,3.6421,3.9438,0,3.8571
S2073,D005,39,Female,3,5,3.9438,3.8571,0,4.0
S2073,D005,39,Female,3,6,3.8571,4.0,0,3.925
S2074,D005,41,Male,1,2,3.5529,3.5438,0,3.5526
S2077,D002,41,Male,1,2,3.4824,3.5062,0,3.4625
S2077,D002,41,Male,2,3,3.5062,3.4625,0,3.8294
S2078,D005,39,Male,1,2,3.4471,3.4125,0,3.6368
S2078,D005,39,Male,2,3,3.4125,3.6368,0,3.7188
S2078,D005,39,Male,2,4,3.6368,3.7188,0,4.0
S2078,D005,39,Male,3,5,3.7188,4.0,0,3.3
S2078,D005,39,Male,3,6,4.0,3.3,0,3.6292
S2079,D003,41,Male,1,2,4.0,4.0,0,3.9
S2080,D001,39,Male,1,2,3.5529,3.35,0,2.9625
S2080,D001,39,Male,2,3,3.35,2.9625,0,3.5647
S2080,D001,39,Male,2,4,2.9625,3.5647,0,3.3667
S2080,D001,39,Male,3,5,3.5647,3.3667,0,3.588
S2080,D001,39,Male,3,6,3.3667,3.588,0,3.5125
S2080,D001,39,Male,4,7,3.588,3.5125,0,3.82
S2082,D002,41,Female,1,2,2.9471,3.2375,0,3.3375
S2083,D005,41,Female,1,2,3.6471,3.6375,0,3.9684
S2083,D005,41,Female,2,3,3.6375,3.9684,0,3.9438
S2084,D005,40,Male,1,2,3.1176,3.8562,0,2.7789
S2084,D005,40,Male,2,3,3.8562,2.7789,0,3.1875
S2084,D005,40,Male,2,4,2.7789,3.1875,0,3.5214
S2084,D005,40,Male,3,5,3.1875,3.5214,0,3.0
S2085,D002,41,Female,1,2,3.1353,2.9375,0,3.1625
S2087,D001,41,Male,1,2,3.7588,3.8375,0,3.7875
S2087,D001,41,Male,2,3,3.8375,3.7875,0,3.3765
S2088,D002,41,Male,1,2,3.8824,4.0,0,4.0
S2088,D002,41,Male,2,3,4.0,4.0,0,3.9647
S2089,D003,39,Female,1,2,3.9118,3.8556,0,4.0
S2089,D003,39,Female,2,3,3.8556,4.0,0,3.8941
S2089,D003,39,Female,2,4,4.0,3.8941,0,3.868
S2089,D003,39,Female,3,5,3.8941,3.868,0,3.8
S2089,D003,39,Female,3,6,3.868,3.8,0,3.9333
S2090,D005,39,Male,1,2,3.9647,4.0,0,4.0
S2090,D005,39,Male,2,3,4.0,4.0,0,3.8375
S2090,D005,39,Male,2,4,4.0,3.8375,0,3.7214
S2090,D005,39,Male,3,5,3.8375,3.7214,0,4.0
S2090,D005,39,Male,3,6,3.7214,4.0,0,3.9125
S2090,D005,39,Male,4,7,4.0,3.9125,0,3.62
S2093,D001,40,Male,1,2,3.3294,3.6312,0,3.4625
S2093,D001,40,Male,2,3,3.6312,3.4625,0,3.5529
S2093,D001,40,Male,2,4,3.4625,3.5529,0,3.5833
S2095,D001,41,Male,1,2,2.1529,2.3313,4,2.4375
S2095,D001,41,Male,2,3,2.3313,2.4375,6,2.1294
S2096,D002,39,Female,1,2,4.0,4.0,0,4.0
S2096,D002,39,Female,2,3,4.0,4.0,0,4.0
S2096,D002,39,Female,2,4,4.0,4.0,0,3.975
S2096,D002,39,Female,3,5,4.0,3.975,0,3.9885
S2096,D002,39,Female,3,6,3.975,3.9885,0,4.0
S2096,D002,39,Female,4,7,3.9885,4.0,0,4.0
S2097,D002,39,Female,1,2,3.5294,3.325,0,3.7
S2097,D002,39,Female,2,3,3.325,3.7,0,3.6647
S2097,D002,39,Female,2,4,3.7,3.6647,0,3.575
S2097,D002,39,Female,3,5,3.6647,3.575,0,3.6538
S2097,D002,39,Female,3,6,3.575,3.6538,0,3.5556
S2098,D003,39,Male,1,2,3.4824,3.3111,0,3.6
S2098,D003,39,Male,2,3,3.3111,3.6,0,3.1118
S2098,D003,39,Male,2,4,3.6,3.1118,0,3.436
S2098,D003,39,Male,3,5,3.1118,3.436,0,3.1435
S2098,D003,39,Male,3,6,3.436,3.1435,0,3.6762
S2099,D002,41,Male,1,2,3.9412,3.9438,0,3.9625
S2100,D005,40,Male,1,2,3.3294,3.0188,0,3.4684
S2100,D005,40,Male,2,3,3.0188,3.4684,0,3.3938
S2100,D005,40,Male,2,4,3.4684,3.3938,0,3.6071
S2101,D005,40,Male,1,2,3.0235,2.65,1,2.8158
S2101,D005,40,Male,2,3,2.65,2.8158,2,3.075
S2101,D005,40,Male,2,4,2.8158,3.075,3,2.8786
S2101,D005,40,Male,3,5,3.075,2.8786,4,2.3
S2103,D002,41,Male,1,2,4.0,3.8375,0,3.875
S2103,D002,41,Male,2,3,3.8375,3.875,0,3.7588
S2104,D002,39,Male,1,2,3.6,3.65,0,3.7875
S2104,D002,39,Male,2,3,3.65,3.7875,0,3.7294
S2104,D002,39,Male,2,4,3.7875,3.7294,0,3.7167
S2104,D002,39,Male,3,5,3.7294,3.7167,0,3.8423
S2104,D002,39,Male,3,6,3.7167,3.8423,0,3.7111
S2105,D003,41,Female,1,2,3.4471,3.5722,0,3.4267
S2106,D001,40,Male,1,2,3.3765,3.775,0,3.75
S2106,D001,40,Male,2,3,3.775,3.75,0,3.5647
S2106,D001,40,Male,2,4,3.75,3.5647,0,3.4417
S2106,D001,40,Male,3,5,3.5647,3.4417,0,3.684
S2107,D004,41,Male,1,2,3.9,3.8,0,3.78
S2108,D004,40,Female,1,2,3.5308,3.5235,0,3.5933
S2108,D004,40,Female,2,3,3.5235,3.5933,0,2.7727
S2108,D004,40,Female,2,4,3.5933,2.7727,0,3.3474
S2110,D001,41,Male,1,2,1.9176,3.05,2,2.9125
S2110,D001,41,Male,2,3,3.05,2.9125,4,2.3706
S2111,D001,41,Female,1,2,3.4647,3.6,0,3.375
S2111,D001,41,Female,2,3,3.6,3.375,0,3.1471
S2113,D003,39,Male,1,2,4.0,4.0,0,3.6733
S2113,D003,39,Male,2,3,4.0,3.6733,0,4.0
S2113,D003,39,Male,2,4,3.6733,4.0,0,3.92
S2113,D003,39,Male,3,5,4.0,3.92,0,3.9739
S2113,D003,39,Male,3,6,3.92,3.9739,0,3.8762
S2114,D001,41,Male,1,2,3.1,2.8125,0,2.8
S2114,D001,41,Male,2,3,2.8125,2.8,0,3.0
S2115,D003,40,Male,1,2,3.1941,3.1833,0,2.58
S2115,D003,40,Male,2,3,3.1833,2.58,0,2.8765
S2115,D003,40,Male,2,4,2.58,2.8765,0,2.684
S2115,D003,40,Male,3,5,2.8765,2.684,0,3.1348
S2117,D004,41,Female,1,2,3.5846,3.8235,0,3.72
S2117,D004,41,Female,2,3,3.8235,3.72,0,3.6273
S2119,D002,41,Female,1,2,3.9176,3.8125,0,3.8875
S2119,D002,41,Female,2,3,3.8125,3.8875,0,4.0
S2122,D005,40,Male,1,2,3.2765,2.9312,0,3.2211
S2122,D005,40,Male,2,3,2.9312,3.2211,0,2.95
S2122,D005,40,Male,2,4,3.2211,2.95,0,3.4143
S2122,D005,40,Male,3,5,2.95,3.4143,0,4.0
S2124,D005,41,Male,1,2,2.7824,3.0188,0,3.1211
S2126,D004,40,Female,1,2,3.8231,3.5824,0,3.7667
S2126,D004,40,Female,2,3,3.5824,3.7667,0,3.8364
S2126,D004,40,Female,2,4,3.7667,3.8364,0,3.4368
S2126,D004,40,Female,3,5,3.8364,3.4368,0,3.7143
S2127,D001,41,Male,1,2,2.8,3.4188,0,2.875
S2127,D001,41,Male,2,3,3.4188,2.875,0,3.0706
S2128,D001,39,Male,1,2,3.4294,3.6688,0,3.7125
S2128,D001,39,Male,2,3,3.6688,3.7125,0,3.4765
S2128,D001,39,Male,2,4,3.7125,3.4765,0,3.6417
S2128,D001,39,Male,3,5,3.4765,3.6417,0,3.536
S2128,D001,39,Male,3,6,3.6417,3.536,0,3.625
S2129,D001,41,Female,1,2,3.3529,2.9438,0,2.825
S2130,D001,40,Female,1,2,2.4529,1.9062,1,2.0375
S2130,D001,40,Female,2,3,1.9062,2.0375,3,2.6294
S2130,D001,40,Female,2,4,2.0375,2.6294,5,2.2417
S2130,D001,40,Female,3,5,2.6294,2.2417,8,2.636
S2131,D002,41,Male,1,2,3.9824,3.9125,0,3.875
S2132,D001,41,Female,1,2,3.5059,3.3125,0,3.3875
S2132,D001,41,Female,2,3,3.3125,3.3875,0,3.7529
S2133,D004,40,Male,1,2,3.5923,3.8,0,3.48
S2133,D004,40,Male,2,3,3.8,3.48,0,3.3182
S2133,D004,40,Male,2,4,3.48,3.3182,0,3.4211
S2133,D004,40,Male,3,5,3.3182,3.4211,0,3.6143
S2134,D003,41,Male,1,2,3.9118,3.7222,0,3.6733
S2135,D001,39,Male,1,2,3.8588,4.0,0,3.75
S2135,D001,39,Male,2,3,4.0,3.75,0,3.8824
S2135,D001,39,Male,2,4,3.75,3.8824,0,3.7833
S2135,D001,39,Male,3,5,3.8824,3.7833,0,3.888
S2135,D001,39,Male,3,6,3.7833,3.888,0,3.9125
S2135,D001,39,Male,4,7,3.888,3.9125,0,4.0
S2137,D001,39,Male,1,2,2.8941,3.0188,0,2.6375
S2137,D001,39,Male,2,3,3.0188,2.6375,0,2.4941
S2137,D001,39,Male,2,4,2.6375,2.4941,0,2.5083
S2137,D001,39,Male,3,5,2.4941,2.5083,1,2.524
S2137,D001,39,Male,3,6,2.5083,2.524,2,2.5375
S2137,D001,39,Male,4,7,2.524,2.5375,3,2.54
S2138,D002,40,Male,1,2,2.5353,2.675,0,2.7625
S2138,D002,40,Male,2,3,2.675,2.7625,0,3.1588
S2138,D002,40,Male,2,4,2.7625,3.1588,0,2.7167
S2139,D002,39,Male,1,2,3.8471,3.9062,0,3.875
S2139,D002,39,Male,2,3,3.9062,3.875,0,3.4824
S2139,D002,39,Male,2,4,3.875,3.4824,0,3.8917
S2139,D002,39,Male,3,5,3.4824,3.8917,0,3.8423
S2139,D002,39,Male,3,6,3.8917,3.8423,0,3.8111
S2139,D002,39,Male,4,7,3.8423,3.8111,0,4.0
S2141,D004,40,Male,1,2,3.9308,3.8824,0,4.0
S2141,D004,40,Male,2,3,3.8824,4.0,0,3.8091
S2141,D004,40,Male,2,4,4.0,3.8091,0,4.0
S2142,D001,41,Male,1,2,2.5353,2.0875,1,2.55
S2143,D004,39,Male,1,2,3.6923,3.0765,0,3.6733
S2143,D004,39,Male,2,3,3.0765,3.6733,0,2.8727
S2143,D004,39,Male,2,4,3.6733,2.8727,0,3.2895
S2143,D004,39,Male,3,5,2.8727,3.2895,0,3.2762
S2143,D004,39,Male,3,6,3.2895,3.2762,0,3.2615
S2144,D003,39,Female,1,2,3.6118,3.7611,0,3.6333
S2144,D003,39,Female,2,3,3.7611,3.6333,0,3.5235
S2144,D003,39,Female,2,4,3.6333,3.5235,0,3.864
S2144,D003,39,Female,3,5,3.5235,3.864,0,3.7652
S2144,D003,39,Female,3,6,3.864,3.7652,0,3.4857
S2147,D005,40,Female,1,2,3.8,3.6312,0,3.9526
S2147,D005,40,Female,2,3,3.6312,3.9526,0,3.8312
S2147,D005,40,Female,2,4,3.9526,3.8312,0,3.5786
S2147,D005,40,Female,3,5,3.8312,3.5786,0,2.7
S2150,D002,41,Female,1,2,3.0588,3.3125,0,3.5375
S2151,D005,41,Male,1,2,3.2235,3.325,0,3.5474
S2151,D005,41,Male,2,3,3.325,3.5474,0,3.4688
S2153,D004,39,Female,1,2,3.9231,3.7176,0,3.5267
S2153,D004,39,Female,2,3,3.7176,3.5267,0,3.8727
S2153,D004,39,Female,2,4,3.5267,3.8727,0,3.8474
S2153,D004,39,Female,3,5,3.8727,3.8474,0,3.7571
S2153,D004,39,Female,3,6,3.8474,3.7571,0,3.9231
S2153,D004,39,Female,4,7,3.7571,3.9231,0,4.0
S2154,D003,39,Male,1,2,3.6765,3.6389,0,3.6933
S2154,D003,39,Male,2,3,3.6389,3.6933,0,3.3941
S2154,D003,39,Male,2,4,3.6933,3.3941,0,3.7
S2154,D003,39,Male,3,5,3.3941,3.7,0,3.4
S2154,D003,39,Male,3,6,3.7,3.4,0,3.4381
S2154,D003,39,Male,4,7,3.4,3.4381,0,4.0
S2155,D002,40,Male,1,2,3.9294,3.7312,0,3.625
S2155,D002,40,Male,2,3,3.7312,3.625,0,3.8412
S2155,D002,40,Male,2,4,3.625,3.8412,0,3.6667
S2155,D002,40,Male,3,5,3.8412,3.6667,0,3.7346
S2156,D002,41,Male,1,2,3.8412,3.7625,0,3.6375
S2156,D002,41,Male,2,3,3.7625,3.6375,0,3.8647
S2157,D002,40,Male,1,2,3.6588,3.5625,0,3.9625
S2157,D002,40,Male,2,3,3.5625,3.9625,0,3.5412
S2157,D002,40,Male,2,4,3.9625,3.5412,0,3.5417
S2157,D002,40,Male,3,5,3.5412,3.5417,0,3.8231
S2158,D003,41,Male,1,2,3.9647,4.0,0,3.96
S2158,D003,41,Male,2,3,4.0,3.96,0,4.0
S2159,D003,39,Male,1,2,2.9059,2.8222,0,2.62
S2159,D003,39,Male,2,3,2.8222,2.62,0,2.8412
S2159,D003,39,Male,2,4,2.62,2.8412,0,2.484
S2159,D003,39,Male,3,5,2.8412,2.484,0,2.6522
S2159,D003,39,Male,3,6,2.484,2.6522,0,2.5381
S2159,D003,39,Male,4,7,2.6522,2.5381,0,2.46
S2161,D001,41,Female,1,2,4.0,4.0,0,4.0
S2161,D001,41,Female,2,3,4.0,4.0,0,3.9471
S2162,D002,40,Male,1,2,3.6765,3.8875,0,3.3
S2162,D002,40,Male,2,3,3.8875,3.3,0,3.6647
S2162,D002,40,Male,2,4,3.3,3.6647,0,3.5833
S2163,D002,39,Male,1,2,3.5529,2.9938,0,3.375
S2163,D002,39,Male,2,3,2.9938,3.375,0,3.0176
S2163,D002,39,Male,2,4,3.375,3.0176,0,3.25
S2163,D002,39,Male,3,5,3.0176,3.25,0,3.1692
S2163,D002,39,Male,3,6,3.25,3.1692,0,2.8556
S2163,D002,39,Male,4,7,3.1692,2.8556,0,3.88
S2164,D005,41,Male,1,2,3.2529,3.4,0,3.3842
S2164,D005,41,Male,2,3,3.4,3.3842,0,3.4438
S2166,D001,41,Male,1,2,3.6941,3.7,0,3.8875
S2166,D001,41,Male,2,3,3.7,3.8875,0,3.7647
S2167,D002,40,Male,1,2,3.4235,3.6,0,3.1875
S2167,D002,40,Male,2,3,3.6,3.1875,0,3.0647
S2167,D002,40,Male,2,4,3.1875,3.0647,0,3.3
S2167,D002,40,Male,3,5,3.0647,3.3,0,3.2115
S2168,D002,41,Male,1,2,3.0824,3.5125,0,3.125
S2169,D003,41,Male,1,2,4.0,4.0,0,3.96
S2169,D003,41,Male,2,3,4.0,3.96,0,4.0
S2171,D001,41,Male,1,2,3.6765,3.9438,0,3.725
S2171,D001,41,Male,2,3,3.9438,3.725,0,3.9647
S2172,D005,41,Male,1,2,3.4647,3.2688,0,3.5737
S2173,D001,41,Male,1,2,3.9235,3.825,0,3.7125
S2173,D001,41,Male,2,3,3.825,3.7125,0,3.8294
S2174,D005,40,Female,1,2,3.1765,3.2312,0,3.4053
S2174,D005,40,Female,2,3,3.2312,3.4053,0,2.8812
S2174,D005,40,Female,2,4,3.4053,2.8812,0,3.1071
S2177,D005,40,Female,1,2,2.4059,2.3875,0,2.2053
S2177,D005,40,Female,2,3,2.3875,2.2053,0,2.2562
S2177,D005,40,Female,2,4,2.2053,2.2562,2,3.1214
S2180,D004,40,Male,1,2,3.6538,3.5294,0,3.4467
S2180,D004,40,Male,2,3,3.5294,3.4467,0,3.9455
S2180,D004,40,Male,2,4,3.4467,3.9455,0,3.5526
S2184,D004,40,Female,1,2,3.4385,3.2059,0,3.2933
S2184,D004,40,Female,2,3,3.2059,3.2933,0,3.7909
S2184,D004,40,Female,2,4,3.2933,3.7909,0,3.2737
S2185,D003,39,Male,1,2,2.1412,2.0667,5,2.12
S2185,D003,39,Male,2,3,2.0667,2.12,8,1.8647
S2185,D003,39,Male,2,4,2.12,1.8647,11,2.248
S2185,D003,39,Male,3,5,1.8647,2.248,15,2.0087
S2185,D003,39,Male,3,6,2.248,2.0087,20,2.8143
S2185,D003,39,Male,4,7,2.0087,2.8143,25,2.48
S2188,D001,40,Male,1,2,3.4059,3.2188,0,3.4125
S2188,D001,40,Male,2,3,3.2188,3.4125,0,3.4353
S2188,D001,40,Male,2,4,3.4125,3.4353,0,3.3833
S2189,D001,40,Male,1,2,3.1353,2.5437,0,3.075
S2189,D001,40,Male,2,3,2.5437,3.075,0,2.8529
S2189,D001,40,Male,2,4,3.075,2.8529,0,3.2333
S2191,D002,41,Male,1,2,3.2176,3.3,0,3.2125
S2191,D002,41,Male,2,3,3.3,3.2125,0,3.4471
S2192,D002,40,Female,1,2,2.8824,3.2312,2,3.2875
S2192,D002,40,Female,2,3,3.2312,3.2875,3,3.3824
S2192,D002,40,Female,2,4,3.2875,3.3824,4,2.5833
S2193,D001,39,Male,1,2,2.0647,1.975,0,2.0875
S2193,D001,39,Male,2,3,1.975,2.0875,0,2.1294
S2193,D001,39,Male,2,4,2.0875,2.1294,0,2.0333
S2193,D001,39,Male,3,5,2.1294,2.0333,1,1.908
S2193,D001,39,Male,3,6,2.0333,1.908,3,1.825
S2194,D002,41,Male,1,2,2.9118,2.5437,0,2.7
S2197,D004,41,Female,1,2,3.6385,3.9118,0,3.8667
S2197,D004,41,Female,2,3,3.9118,3.8667,0,3.6909
S2198,D002,41,Female,1,2,3.5529,3.3,0,3.8375
S2199,D004,40,Female,1,2,3.7385,3.7941,0,3.9
S2199,D004,40,Female,2,3,3.7941,3.9,0,4.0
S2199,D004,40,Female,2,4,3.9,4.0,0,3.8474
S2200,D001,40,Female,1,2,3.7,3.8375,0,3.6375
S2200,D001,40,Female,2,3,3.8375,3.6375,0,3.1412
S2200,D001,40,Female,2,4,3.6375,3.1412,0,3.7083
S2200,D001,40,Female,3,5,3.1412,3.7083,0,3.468
S2201,D004,39,Female,1,2,2.8615,3.3647,0,2.5667
S2201,D004,39,Female,2,3,3.3647,2.5667,0,3.5455
S2201,D004,39,Female,2,4,2.5667,3.5455,0,3.5158
S2201,D004,39,Female,3,5,3.5455,3.5158,0,3.1952
S2201,D004,39,Female,3,6,3.5158,3.1952,0,3.0846
S2203,D004,41,Female,1,2,3.5538,3.8588,0,3.94
S2204,D002,39,Female,1,2,3.7059,3.8438,0,3.275
S2204,D002,39,Female,2,3,3.8438,3.275,0,3.4235
S2204,D002,39,Female,2,4,3.275,3.4235,0,3.6417
S2204,D002,39,Female,3,5,3.4235,3.6417,0,3.6462
S2204,D002,39,Female,3,6,3.6417,3.6462,0,3.6
S2205,D002,40,Male,1,2,2.6,2.8688,0,2.8375
S2205,D002,40,Male,2,3,2.8688,2.8375,0,3.2294
S2205,D002,40,Male,2,4,2.8375,3.2294,0,3.0917
S2206,D003,41,Male,1,2,3.8294,3.7778,0,3.8267
S2206,D003,41,Male,2,3,3.7778,3.8267,0,3.6941
S2207,D002,40,Male,1,2,3.8294,3.5125,0,3.725
S2207,D002,40,Male,2,3,3.5125,3.725,0,3.3647
S2207,D002,40,Male,2,4,3.725,3.3647,0,3.4667
S2208,D002,41,Male,1,2,3.5706,3.9812,0,3.7875
S2209,D002,40,Male,1,2,2.5235,2.8125,2,2.5
S2209,D002,40,Male,2,3,2.8125,2.5,3,2.6824
S2209,D002,40,Male,2,4,2.5,2.6824,4,2.8333
S2210,D005,41,Male,1,2,3.3235,3.25,0,3.6421
S2210,D005,41,Male,2,3,3.25,3.6421,0,3.6188
S2211,D001,40,Male,1,2,3.4529,3.0625,0,3.25
S2211,D001,40,Male,2,3,3.0625,3.25,0,3.2412
S2211,D001,40,Male,2,4,3.25,3.2412,0,3.1917
S2216,D005,40,Male,1,2,2.0235,2.7,2,2.3632
S2216,D005,40,Male,2,3,2.7,2.3632,4,2.325
S2216,D005,40,Male,2,4,2.3632,2.325,8,1.9571
S2216,D005,40,Male,3,5,2.325,1.9571,13,1.7
S2219,D005,41,Female,1,2,3.1353,3.3688,0,3.2105
S2219,D005,41,Female,2,3,3.3688,3.2105,0,2.75
S2221,D002,40,Male,1,2,2.7529,3.0625,0,2.925
S2221,D002,40,Male,2,3,3.0625,2.925,0,2.9882
S2221,D002,40,Male,2,4,2.925,2.9882,0,3.2083
S2224,D003,41,Male,1,2,3.0647,3.0,0,3.4067
S2225,D002,41,Male,1,2,3.2882,2.8938,0,3.4625
S2225,D002,41,Male,2,3,2.8938,3.4625,0,3.1059
S2227,D002,39,Male,1,2,3.4294,3.4312,0,3.8
S2227,D002,39,Male,2,3,3.4312,3.8,0,2.8471
S2227,D002,39,Male,2,4,3.8,2.8471,0,3.1917
S2227,D002,39,Male,3,5,2.8471,3.1917,0,3.4308
S2227,D002,39,Male,3,6,3.1917,3.4308,0,3.5889
S2227,D002,39,Male,4,7,3.4308,3.5889,0,2.98
S2229,D004,39,Female,1,2,2.6846,2.9882,0,2.52
S2229,D004,39,Female,2,3,2.9882,2.52,0,3.1273
S2229,D004,39,Female,2,4,2.52,3.1273,0,3.0526
S2229,D004,39,Female,3,5,3.1273,3.0526,0,2.3714
S2229,D004,39,Female,3,6,3.0526,2.3714,1,2.8538
S2229,D004,39,Female,4,7,2.3714,2.8538,2,3.0
S2230,D002,40,Male,1,2,2.8824,3.1312,0,3.2125
S2230,D002,40,Male,2,3,3.1312,3.2125,0,3.3471
S2230,D002,40,Male,2,4,3.2125,3.3471,0,3.1167
S2230,D002,40,Male,3,5,3.3471,3.1167,0,3.3154
S2231,D005,41,Male,1,2,3.7235,3.3688,0,3.6526
S2231,D005,41,Male,2,3,3.3688,3.6526,0,3.35
S2232,D001,41,Male,1,2,3.2059,3.7062,0,3.45
S2232,D001,41,Male,2,3,3.7062,3.45,0,3.5824
S2234,D005,41,Male,1,2,3.0824,2.4875,1,3.1421
S2234,D005,41,Male,2,3,2.4875,3.1421,2,3.1688
S2235,D001,39,Male,1,2,3.4647,3.75,0,3.625
S2235,D001,39,Male,2,3,3.75,3.625,0,3.7353
S2235,D001,39,Male,2,4,3.625,3.7353,0,3.6667
S2235,D001,39,Male,3,5,3.7353,3.6667,0,3.296
S2235,D001,39,Male,3,6,3.6667,3.296,0,3.4625
S2236,D002,39,Male,1,2,3.2176,3.375,0,3.8375
S2236,D002,39,Male,2,3,3.375,3.8375,0,3.7118
S2236,D002,39,Male,2,4,3.8375,3.7118,0,3.55
S2236,D002,39,Male,3,5,3.7118,3.55,0,3.2923
S2236,D002,39,Male,3,6,3.55,3.2923,0,3.3778
S2237,D003,40,Female,1,2,2.2059,2.2778,1,2.9267
S2237,D003,40,Female,2,3,2.2778,2.9267,3,2.2
S2237,D003,40,Female,2,4,2.9267,2.2,6,2.66
S2237,D003,40,Female,3,5,2.2,2.66,9,2.4478
S2238,D001,41,Male,1,2,3.5176,3.3188,0,3.475
S2241,D002,41,Male,1,2,3.8529,3.4,0,3.9125
S2241,D002,41,Male,2,3,3.4,3.9125,0,3.8824
S2242,D002,41,Male,1,2,3.3706,2.975,0,3.0375
S2242,D002,41,Male,2,3,2.975,3.0375,0,3.3824
S2243,D005,40,Male,1,2,3.5588,3.6438,0,3.6421
S2243,D005,40,Male,2,3,3.6438,3.6421,0,3.5375
S2243,D005,40,Male,2,4,3.6421,3.5375,0,3.5643
S2244,D001,41,Female,1,2,3.8412,3.7438,0,3.55
S2248,D002,41,Male,1,2,3.9588,3.9062,0,4.0
S2248,D002,41,Male,2,3,3.9062,4.0,0,4.0
S2249,D002,41,Male,1,2,3.4294,2.7688,0,2.9375
S2249,D002,41,Male,2,3,2.7688,2.9375,0,2.5882
S2251,D003,41,Male,1,2,3.9588,4.0,0,3.96
S2253,D004,40,Female,1,2,3.2538,3.0176,0,3.3333
S2253,D004,40,Female,2,3,3.0176,3.3333,0,3.8182
S2253,D004,40,Female,2,4,3.3333,3.8182,0,3.5263
S2254,D004,40,Male,1,2,3.5154,3.9118,0,3.6133
S2254,D004,40,Male,2,3,3.9118,3.6133,0,3.4636
S2254,D004,40,Male,2,4,3.6133,3.4636,0,3.6789
S2254,D004,40,Male,3,5,3.4636,3.6789,0,4.0
S2255,D002,40,Male,1,2,3.7941,3.5375,0,3.5125
S2255,D002,40,Male,2,3,3.5375,3.5125,0,3.9647
S2255,D002,40,Male,2,4,3.5125,3.9647,0,3.425
S2256,D001,40,Male,1,2,3.2,3.4688,0,3.425
S2256,D001,40,Male,2,3,3.4688,3.425,0,3.1353
S2256,D001,40,Male,2,4,3.425,3.1353,0,2.7417
S2256,D001,40,Male,3,5,3.1353,2.7417,1,3.428
S2258,D002,41,Female,1,2,3.6529,3.5812,0,3.875
S2258,D002,41,Female,2,3,3.5812,3.875,0,3.5765
S2260,D003,40,Female,1,2,3.1765,3.3,0,3.7733
S2260,D003,40,Female,2,3,3.3,3.7733,0,3.2706
S2260,D003,40,Female,2,4,3.7733,3.2706,0,3.124
S2260,D003,40,Female,3,5,3.2706,3.124,0,3.7478
S2261,D004,39,Male,1,2,3.6692,3.7118,0,3.7667
S2261,D004,39,Male,2,3,3.7118,3.7667,0,3.8727
S2261,D004,39,Male,2,4,3.7667,3.8727,0,3.7158
S2261,D004,39,Male,3,5,3.8727,3.7158,0,3.6905
S2261,D004,39,Male,3,6,3.7158,3.6905,0,3.5846
S2261,D004,39,Male,4,7,3.6905,3.5846,0,4.0
S2262,D005,40,Female,1,2,2.5765,2.6438,0,2.9842
S2262,D005,40,Female,2,3,2.6438,2.9842,0,3.2438
S2262,D005,40,Female,2,4,2.9842,3.2438,0,2.8857
S2264,D003,39,Male,1,2,3.6118,3.9167,0,3.6533
S2264,D003,39,Male,2,3,3.9167,3.6533,0,3.2471
S2264,D003,39,Male,2,4,3.6533,3.2471,0,3.744
S2264,D003,39,Male,3,5,3.2471,3.744,0,3.6522
S2264,D003,39,Male,3,6,3.744,3.6522,0,3.1762
S2265,D005,39,Male,1,2,3.3941,3.4875,0,3.1053
S2265,D005,39,Male,2,3,3.4875,3.1053,0,2.6125
S2265,D005,39,Male,2,4,3.1053,2.6125,0,2.9357
S2265,D005,39,Male,3,5,2.6125,2.9357,0,3.3
S2265,D005,39,Male,3,6,2.9357,3.3,0,3.2333
S2265,D005,39,Male,4,7,3.3,3.2333,0,3.02
S2266,D005,39,Female,1,2,2.8059,2.7125,0,2.3158
S2266,D005,39,Female,2,3,2.7125,2.3158,0,2.375
S2266,D005,39,Female,2,4,2.3158,2.375,0,2.0214
S2266,D005,39,Female,3,5,2.375,2.0214,1,2.7
S2266,D005,39,Female,3,6,2.0214,2.7,2,1.7875
S2267,D003,41,Male,1,2,3.8647,3.5222,0,3.6533
S2267,D003,41,Male,2,3,3.5222,3.6533,0,3.6647
S2268,D001,41,Male,1,2,3.1294,3.6562,0,3.3375
S2271,D001,40,Female,1,2,3.8824,3.6125,0,3.9125
S2271,D001,40,Female,2,3,3.6125,3.9125,0,3.8235
S2271,D001,40,Female,2,4,3.9125,3.8235,0,3.6083
S2272,D002,39,Male,1,2,3.4882,2.7625,1,3.425
S2272,D002,39,Male,2,3,2.7625,3.425,2,3.3118
S2272,D002,39,Male,2,4,3.425,3.3118,3,3.4833
S2272,D002,39,Male,3,5,3.3118,3.4833,4,3.2269
S2272,D002,39,Male,3,6,3.4833,3.2269,5,2.9667
S2272,D002,39,Male,4,7,3.2269,2.9667,6,2.38
S2274,D003,40,Female,1,2,3.5882,3.7833,0,3.96
S2274,D003,40,Female,2,3,3.7833,3.96,0,3.6294
S2274,D003,40,Female,2,4,3.96,3.6294,0,3.544
S2274,D003,40,Female,3,5,3.6294,3.544,0,3.5435
S2275,D001,41,Female,1,2,2.9059,3.5188,0,2.9625
S2275,D001,41,Female,2,3,3.5188,2.9625,0,3.3941
S2280,D003,41,Female,1,2,3.9471,4.0,0,4.0
S2280,D003,41,Female,2,3,4.0,4.0,0,3.9647
S2282,D005,40,Male,1,2,3.6882,3.6812,0,3.8421
S2282,D005,40,Male,2,3,3.6812,3.8421,0,3.525
S2282,D005,40,Male,2,4,3.8421,3.525,0,3.4714
S2283,D001,41,Male,1,2,2.3588,2.625,1,3.3875
S2283,D001,41,Male,2,3,2.625,3.3875,2,3.0118
S2284,D005,39,Male,1,2,3.3588,2.225,0,3.2684
S2284,D005,39,Male,2,3,2.225,3.2684,0,3.3875
S2284,D005,39,Male,2,4,3.2684,3.3875,0,3.2714
S2284,D005,39,Male,3,5,3.3875,3.2714,0,3.3
S2284,D005,39,Male,3,6,3.2714,3.3,0,3.3292
S2284,D005,39,Male,4,7,3.3,3.3292,0,3.32
S2285,D001,39,Male,1,2,2.7412,3.3812,0,2.8
S2285,D001,39,Male,2,3,3.3812,2.8,0,3.3471
S2285,D001,39,Male,2,4,2.8,3.3471,0,2.8083
S2285,D001,39,Male,3,5,3.3471,2.8083,0,2.712
S2285,D001,39,Male,3,6,2.8083,2.712,0,3.175
S2285,D001,39,Male,4,7,2.712,3.175,0,2.88
S2286,D005,40,Male,1,2,3.0824,3.3375,0,2.6684
S2286,D005,40,Male,2,3,3.3375,2.6684,0,3.3688
S2286,D005,40,Male,2,4,2.6684,3.3688,0,3.3143
S2288,D005,39,Male,1,2,3.5294,3.8875,0,3.7053
S2288,D005,39,Male,2,3,3.8875,3.7053,0,4.0
S2288,D005,39,Male,2,4,3.7053,4.0,0,3.6786
S2288,D005,39,Male,3,5,4.0,3.6786,0,4.0
S2288,D005,39,Male,3,6,3.6786,4.0,0,3.4333
S2289,D001,41,Female,1,2,2.7118,2.5375,1,2.625
S2289,D001,41,Female,2,3,2.5375,2.625,2,2.6765
S2290,D004,40,Female,1,2,3.3308,3.3824,0,3.72
S2290,D004,40,Female,2,3,3.3824,3.72,0,3.1091
S2290,D004,40,Female,2,4,3.72,3.1091,0,3.4316
S2290,D004,40,Female,3,5,3.1091,3.4316,0,3.0571
S2291,D002,39,Male,1,2,2.9941,3.0562,0,2.8
S2291,D002,39,Male,2,3,3.0562,2.8,0,3.2471
S2291,D002,39,Male,2,4,2.8,3.2471,0,3.2
S2291,D002,39,Male,3,5,3.2471,3.2,0,3.2
S2291,D002,39,Male,3,6,3.2,3.2,0,2.7444
S2291,D002,39,Male,4,7,3.2,2.7444,0,2.7
S2293,D003,39,Female,1,2,2.8294,3.0111,0,2.4667
S2293,D003,39,Female,2,3,3.0111,2.4667,0,3.1529
S2293,D003,39,Female,2,4,2.4667,3.1529,0,2.54
S2293,D003,39,Female,3,5,3.1529,2.54,0,2.813
S2293,D003,39,Female,3,6,2.54,2.813,0,2.7619
S2295,D004,41,Male,1,2,3.0692,1.8529,1,2.68
S2296,D001,40,Male,1,2,3.3294,3.5188,0,3.5
S2296,D001,40,Male,2,3,3.5188,3.5,0,3.9294
S2296,D001,40,Male,2,4,3.5,3.9294,0,3.1
S2296,D001,40,Male,3,5,3.9294,3.1,0,3.556
S2297,D005,40,Female,1,2,3.9118,3.6125,0,3.7316
S2297,D005,40,Female,2,3,3.6125,3.7316,0,3.6062
S2297,D005,40,Female,2,4,3.7316,3.6062,0,3.7071
S2297,D005,40,Female,3,5,3.6062,3.7071,0,2.3
S2298,D002,41,Female,1,2,3.7235,3.65,0,3.8375
S2298,D002,41,Female,2,3,3.65,3.8375,0,3.8824
S2301,D001,40,Male,1,2,3.8235,3.4875,0,3.75
S2301,D001,40,Male,2,3,3.4875,3.75,0,4.0
S2301,D001,40,Male,2,4,3.75,4.0,0,3.725
S2301,D001,40,Male,3,5,4.0,3.725,0,3.864
S2302,D001,39,Male,1,2,3.6882,3.9062,0,3.65
S2302,D001,39,Male,2,3,3.9062,3.65,0,3.4412
S2302,D001,39,Male,2,4,3.65,3.4412,0,3.5583
S2302,D001,39,Male,3,5,3.4412,3.5583,0,3.788
S2302,D001,39,Male,3,6,3.5583,3.788,0,3.8375
S2303,D003,41,Male,1,2,3.7647,3.6333,0,3.46
S2304,D004,39,Male,1,2,3.8923,4.0,0,4.0
S2304,D004,39,Male,2,3,4.0,4.0,0,4.0
S2304,D004,39,Male,2,4,4.0,4.0,0,3.8474
S2304,D004,39,Male,3,5,4.0,3.8474,0,3.7476
S2304,D004,39,Male,3,6,3.8474,3.7476,0,3.8692
S2304,D004,39,Male,4,7,3.7476,3.8692,0,4.0
S2306,D004,40,Male,1,2,3.6615,2.9588,0,3.4933
S2306,D004,40,Male,2,3,2.9588,3.4933,0,3.6273
S2306,D004,40,Male,2,4,3.4933,3.6273,0,3.5474
S2307,D001,40,Male,1,2,3.2353,3.3875,0,3.1375
S2307,D001,40,Male,2,3,3.3875,3.1375,0,3.7294
S2307,D001,40,Male,2,4,3.1375,3.7294,0,3.2
S2307,D001,40,Male,3,5,3.7294,3.2,0,3.576
S2308,D001,39,Female,1,2,2.8765,3.2188,0,2.4375
S2308,D001,39,Female,2,3,3.2188,2.4375,0,2.9059
S2308,D001,39,Female,2,4,2.4375,2.9059,0,3.0333
S2308,D001,39,Female,3,5,2.9059,3.0333,0,3.02
S2308,D001,39,Female,3,6,3.0333,3.02,0,3.1625
S2309,D001,41,Male,1,2,3.9176,3.925,0,3.9625
S2309,D001,41,Male,2,3,3.925,3.9625,0,3.8353
S2310,D001,41,Male,1,2,2.3647,2.0812,1,2.1125
S2312,D002,41,Male,1,2,2.7294,3.2125,0,3.3
S2313,D001,41,Male,1,2,3.8,3.875,0,4.0
S2315,D001,41,Female,1,2,3.9176,3.8688,0,3.8
S2317,D001,41,Male,1,2,2.3529,2.9812,0,2.85
S2319,D004,39,Female,1,2,3.5,2.9882,0,3.3667
S2319,D004,39,Female,2,3,2.9882,3.3667,0,3.6818
S2319,D004,39,Female,2,4,3.3667,3.6818,0,3.4316
S2319,D004,39,Female,3,5,3.6818,3.4316,0,3.2667
S2319,D004,39,Female,3,6,3.4316,3.2667,0,3.5692
S2320,D003,39,Male,1,2,3.0765,3.3722,0,2.66
S2320,D003,39,Male,2,3,3.3722,2.66,0,3.3412
S2320,D003,39,Male,2,4,2.66,3.3412,0,3.028
S2320,D003,39,Male,3,5,3.3412,3.028,0,3.2
S2320,D003,39,Male,3,6,3.028,3.2,0,3.4048
S2321,D004,40,Male,1,2,3.3385,3.5471,0,3.66
S2321,D004,40,Male,2,3,3.5471,3.66,0,3.9455
S2321,D004,40,Male,2,4,3.66,3.9455,0,3.7263
S2321,D004,40,Male,3,5,3.9455,3.7263,0,3.6714
S2322,D002,39,Male,1,2,3.9294,3.9,0,3.7125
S2322,D002,39,Male,2,3,3.9,3.7125,0,3.5647
S2322,D002,39,Male,2,4,3.7125,3.5647,0,3.75
S2322,D002,39,Male,3,5,3.5647,3.75,0,3.7231
S2322,D002,39,Male,3,6,3.75,3.7231,0,3.5889
S2322,D002,39,Male,4,7,3.7231,3.5889,0,4.0
S2324,D001,40,Male,1,2,3.4941,3.475,0,3.4625
S2324,D001,40,Male,2,3,3.475,3.4625,0,3.2118
S2324,D001,40,Male,2,4,3.4625,3.2118,0,3.1667
S2324,D001,40,Male,3,5,3.2118,3.1667,0,3.412
S2325,D001,40,Male,1,2,3.6118,3.4,0,3.6375
S2325,D001,40,Male,2,3,3.4,3.6375,0,3.6353
S2325,D001,40,Male,2,4,3.6375,3.6353,0,3.475
S2325,D001,40,Male,3,5,3.6353,3.475,0,3.72
S2326,D002,40,Female,1,2,4.0,4.0,0,4.0
S2326,D002,40,Female,2,3,4.0,4.0,0,4.0
S2326,D002,40,Female,2,4,4.0,4.0,0,3.975
S2327,D001,40,Male,1,2,3.8824,3.6938,0,3.5875
S2327,D001,40,Male,2,3,3.6938,3.5875,0,3.7294
S2327,D001,40,Male,2,4,3.5875,3.7294,0,3.6667
S2328,D002,41,Male,1,2,3.9294,4.0,0,4.0
S2328,D002,41,Male,2,3,4.0,4.0,0,3.9647
S2329,D005,39,Female,1,2,2.8412,2.8,2,2.9789
S2329,D005,39,Female,2,3,2.8,2.9789,3,2.8312
S2329,D005,39,Female,2,4,2.9789,2.8312,4,2.7643
S2329,D005,39,Female,3,5,2.8312,2.7643,5,3.7
S2329,D005,39,Female,3,6,2.7643,3.7,6,2.8458
S2330,D001,41,Male,1,2,3.7706,3.6688,0,3.8
S2331,D002,41,Female,1,2,3.5824,3.9438,0,3.9125
S2332,D005,41,Male,1,2,3.0294,3.1688,0,3.2368
S2335,D001,40,Male,1,2,3.9118,3.9438,0,4.0
S2335,D001,40,Male,2,3,3.9438,4.0,0,3.9647
S2335,D001,40,Male,2,4,4.0,3.9647,0,3.975
S2337,D005,40,Male,1,2,3.6059,3.5688,0,3.4632
S2337,D005,40,Male,2,3,3.5688,3.4632,0,2.9812
S2337,D005,40,Male,2,4,3.4632,2.9812,0,3.6214
S2339,D001,41,Female,1,2,2.5706,3.1438,2,3.0875
S2339,D001,41,Female,2,3,3.1438,3.0875,3,3.6059
S2341,D003,39,Male,1,2,3.2588,2.75,0,2.9667
S2341,D003,39,Male,2,3,2.75,2.9667,0,2.6412
S2341,D003,39,Male,2,4,2.9667,2.6412,0,2.772
S2341,D003,39,Male,3,5,2.6412,2.772,0,2.987
S2341,D003,39,Male,3,6,2.772,2.987,0,2.9571
S2341,D003,39,Male,4,7,2.987,2.9571,0,3.2
S2344,D003,39,Male,1,2,4.0,4.0,0,4.0
S2344,D003,39,Male,2,3,4.0,4.0,0,4.0
S2344,D003,39,Male,2,4,4.0,4.0,0,4.0
S2344,D003,39,Male,3,5,4.0,4.0,0,4.0
S2344,D003,39,Male,3,6,4.0,4.0,0,3.9333
S2345,D001,41,Female,1,2,3.8471,3.9625,0,3.925
S2346,D001,39,Male,1,2,2.9824,2.7063,0,2.5875
S2346,D001,39,Male,2,3,2.7063,2.5875,0,2.7294
S2346,D001,39,Male,2,4,2.5875,2.7294,0,2.55
S2346,D001,39,Male,3,5,2.7294,2.55,0,2.768
S2346,D001,39,Male,3,6,2.55,2.768,0,3.125
S2348,D001,40,Male,1,2,3.6647,3.7125,0,3.625
S2348,D001,40,Male,2,3,3.7125,3.625,0,3.1118
S2348,D001,40,Male,2,4,3.625,3.1118,0,3.7833
S2351,D002,40,Male,1,2,3.3353,2.5438,0,3.15
S2351,D002,40,Male,2,3,2.5438,3.15,0,2.2412
S2351,D002,40,Male,2,4,3.15,2.2412,0,3.0
S2351,D002,40,Male,3,5,2.2412,3.0,0,2.6769
S2352,D005,41,Female,1,2,3.9176,3.9438,0,3.9526
S2352,D005,41,Female,2,3,3.9438,3.9526,0,3.7125
S2353,D001,41,Male,1,2,2.3941,2.425,0,2.175
S2353,D001,41,Male,2,3,2.425,2.175,1,2.3706
S2354,D002,41,Male,1,2,3.5412,3.6375,0,3.4875
S2354,D002,41,Male,2,3,3.6375,3.4875,0,3.3471
S2355,D003,41,Male,1,2,2.6294,2.5056,0,2.76
S2357,D004,40,Female,1,2,2.7538,2.5353,2,3.02
S2357,D004,40,Female,2,3,2.5353,3.02,3,2.8636
S2357,D004,40,Female,2,4,3.02,2.8636,4,2.7842
S2357,D004,40,Female,3,5,2.8636,2.7842,5,2.8952
S2358,D001,41,Male,1,2,3.8824,3.9438,0,3.875
S2358,D001,41,Male,2,3,3.9438,3.875,0,4.0
S2359,D005,40,Male,1,2,3.5,3.5062,0,3.9684
S2359,D005,40,Male,2,3,3.5062,3.9684,0,3.5938
S2359,D005,40,Male,2,4,3.9684,3.5938,0,3.6071
S2361,D004,40,Male,1,2,3.4154,3.6059,0,3.4267
S2361,D004,40,Male,2,3,3.6059,3.4267,0,3.3818
S2361,D004,40,Male,2,4,3.4267,3.3818,0,3.6895
S2364,D005,40,Female,1,2,2.9353,2.6875,1,2.8368
S2364,D005,40,Female,2,3,2.6875,2.8368,2,2.4938
S2364,D005,40,Female,2,4,2.8368,2.4938,3,2.6857
S2367,D004,41,Male,1,2,3.4769,3.2353,0,3.3667
S2367,D004,41,Male,2,3,3.2353,3.3667,0,3.4
S2368,D001,40,Male,1,2,3.7706,3.2438,0,3.7875
S2368,D001,40,Male,2,3,3.2438,3.7875,0,3.3588
S2368,D001,40,Male,2,4,3.7875,3.3588,0,3.6917
S2368,D001,40,Male,3,5,3.3588,3.6917,0,3.392
S2370,D002,41,Female,1,2,3.9,3.7812,0,4.0
S2370,D002,41,Female,2,3,3.7812,4.0,0,4.0
S2371,D003,41,Male,1,2,3.9118,3.9333,0,3.7333
S2371,D003,41,Male,2,3,3.9333,3.7333,0,3.8471
S2372,D003,41,Female,1,2,2.9059,3.3722,0,3.4467
S2373,D002,40,Male,1,2,3.7235,3.8812,0,3.5375
S2373,D002,40,Male,2,3,3.8812,3.5375,0,4.0
S2373,D002,40,Male,2,4,3.5375,4.0,0,3.1083
S2373,D002,40,Male,3,5,4.0,3.1083,0,3.5346
S2374,D001,39,Male,1,2,1.6706,2.0938,6,1.725
S2374,D001,39,Male,2,3,2.0938,1.725,12,2.4118
S2374,D001,39,Male,2,4,1.725,2.4118,18,1.9667
S2374,D001,39,Male,3,5,2.4118,1.9667,24,2.64
S2374,D001,39,Male,3,6,1.9667,2.64,30,2.7
S2374,D001,39,Male,4,7,2.64,2.7,36,3.12
S2376,D004,39,Male,1,2,3.6308,3.7294,0,3.74
S2376,D004,39,Male,2,3,3.7294,3.74,0,3.4455
S2376,D004,39,Male,2,4,3.74,3.4455,0,3.6895
S2376,D004,39,Male,3,5,3.4455,3.6895,0,3.5524
S2376,D004,39,Male,3,6,3.6895,3.5524,0,3.8231
S2377,D002,39,Female,1,2,3.8294,3.8,0,3.7125
S2377,D002,39,Female,2,3,3.8,3.7125,0,3.8412
S2377,D002,39,Female,2,4,3.7125,3.8412,0,3.7
S2377,D002,39,Female,3,5,3.8412,3.7,0,3.4808
S2377,D002,39,Female,3,6,3.7,3.4808,0,3.7556
S2377,D002,39,Female,4,7,3.4808,3.7556,0,4.0
S2378,D005,41,Female,1,2,3.1294,3.7312,0,3.3474
S2380,D002,41,Male,1,2,3.3353,3.5938,0,3.0
S2381,D004,39,Female,1,2,3.7923,3.5824,0,3.4667
S2381,D004,39,Female,2,3,3.5824,3.4667,0,3.7636
S2381,D004,39,Female,2,4,3.4667,3.7636,0,3.5526
S2381,D004,39,Female,3,5,3.7636,3.5526,0,3.6857
S2381,D004,39,Female,3,6,3.5526,3.6857,0,3.4923
S2381,D004,39,Female,4,7,3.6857,3.4923,0,3.7
S2382,D002,40,Male,1,2,3.2471,3.2562,0,3.25
S2382,D002,40,Male,2,3,3.2562,3.25,0,3.6059
S2382,D002,40,Male,2,4,3.25,3.6059,0,3.3667
S2382,D002,40,Male,3,5,3.6059,3.3667,0,3.1731
S2383,D005,41,Male,1,2,2.9294,3.0938,0,2.7105
S2384,D001,41,Male,1,2,3.6765,3.7562,0,3.6
S2385,D004,40,Female,1,2,3.1846,3.4294,0,2.8533
S2385,D004,40,Female,2,3,3.4294,2.8533,0,3.2273
S2385,D004,40,Female,2,4,2.8533,3.2273,0,3.0053
S2388,D002,40,Male,1,2,3.5118,3.3375,0,3.4125
S2388,D002,40,Male,2,3,3.3375,3.4125,0,3.7
S2388,D002,40,Male,2,4,3.4125,3.7,0,3.45
S2388,D002,40,Male,3,5,3.7,3.45,0,3.1615
S2392,D001,40,Male,1,2,3.5647,3.15,0,3.825
S2392,D001,40,Male,2,3,3.15,3.825,0,3.4
S2392,D001,40,Male,2,4,3.825,3.4,0,3.475
S2395,D004,41,Male,1,2,3.7769,3.1353,0,3.8067
S2395,D004,41,Male,2,3,3.1353,3.8067,0,3.6818
S2396,D004,40,Male,1,2,4.0,3.5824,0,3.2933
S2396,D004,40,Male,2,3,3.5824,3.2933,0,3.5818
S2396,D004,40,Male,2,4,3.2933,3.5818,0,3.2579
S2397,D004,41,Male,1,2,3.9769,3.6882,0,3.5533
S2397,D004,41,Male,2,3,3.6882,3.5533,0,3.2455
S2400,D002,41,Male,1,2,3.6588,3.5438,0,3.0
S2401,D002,41,Female,1,2,3.2176,3.5062,0,3.175
S2402,D005,41,Male,1,2,4.0,3.8125,0,3.8421
S2402,D005,41,Male,2,3,3.8125,3.8421,0,4.0
S2403,D003,41,Male,1,2,3.5529,3.5778,0,3.52
S2404,D005,40,Male,1,2,3.3706,3.8,0,3.4316
S2404,D005,40,Male,2,3,3.8,3.4316,0,3.4312
S2404,D005,40,Male,2,4,3.4316,3.4312,0,3.6714
S2404,D005,40,Male,3,5,3.4312,3.6714,0,4.0
S2405,D005,40,Female,1,2,3.5647,3.475,0,3.8579
S2405,D005,40,Female,2,3,3.475,3.8579,0,3.475
S2405,D005,40,Female,2,4,3.8579,3.475,0,3.7214
S2405,D005,40,Female,3,5,3.475,3.7214,0,4.0
S2406,D004,40,Male,1,2,3.3615,3.4824,0,3.2867
S2406,D004,40,Male,2,3,3.4824,3.2867,0,3.2182
S2406,D004,40,Male,2,4,3.2867,3.2182,0,2.9684
S2407,D003,40,Male,1,2,3.8353,3.7333,0,3.8667
S2407,D003,40,Male,2,3,3.7333,3.8667,0,4.0
S2407,D003,40,Male,2,4,3.8667,4.0,0,3.808
S2407,D003,40,Male,3,5,4.0,3.808,0,3.7652
S2408,D001,40,Male,1,2,3.1706,3.1438,0,3.7125
S2408,D001,40,Male,2,3,3.1438,3.7125,0,3.6353
S2408,D001,40,Male,2,4,3.7125,3.6353,0,3.0333
S2408,D001,40,Male,3,5,3.6353,3.0333,0,3.264
S2411,D003,40,Male,1,2,2.7353,3.1333,0,2.7533
S2411,D003,40,Male,2,3,3.1333,2.7533,0,3.2647
S2411,D003,40,Male,2,4,2.7533,3.2647,0,2.908
S2411,D003,40,Male,3,5,3.2647,2.908,0,3.1261
S2412,D002,41,Female,1,2,2.4471,2.0875,4,2.7
S2412,D002,41,Female,2,3,2.0875,2.7,7,2.3824
S2414,D005,41,Female,1,2,2.6529,1.6312,1,2.7421
S2415,D002,40,Male,1,2,3.5941,3.6,0,3.7875
S2415,D002,40,Male,2,3,3.6,3.7875,0,3.8588
S2415,D002,40,Male,2,4,3.7875,3.8588,0,3.7333
S2416,D001,40,Male,1,2,3.7765,3.9625,0,3.875
S2416,D001,40,Male,2,3,3.9625,3.875,0,3.8765
S2416,D001,40,Male,2,4,3.875,3.8765,0,3.8667
S2416,D001,40,Male,3,5,3.8765,3.8667,0,3.808
S2417,D005,39,Female,1,2,4.0,4.0,0,3.8421
S2417,D005,39,Female,2,3,4.0,3.8421,0,4.0
S2417,D005,39,Female,2,4,3.8421,4.0,0,3.9
S2417,D005,39,Female,3,5,4.0,3.9,0,4.0
S2417,D005,39,Female,3,6,3.9,4.0,0,3.9625
S2417,D005,39,Female,4,7,4.0,3.9625,0,3.76
S2419,D004,41,Male,1,2,2.3769,1.9765,1,2.9067
S2420,D005,39,Female,1,2,3.4412,3.775,0,3.2947
S2420,D005,39,Female,2,3,3.775,3.2947,0,3.3062
S2420,D005,39,Female,2,4,3.2947,3.3062,0,3.4429
S2420,D005,39,Female,3,5,3.3062,3.4429,0,3.0
S2420,D005,39,Female,3,6,3.4429,3.0,0,3.3792
S2421,D002,41,Female,1,2,2.2471,2.7062,0,2.8375
S2421,D002,41,Female,2,3,2.7062,2.8375,0,2.8235
S2423,D004,39,Female,1,2,2.8615,3.0118,0,3.7067
S2423,D004,39,Female,2,3,3.0118,3.7067,0,3.0182
S2423,D004,39,Female,2,4,3.7067,3.0182,0,3.6316
S2423,D004,39,Female,3,5,3.0182,3.6316,0,3.8333
S2423,D004,39,Female,3,6,3.6316,3.8333,0,3.3462
S2426,D001,41,Female,1,2,3.7059,3.575,0,3.325
S2426,D001,41,Female,2,3,3.575,3.325,0,3.4941
S2428,D004,40,Male,1,2,3.6154,3.7529,0,3.8467
S2428,D004,40,Male,2,3,3.7529,3.8467,0,3.6909
S2428,D004,40,Male,2,4,3.8467,3.6909,0,3.7053
S2428,D004,40,Male,3,5,3.6909,3.7053,0,3.5619
S2429,D004,41,Female,1,2,3.9769,3.2118,0,3.56
S2430,D005,40,Male,1,2,3.2,3.875,0,3.7632
S2430,D005,40,Male,2,3,3.875,3.7632,0,3.7875
S2430,D005,40,Male,2,4,3.7632,3.7875,0,4.0
S2430,D005,40,Male,3,5,3.7875,4.0,0,4.0
S2431,D003,41,Male,1,2,3.2882,3.3444,0,3.3933
S2433,D005,41,Male,1,2,3.6235,3.075,0,3.5895
S2434,D005,40,Female,1,2,2.9647,3.3125,0,2.9579
S2434,D005,40,Female,2,3,3.3125,2.9579,0,3.55
S2434,D005,40,Female,2,4,2.9579,3.55,0,3.2571
S2437,D001,39,Male,1,2,2.6529,2.7375,0,3.0
S2437,D001,39,Male,2,3,2.7375,3.0,0,3.2588
S2437,D001,39,Male,2,4,3.0,3.2588,0,3.0917
S2437,D001,39,Male,3,5,3.2588,3.0917,0,3.48
S2437,D001,39,Male,3,6,3.0917,3.48,0,3.0125
S2437,D001,39,Male,4,7,3.48,3.0125,0,3.42
S2439,D005,39,Female,1,2,3.9118,3.9125,0,4.0
S2439,D005,39,Female,2,3,3.9125,4.0,0,4.0
S2439,D005,39,Female,2,4,4.0,4.0,0,3.5929
S2439,D005,39,Female,3,5,4.0,3.5929,0,4.0
S2439,D005,39,Female,3,6,3.5929,4.0,0,4.0
S2440,D001,39,Male,1,2,2.5882,2.725,0,2.9875
S2440,D001,39,Male,2,3,2.725,2.9875,0,2.8294
S2440,D001,39,Male,2,4,2.9875,2.8294,0,3.1333
S2440,D001,39,Male,3,5,2.8294,3.1333,0,2.744
S2440,D001,39,Male,3,6,3.1333,2.744,0,2.3375
S2440,D001,39,Male,4,7,2.744,2.3375,0,2.6
S2442,D003,41,Male,1,2,2.9765,2.8056,0,3.1467
S2442,D003,41,Male,2,3,2.8056,3.1467,0,2.8765
S2444,D002,40,Male,1,2,3.8647,2.8562,0,3.5375
S2444,D002,40,Male,2,3,2.8562,3.5375,0,3.3353
S2444,D002,40,Male,2,4,3.5375,3.3353,0,3.5333
S2444,D002,40,Male,3,5,3.3353,3.5333,0,3.4846
S2446,D001,41,Female,1,2,3.6882,3.8438,0,3.8
S2447,D005,41,Male,1,2,3.7529,3.6688,0,3.5895
S2448,D001,41,Female,1,2,3.6,3.6938,0,3.55
S2449,D001,41,Male,1,2,3.4412,3.3938,0,3.4625
S2450,D005,39,Female,1,2,3.5882,3.8188,0,3.8632
S2450,D005,39,Female,2,3,3.8188,3.8632,0,3.9125
S2450,D005,39,Female,2,4,3.8632,3.9125,0,3.9
S2450,D005,39,Female,3,5,3.9125,3.9,0,4.0
S2450,D005,39,Female,3,6,3.9,4.0,0,3.6417
S2452,D003,39,Male,1,2,3.7706,3.5889,0,3.6733
S2452,D003,39,Male,2,3,3.5889,3.6733,0,3.6588
S2452,D003,39,Male,2,4,3.6733,3.6588,0,3.704
S2452,D003,39,Male,3,5,3.6588,3.704,0,3.5435
S2452,D003,39,Male,3,6,3.704,3.5435,0,3.3619
S2453,D004,41,Female,1,2,3.1231,3.1235,0,3.12
S2455,D005,40,Male,1,2,3.3471,3.3125,0,3.2526
S2455,D005,40,Male,2,3,3.3125,3.2526,0,3.4125
S2455,D005,40,Male,2,4,3.2526,3.4125,0,3.0286
S2455,D005,40,Male,3,5,3.4125,3.0286,0,4.0
S2456,D001,41,Female,1,2,3.7588,3.6375,0,3.7875
S2456,D001,41,Female,2,3,3.6375,3.7875,0,3.5
S2460,D002,40,Male,1,2,2.7,3.4938,0,3.05
S2460,D002,40,Male,2,3,3.4938,3.05,0,3.4882
S2460,D002,40,Male,2,4,3.05,3.4882,0,3.2
S2460,D002,40,Male,3,5,3.4882,3.2,0,3.1654
S2461,D001,41,Male,1,2,3.4412,3.9625,0,3.7125
S2462,D004,41,Female,1,2,3.5846,3.8412,0,3.4133
S2462,D004,41,Female,2,3,3.8412,3.4133,0,4.0
S2463,D004,41,Male,1,2,2.7308,2.8824,0,2.1133
S2464,D002,39,Female,1,2,3.3529,3.1812,0,3.55
S2464,D002,39,Female,2,3,3.1812,3.55,0,3.2765
S2464,D002,39,Female,2,4,3.55,3.2765,0,3.15
S2464,D002,39,Female,3,5,3.2765,3.15,0,3.35
S2464,D002,39,Female,3,6,3.15,3.35,0,3.4222
S2466,D002,41,Male,1,2,3.2059,3.225,0,3.4625
S2467,D005,39,Male,1,2,3.9471,4.0,0,3.9263
S2467,D005,39,Male,2,3,4.0,3.9263,0,4.0
S2467,D005,39,Male,2,4,3.9263,4.0,0,4.0
S2467,D005,39,Male,3,5,4.0,4.0,0,4.0
S2467,D005,39,Male,3,6,4.0,4.0,0,4.0
S2467,D005,39,Male,4,7,4.0,4.0,0,4.0
S2468,D002,40,Male,1,2,3.7588,3.9062,0,3.5375
S2468,D002,40,Male,2,3,3.9062,3.5375,0,3.2882
S2468,D002,40,Male,2,4,3.5375,3.2882,0,3.5167
S2469,D003,41,Male,1,2,3.7294,3.5222,0,3.8267
S2470,D002,41,Male,1,2,3.7,3.8375,0,3.7875
S2470,D002,41,Male,2,3,3.8375,3.7875,0,4.0
S2472,D004,40,Male,1,2,3.6462,3.4353,0,3.3867
S2472,D004,40,Male,2,3,3.4353,3.3867,0,3.0
S2472,D004,40,Male,2,4,3.3867,3.0,0,3.6842
S2473,D002,40,Female,1,2,2.3647,2.8688,0,3.4125
S2473,D002,40,Female,2,3,2.8688,3.4125,0,3.5176
S2473,D002,40,Female,2,4,3.4125,3.5176,0,3.125
S2475,D005,40,Male,1,2,3.8824,3.9125,0,3.8895
S2475,D005,40,Male,2,3,3.9125,3.8895,0,3.875
S2475,D005,40,Male,2,4,3.8895,3.875,0,3.8571
S2475,D005,40,Male,3,5,3.875,3.8571,0,4.0
S2476,D003,39,Male,1,2,3.8471,3.8056,0,3.8667
S2476,D003,39,Male,2,3,3.8056,3.8667,0,3.8235
S2476,D003,39,Male,2,4,3.8667,3.8235,0,3.672
S2476,D003,39,Male,3,5,3.8235,3.672,0,3.8348
S2476,D003,39,Male,3,6,3.672,3.8348,0,3.5381
S2476,D003,39,Male,4,7,3.8348,3.5381,0,3.82
S2477,D001,39,Male,1,2,3.3412,3.75,0,3.3625
S2477,D001,39,Male,2,3,3.75,3.3625,0,3.4941
S2477,D001,39,Male,2,4,3.3625,3.4941,0,3.8333
S2477,D001,39,Male,3,5,3.4941,3.8333,0,3.624
S2477,D001,39,Male,3,6,3.8333,3.624,0,3.7125
S2477,D001,39,Male,4,7,3.624,3.7125,0,4.0
S2479,D005,40,Male,1,2,3.8941,4.0,0,3.7158
S2479,D005,40,Male,2,3,4.0,3.7158,0,3.9625
S2479,D005,40,Male,2,4,3.7158,3.9625,0,3.9571
S2480,D002,41,Male,1,2,3.4471,3.7938,0,3.8375
S2481,D001,41,Male,1,2,2.4294,3.1188,2,2.875
S2482,D003,41,Male,1,2,3.4765,3.7611,0,3.0267
S2482,D003,41,Male,2,3,3.7611,3.0267,0,3.5412
S2483,D001,41,Male,1,2,3.4235,3.3688,0,3.0625
S2485,D001,40,Female,1,2,3.8647,3.925,0,4.0
S2485,D001,40,Female,2,3,3.925,4.0,0,3.9647
S2485,D001,40,Female,2,4,4.0,3.9647,0,3.95
S2487,D002,39,Female,1,2,3.6412,3.8312,0,3.875
S2487,D002,39,Female,2,3,3.8312,3.875,0,3.2471
S2487,D002,39,Female,2,4,3.875,3.2471,0,3.2833
S2487,D002,39,Female,3,5,3.2471,3.2833,0,3.5538
S2487,D002,39,Female,3,6,3.2833,3.5538,0,3.4889
S2488,D005,40,Male,1,2,2.5059,2.8625,0,2.7789
S2488,D005,40,Male,2,3,2.8625,2.7789,0,2.925
S2488,D005,40,Male,2,4,2.7789,2.925,0,2.65
S2488,D005,40,Male,3,5,2.925,2.65,0,3.3
S2489,D002,40,Male,1,2,3.2529,3.8875,0,3.625
S2489,D002,40,Male,2,3,3.8875,3.625,0,3.7882
S2489,D002,40,Male,2,4,3.625,3.7882,0,3.7167
S2490,D002,40,Male,1,2,3.5412,2.6688,1,3.4125
S2490,D002,40,Male,2,3,2.6688,3.4125,2,3.3294
S2490,D002,40,Male,2,4,3.4125,3.3294,3,3.225
S2490,D002,40,Male,3,5,3.3294,3.225,4,3.3269
S2491,D001,40,Female,1,2,4.0,3.9438,0,4.0
S2491,D001,40,Female,2,3,3.9438,4.0,0,3.9647
S2491,D001,40,Female,2,4,4.0,3.9647,0,4.0
S2491,D001,40,Female,3,5,3.9647,4.0,0,3.976
S2492,D004,40,Female,1,2,3.3846,3.5353,0,3.1867
S2492,D004,40,Female,2,3,3.5353,3.1867,0,3.8091
S2492,D004,40,Female,2,4,3.1867,3.8091,0,3.2947
S2493,D005,41,Female,1,2,2.6412,2.3938,0,2.4158
S2494,D003,41,Female,1,2,1.6588,2.3778,8,1.86
S2494,D003,41,Female,2,3,2.3778,1.86,12,1.7118
S2495,D001,40,Male,1,2,2.7471,3.425,0,3.1625
S2495,D001,40,Male,2,3,3.425,3.1625,1,3.3235
S2495,D001,40,Male,2,4,3.1625,3.3235,2,3.2
S2496,D005,41,Female,1,2,3.9176,3.7,0,3.8737
S2498,D002,40,Male,1,2,4.0,4.0,0,3.925
S2498,D002,40,Male,2,3,4.0,3.925,0,3.9176
S2498,D002,40,Male,2,4,3.925,3.9176,0,4.0
S2499,D002,40,Male,1,2,3.7,3.4625,0,3.4125
S2499,D002,40,Male,2,3,3.4625,3.4125,0,3.6824
S2499,D002,40,Male,2,4,3.4125,3.6824,0,3.65
S2500,D002,40,Female,1,2,3.4941,3.4125,0,3.65
S2500,D002,40,Female,2,3,3.4125,3.65,0,3.2941
S2500,D002,40,Female,2,4,3.65,3.2941,0,3.525
S2503,D005,41,Male,1,2,3.6647,3.8312,0,3.8105
S2504,D001,40,Female,1,2,3.0118,3.5,0,3.0375
S2504,D001,40,Female,2,3,3.5,3.0375,0,3.1941
S2504,D001,40,Female,2,4,3.0375,3.1941,0,3.4
S2505,D001,39,Male,1,2,3.5647,3.8312,0,4.0
S2505,D001,39,Male,2,3,3.8312,4.0,0,3.8824
S2505,D001,39,Male,2,4,4.0,3.8824,0,3.925
S2505,D001,39,Male,3,5,3.8824,3.925,0,3.92
S2505,D001,39,Male,3,6,3.925,3.92,0,3.875
S2505,D001,39,Male,4,7,3.92,3.875,0,3.58
S2506,D001,41,Male,1,2,3.3765,3.575,0,3.2875
S2508,D005,41,Female,1,2,3.4941,3.1062,0,2.7895
S2509,D001,41,Male,1,2,4.0,4.0,0,4.0
S2509,D001,41,Male,2,3,4.0,4.0,0,4.0
S2515,D002,39,Female,1,2,2.4,2.8312,2,2.925
S2515,D002,39,Female,2,3,2.8312,2.925,3,3.1176
S2515,D002,39,Female,2,4,2.925,3.1176,4,2.975
S2515,D002,39,Female,3,5,3.1176,2.975,5,2.7923
S2515,D002,39,Female,3,6,2.975,2.7923,6,2.8778
S2517,D003,41,Female,1,2,3.9824,4.0,0,3.92
S2518,D002,40,Male,1,2,4.0,4.0,0,4.0
S2518,D002,40,Male,2,3,4.0,4.0,0,4.0
S2518,D002,40,Male,2,4,4.0,4.0,0,4.0
S2519,D005,41,Male,1,2,3.9647,3.775,0,3.8579
S2521,D001,39,Male,1,2,3.1353,2.9375,0,3.25
S2521,D001,39,Male,2,3,2.9375,3.25,0,3.1412
S2521,D001,39,Male,2,4,3.25,3.1412,0,3.425
S2521,D001,39,Male,3,5,3.1412,3.425,0,2.76
S2521,D001,39,Male,3,6,3.425,2.76,0,3.4125
S2521,D001,39,Male,4,7,2.76,3.4125,0,2.98
S2522,D004,40,Male,1,2,3.9538,3.9471,0,3.94
S2522,D004,40,Male,2,3,3.9471,3.94,0,3.7273
S2522,D004,40,Male,2,4,3.94,3.7273,0,4.0
S2522,D004,40,Male,3,5,3.7273,4.0,0,4.0
S2523,D001,41,Male,1,2,3.4118,3.8125,0,3.5875
S2523,D001,41,Male,2,3,3.8125,3.5875,0,3.6059
S2524,D003,40,Male,1,2,3.5588,3.4111,0,3.6333
S2524,D003,40,Male,2,3,3.4111,3.6333,0,3.5412
S2524,D003,40,Male,2,4,3.6333,3.5412,0,3.536
S2525,D005,41,Male,1,2,3.2647,3.4438,0,3.1737
S2526,D004,40,Female,1,2,3.5615,3.8824,0,4.0
S2526,D004,40,Female,2,3,3.8824,4.0,0,3.6364
S2526,D004,40,Female,2,4,4.0,3.6364,0,3.8632
S2526,D004,40,Female,3,5,3.6364,3.8632,0,3.9714
S2527,D005,41,Male,1,2,3.9647,3.6812,0,3.5895
S2528,D001,41,Male,1,2,3.1529,2.8562,0,2.925
S2528,D001,41,Male,2,3,2.8562,2.925,1,3.3353
S2529,D003,41,Female,1,2,3.7529,2.9056,0,3.0
S2531,D004,40,Male,1,2,3.8692,3.8765,0,3.8
S2531,D004,40,Male,2,3,3.8765,3.8,0,3.7364
S2531,D004,40,Male,2,4,3.8,3.7364,0,3.7737
S2531,D004,40,Male,3,5,3.7364,3.7737,0,3.6667
S2534,D002,40,Male,1,2,3.5706,3.4625,0,3.5875
S2534,D002,40,Male,2,3,3.4625,3.5875,0,3.1294
S2534,D002,40,Male,2,4,3.5875,3.1294,0,3.45
S2537,D002,40,Male,1,2,3.8824,3.9812,0,3.9625
S2537,D002,40,Male,2,3,3.9812,3.9625,0,3.7235
S2537,D002,40,Male,2,4,3.9625,3.7235,0,3.8583
S2539,D001,41,Female,1,2,3.8647,3.775,0,3.8125
S2540,D001,40,Male,1,2,3.2294,3.1875,0,3.3375
S2540,D001,40,Male,2,3,3.1875,3.3375,0,3.6882
S2540,D001,40,Male,2,4,3.3375,3.6882,0,3.525
S2543,D001,41,Male,1,2,3.8412,3.4188,0,3.75
S2543,D001,41,Male,2,3,3.4188,3.75,0,3.4118
S2544,D005,41,Male,1,2,3.4471,2.9875,0,3.1158
S2545,D004,40,Female,1,2,2.8769,3.4824,0,2.78
S2545,D004,40,Female,2,3,3.4824,2.78,0,3.6364
S2545,D004,40,Female,2,4,2.78,3.6364,0,3.3316
S2545,D004,40,Female,3,5,3.6364,3.3316,0,2.8667
S2546,D005,41,Female,1,2,3.2529,3.15,0,3.3579
S2546,D005,41,Female,2,3,3.15,3.3579,0,3.3625
S2547,D005,40,Male,1,2,2.8824,3.1562,1,3.2
S2547,D005,40,Male,2,3,3.1562,3.2,2,3.2
S2547,D005,40,Male,2,4,3.2,3.2,3,3.1571
S2548,D002,41,Male,1,2,3.9471,3.9125,0,3.9625
S2549,D003,41,Male,1,2,4.0,3.6333,0,3.92
S2549,D003,41,Male,2,3,3.6333,3.92,0,3.8294
S2552,D005,41,Female,1,2,3.5588,3.6062,0,3.4526
S2552,D005,41,Female,2,3,3.6062,3.4526,0,3.2562
S2553,D001,40,Female,1,2,3.4941,3.1562,0,2.9125
S2553,D001,40,Female,2,3,3.1562,2.9125,0,3.5294
S2553,D001,40,Female,2,4,2.9125,3.5294,0,3.5583
S2553,D001,40,Female,3,5,3.5294,3.5583,0,3.368
S2556,D002,40,Male,1,2,3.9647,4.0,0,4.0
S2556,D002,40,Male,2,3,4.0,4.0,0,4.0
S2556,D002,40,Male,2,4,4.0,4.0,0,4.0
S2556,D002,40,Male,3,5,4.0,4.0,0,4.0
S2557,D002,41,Male,1,2,3.9647,4.0,0,3.8375
S2558,D004,39,Male,1,2,3.9308,4.0,0,4.0
S2558,D004,39,Male,2,3,4.0,4.0,0,3.9455
S2558,D004,39,Male,2,4,4.0,3.9455,0,4.0
S2558,D004,39,Male,3,5,3.9455,4.0,0,3.8905
S2558,D004,39,Male,3,6,4.0,3.8905,0,4.0
S2558,D004,39,Male,4,7,3.8905,4.0,0,4.0
S2559,D003,39,Male,1,2,3.6059,3.3167,0,3.5733
S2559,D003,39,Male,2,3,3.3167,3.5733,0,3.2588
S2559,D003,39,Male,2,4,3.5733,3.2588,0,3.22
S2559,D003,39,Male,3,5,3.2588,3.22,0,3.7696
S2559,D003,39,Male,3,6,3.22,3.7696,0,3.2524
S2560,D005,40,Female,1,2,3.5706,3.8125,0,3.5895
S2560,D005,40,Female,2,3,3.8125,3.5895,0,3.5812
S2560,D005,40,Female,2,4,3.5895,3.5812,0,3.7071
S2560,D005,40,Female,3,5,3.5812,3.7071,0,3.7
S2561,D005,39,Male,1,2,3.8412,3.625,0,3.6842
S2561,D005,39,Male,2,3,3.625,3.6842,0,3.725
S2561,D005,39,Male,2,4,3.6842,3.725,0,2.9143
S2561,D005,39,Male,3,5,3.725,2.9143,0,3.7
S2561,D005,39,Male,3,6,2.9143,3.7,0,3.1792
S2563,D005,41,Female,1,2,2.2706,2.7562,0,2.7211
S2563,D005,41,Female,2,3,2.7562,2.7211,0,3.1812
S2564,D001,40,Female,1,2,3.4,3.3875,0,2.9625
S2564,D001,40,Female,2,3,3.3875,2.9625,0,3.2412
S2564,D001,40,Female,2,4,2.9625,3.2412,0,3.475
S2564,D001,40,Female,3,5,3.2412,3.475,0,3.472
S2566,D002,41,Female,1,2,3.6765,3.6312,0,3.7875
S2567,D004,40,Male,1,2,2.7692,2.7412,0,2.0733
S2567,D004,40,Male,2,3,2.7412,2.0733,0,2.7545
S2567,D004,40,Male,2,4,2.0733,2.7545,0,2.9158
S2567,D004,40,Male,3,5,2.7545,2.9158,0,2.6952
S2568,D005,41,Female,1,2,2.8588,3.2875,0,2.8842
S2569,D001,41,Female,1,2,2.4353,2.3562,2,2.675
S2572,D002,41,Male,1,2,2.3059,1.8375,4,2.3
S2575,D005,41,Male,1,2,3.8235,3.7562,0,3.4684
S2575,D005,41,Male,2,3,3.7562,3.4684,0,3.7125
S2578,D002,41,Male,1,2,3.9471,3.6188,0,3.9125
S2579,D005,40,Male,1,2,2.7294,3.1375,0,2.7895
S2579,D005,40,Male,2,3,3.1375,2.7895,0,2.7875
S2579,D005,40,Male,2,4,2.7895,2.7875,0,2.5857
S2579,D005,40,Male,3,5,2.7875,2.5857,0,2.7
S2581,D002,40,Male,1,2,2.8118,3.2438,0,3.175
S2581,D002,40,Male,2,3,3.2438,3.175,0,3.4588
S2581,D002,40,Male,2,4,3.175,3.4588,0,2.9333
S2583,D004,39,Male,1,2,3.7692,3.9118,0,3.8667
S2583,D004,39,Male,2,3,3.9118,3.8667,0,3.8909
S2583,D004,39,Male,2,4,3.8667,3.8909,0,3.9053
S2583,D004,39,Male,3,5,3.8909,3.9053,0,3.7
S2583,D004,39,Male,3,6,3.9053,3.7,0,3.7923
S2585,D003,41,Female,1,2,3.4235,3.7,0,3.6467
S2586,D004,40,Male,1,2,4.0,3.8471,0,4.0
S2586,D004,40,Male,2,3,3.8471,4.0,0,3.9455
S2586,D004,40,Male,2,4,4.0,3.9455,0,3.7789
S2588,D001,41,Female,1,2,3.2941,3.5312,0,3.175
S2589,D005,41,Female,1,2,3.0941,3.3312,0,3.2632
S2589,D005,41,Female,2,3,3.3312,3.2632,0,3.3312
S2591,D005,41,Female,1,2,3.9647,3.9438,0,4.0
S2592,D003,39,Male,1,2,3.7176,3.7556,0,3.96
S2592,D003,39,Male,2,3,3.7556,3.96,0,3.7706
S2592,D003,39,Male,2,4,3.96,3.7706,0,3.868
S2592,D003,39,Male,3,5,3.7706,3.868,0,3.6522
S2592,D003,39,Male,3,6,3.868,3.6522,0,3.8095
S2592,D003,39,Male,4,7,3.6522,3.8095,0,3.58
S2593,D002,40,Male,1,2,3.7647,3.8375,0,3.125
S2593,D002,40,Male,2,3,3.8375,3.125,0,3.7824
S2593,D002,40,Male,2,4,3.125,3.7824,0,3.7
S2593,D002,40,Male,3,5,3.7824,3.7,0,3.6231
S2594,D001,40,Male,1,2,2.9647,2.8938,0,3.075
S2594,D001,40,Male,2,3,2.8938,3.075,0,2.8412
S2594,D001,40,Male,2,4,3.075,2.8412,0,2.7167
S2594,D001,40,Male,3,5,2.8412,2.7167,0,2.94
S2595,D003,40,Female,1,2,3.1118,3.5389,0,3.1667
S2595,D003,40,Female,2,3,3.5389,3.1667,0,3.1471
S2595,D003,40,Female,2,4,3.1667,3.1471,0,3.324
S2595,D003,40,Female,3,5,3.1471,3.324,0,3.4826
S2597,D003,41,Male,1,2,3.2059,2.6611,0,3.0467
S2597,D003,41,Male,2,3,2.6611,3.0467,0,3.4824
S2599,D005,40,Female,1,2,3.4706,3.6438,0,3.2895
S2599,D005,40,Female,2,3,3.6438,3.2895,0,3.0938
S2599,D005,40,Female,2,4,3.2895,3.0938,0,3.55
S2599,D005,40,Female,3,5,3.0938,3.55,0,4.0
S2600,D002,39,Female,1,2,3.4,3.0688,0,3.1625
S2600,D002,39,Female,2,3,3.0688,3.1625,0,3.4647
S2600,D002,39,Female,2,4,3.1625,3.4647,0,3.1167
S2600,D002,39,Female,3,5,3.4647,3.1167,0,3.2846
S2600,D002,39,Female,3,6,3.1167,3.2846,0,3.3222
S2600,D002,39,Female,4,7,3.2846,3.3222,0,3.42
S2602,D001,41,Female,1,2,3.7706,3.7688,0,4.0
S2602,D001,41,Female,2,3,3.7688,4.0,0,3.7706
S2603,D004,40,Female,1,2,3.4077,3.2118,0,3.32
S2603,D004,40,Female,2,3,3.2118,3.32,0,3.4091
S2603,D004,40,Female,2,4,3.32,3.4091,0,3.6105
S2603,D004,40,Female,3,5,3.4091,3.6105,0,3.7476
S2604,D004,40,Female,1,2,3.5,3.2235,0,3.4933
S2604,D004,40,Female,2,3,3.2235,3.4933,0,3.4818
S2604,D004,40,Female,2,4,3.4933,3.4818,0,3.5526
S2607,D001,40,Male,1,2,3.3235,3.7875,0,3.8375
S2607,D001,40,Male,2,3,3.7875,3.8375,0,3.3471
S2607,D001,40,Male,2,4,3.8375,3.3471,0,3.325
S2608,D005,41,Male,1,2,3.6882,3.225,0,3.6053
S2608,D005,41,Male,2,3,3.225,3.6053,0,3.7312
S2609,D003,41,Female,1,2,2.3882,2.7556,2,2.3667
S2609,D003,41,Female,2,3,2.7556,2.3667,4,2.5059
S2610,D001,41,Male,1,2,3.8471,3.775,0,3.5875
S2612,D001,41,Male,1,2,3.8353,4.0,0,3.9625
S2613,D005,39,Male,1,2,3.1647,3.4438,0,3.1684
S2613,D005,39,Male,2,3,3.4438,3.1684,0,3.2625
S2613,D005,39,Male,2,4,3.1684,3.2625,0,3.65
S2613,D005,39,Male,3,5,3.2625,3.65,0,3.0
S2613,D005,39,Male,3,6,3.65,3.0,0,3.3125
S2614,D002,40,Male,1,2,3.2824,3.1062,0,3.2125
S2614,D002,40,Male,2,3,3.1062,3.2125,0,3.4529
S2614,D002,40,Male,2,4,3.2125,3.4529,0,3.5083
S2616,D004,40,Female,1,2,2.2538,2.5765,0,2.9467
S2616,D004,40,Female,2,3,2.5765,2.9467,1,2.6364
S2616,D004,40,Female,2,4,2.9467,2.6364,2,2.5316
S2616,D004,40,Female,3,5,2.6364,2.5316,3,2.5429
S2617,D001,41,Male,1,2,2.9941,2.8812,0,3.1125
S2618,D001,41,Female,1,2,1.9059,2.95,3,2.375
S2619,D001,40,Male,1,2,3.8765,3.8312,0,3.825
S2619,D001,40,Male,2,3,3.8312,3.825,0,3.7941
S2619,D001,40,Male,2,4,3.825,3.7941,0,4.0
S2619,D001,40,Male,3,5,3.7941,4.0,0,3.896
S2621,D002,39,Female,1,2,3.5,3.5062,0,3.7125
S2621,D002,39,Female,2,3,3.5062,3.7125,0,3.3588
S2621,D002,39,Female,2,4,3.7125,3.3588,0,3.45
S2621,D002,39,Female,3,5,3.3588,3.45,0,3.8423
S2621,D002,39,Female,3,6,3.45,3.8423,0,3.8889
S2621,D002,39,Female,4,7,3.8423,3.8889,0,3.12
S2622,D001,41,Male,1,2,3.9647,4.0,0,4.0
S2622,D001,41,Male,2,3,4.0,4.0,0,3.9176
S2623,D001,41,Female,1,2,3.7882,3.5312,0,3.7125
S2623,D001,41,Female,2,3,3.5312,3.7125,0,3.7412
S2625,D003,41,Male,1,2,3.8294,3.9333,0,3.96
S2627,D001,39,Male,1,2,3.4059,3.2625,0,3.125
S2627,D001,39,Male,2,3,3.2625,3.125,0,3.3941
S2627,D001,39,Male,2,4,3.125,3.3941,0,3.225
S2627,D001,39,Male,3,5,3.3941,3.225,0,3.088
S2627,D001,39,Male,3,6,3.225,3.088,0,3.5
S2627,D001,39,Male,4,7,3.088,3.5,0,4.0
S2628,D004,41,Male,1,2,3.4077,2.8941,0,3.1533
S2628,D004,41,Male,2,3,2.8941,3.1533,0,3.7636
S2629,D003,41,Male,1,2,4.0,3.9833,0,4.0
S2629,D003,41,Male,2,3,3.9833,4.0,0,4.0
S2630,D002,41,Female,1,2,3.4941,2.9562,0,3.1625
S2630,D002,41,Female,2,3,2.9562,3.1625,0,2.7353
S2632,D002,40,Female,1,2,3.8765,3.5938,0,3.875
S2632,D002,40,Female,2,3,3.5938,3.875,0,3.5412
S2632,D002,40,Female,2,4,3.875,3.5412,0,3.8417
S2632,D002,40,Female,3,5,3.5412,3.8417,0,3.7808
S2633,D004,39,Male,1,2,1.8308,2.6471,0,1.9333
S2633,D004,39,Male,2,3,2.6471,1.9333,2,1.7182
S2633,D004,39,Male,2,4,1.9333,1.7182,5,2.3158
S2633,D004,39,Male,3,5,1.7182,2.3158,8,1.8714
S2633,D004,39,Male,3,6,2.3158,1.8714,12,2.1923
S2633,D004,39,Male,4,7,1.8714,2.1923,17,1.3
S2634,D001,40,Male,1,2,3.2471,3.2125,0,3.2
S2634,D001,40,Male,2,3,3.2125,3.2,0,3.4647
S2634,D001,40,Male,2,4,3.2,3.4647,0,3.3917
S2634,D001,40,Male,3,5,3.4647,3.3917,0,3.392
S2636,D003,39,Male,1,2,4.0,4.0,0,4.0
S2636,D003,39,Male,2,3,4.0,4.0,0,4.0
S2636,D003,39,Male,2,4,4.0,4.0,0,3.944
S2636,D003,39,Male,3,5,4.0,3.944,0,4.0
S2636,D003,39,Male,3,6,3.944,4.0,0,3.9714
S2638,D003,40,Male,1,2,2.6294,2.8278,0,2.52
S2638,D003,40,Male,2,3,2.8278,2.52,0,2.4059
S2638,D003,40,Male,2,4,2.52,2.4059,1,3.052
S2639,D001,40,Female,1,2,3.7882,3.8812,0,3.8375
S2639,D001,40,Female,2,3,3.8812,3.8375,0,3.7647
S2639,D001,40,Female,2,4,3.8375,3.7647,0,3.9167
S2640,D005,41,Female,1,2,3.6235,3.6688,0,3.7211
S2642,D001,40,Male,1,2,3.6765,3.6125,0,3.075
S2642,D001,40,Male,2,3,3.6125,3.075,0,3.2471
S2642,D001,40,Male,2,4,3.075,3.2471,0,3.3833
S2643,D002,39,Female,1,2,3.4706,3.7062,0,3.8
S2643,D002,39,Female,2,3,3.7062,3.8,0,3.7059
S2643,D002,39,Female,2,4,3.8,3.7059,0,3.6667
S2643,D002,39,Female,3,5,3.7059,3.6667,0,3.6462
S2643,D002,39,Female,3,6,3.6667,3.6462,0,3.9222
S2644,D004,41,Male,1,2,3.7154,3.7235,0,3.4
S2644,D004,41,Male,2,3,3.7235,3.4,0,3.8182
S2646,D005,41,Female,1,2,3.2412,3.3,0,3.5632
S2647,D001,39,Male,1,2,3.5059,3.6188,0,3.5
S2647,D001,39,Male,2,3,3.6188,3.5,0,3.3294
S2647,D001,39,Male,2,4,3.5,3.3294,0,3.5333
S2647,D001,39,Male,3,5,3.3294,3.5333,0,3.68
S2647,D001,39,Male,3,6,3.5333,3.68,0,3.7125
S2649,D003,41,Male,1,2,3.5529,3.0944,0,3.22
S2651,D004,41,Male,1,2,3.3077,3.3471,0,3.4733
S2651,D004,41,Male,2,3,3.3471,3.4733,0,3.1182
S2652,D005,40,Female,1,2,2.7118,2.7,0,3.0789
S2652,D005,40,Female,2,3,2.7,3.0789,0,3.1875
S2652,D005,40,Female,2,4,3.0789,3.1875,2,3.2286
S2652,D005,40,Female,3,5,3.1875,3.2286,4,2.3
S2653,D002,40,Female,1,2,3.5647,3.5438,0,3.5375
S2653,D002,40,Female,2,3,3.5438,3.5375,0,3.5294
S2653,D002,40,Female,2,4,3.5375,3.5294,0,3.45
S2655,D001,40,Female,1,2,2.5353,2.2188,0,3.0375
S2655,D001,40,Female,2,3,2.2188,3.0375,0,2.6706
S2655,D001,40,Female,2,4,3.0375,2.6706,0,2.5583
S2656,D001,39,Female,1,2,3.3059,3.6812,0,3.7875
S2656,D001,39,Female,2,3,3.6812,3.7875,0,3.1235
S2656,D001,39,Female,2,4,3.7875,3.1235,0,3.4
S2656,D001,39,Female,3,5,3.1235,3.4,0,3.46
S2656,D001,39,Female,3,6,3.4,3.46,0,3.5
S2656,D001,39,Female,4,7,3.46,3.5,0,2.94
S2657,D001,39,Male,1,2,2.7353,2.65,0,3.0375
S2657,D001,39,Male,2,3,2.65,3.0375,1,3.2588
S2657,D001,39,Male,2,4,3.0375,3.2588,2,2.4583
S2657,D001,39,Male,3,5,3.2588,2.4583,4,2.74
S2657,D001,39,Male,3,6,2.4583,2.74,6,2.825
S2657,D001,39,Male,4,7,2.74,2.825,8,3.28
S2658,D001,39,Male,1,2,3.6882,3.5125,0,3.625
S2658,D001,39,Male,2,3,3.5125,3.625,0,3.8471
S2658,D001,39,Male,2,4,3.625,3.8471,0,3.7833
S2658,D001,39,Male,3,5,3.8471,3.7833,0,3.556
S2658,D001,39,Male,3,6,3.7833,3.556,0,3.4375
S2659,D004,41,Male,1,2,4.0,3.6529,0,3.7
S2659,D004,41,Male,2,3,3.6529,3.7,0,3.7545
S2660,D005,41,Male,1,2,3.4471,3.475,0,3.2158
S2663,D001,41,Male,1,2,3.4471,3.4812,0,3.375
S2664,D002,39,Male,1,2,3.1941,3.0375,0,3.325
S2664,D002,39,Male,2,3,3.0375,3.325,0,2.7588
S2664,D002,39,Male,2,4,3.325,2.7588,0,2.8583
S2664,D002,39,Male,3,5,2.7588,2.8583,0,3.0846
S2664,D002,39,Male,3,6,2.8583,3.0846,0,3.5222
S2665,D001,40,Male,1,2,3.5,3.6688,0,3.575
S2665,D001,40,Male,2,3,3.6688,3.575,0,3.3118
S2665,D001,40,Male,2,4,3.575,3.3118,0,3.5083
S2666,D002,40,Male,1,2,3.6176,3.9562,0,3.7
S2666,D002,40,Male,2,3,3.9562,3.7,0,3.7706
S2666,D002,40,Male,2,4,3.7,3.7706,0,3.8917
S2666,D002,40,Male,3,5,3.7706,3.8917,0,3.8077
S2668,D001,41,Male,1,2,3.3118,2.975,0,3.3875
S2668,D001,41,Male,2,3,2.975,3.3875,0,2.8941
S2669,D003,40,Female,1,2,3.4588,3.7556,0,3.48
S2669,D003,40,Female,2,3,3.7556,3.48,0,3.0412
S2669,D003,40,Female,2,4,3.48,3.0412,0,3.768
S2669,D003,40,Female,3,5,3.0412,3.768,0,3.2043
S2670,D002,41,Male,1,2,3.4529,3.2562,0,3.5
S2670,D002,41,Male,2,3,3.2562,3.5,0,3.6647
S2671,D005,39,Female,1,2,3.7647,3.7188,0,3.6737
S2671,D005,39,Female,2,3,3.7188,3.6737,0,3.8312
S2671,D005,39,Female,2,4,3.6737,3.8312,0,3.7929
S2671,D005,39,Female,3,5,3.8312,3.7929,0,3.7
S2671,D005,39,Female,3,6,3.7929,3.7,0,3.9125
S2672,D003,39,Male,1,2,1.9294,2.6333,0,2.8067
S2672,D003,39,Male,2,3,2.6333,2.8067,1,2.2588
S2672,D003,39,Male,2,4,2.8067,2.2588,2,2.36
S2672,D003,39,Male,3,5,2.2588,2.36,3,2.4391
S2672,D003,39,Male,3,6,2.36,2.4391,6,2.2714
S2672,D003,39,Male,4,7,2.4391,2.2714,10,2.06
S2674,D001,41,Male,1,2,3.1588,3.5188,0,3.15
S2674,D001,41,Male,2,3,3.5188,3.15,0,3.1882
S2679,D002,40,Male,1,2,3.6529,3.7875,0,3.5125
S2679,D002,40,Male,2,3,3.7875,3.5125,0,3.7294
S2679,D002,40,Male,2,4,3.5125,3.7294,0,3.7333
S2680,D002,41,Female,1,2,2.7471,2.9812,0,2.7875
S2680,D002,41,Female,2,3,2.9812,2.7875,0,3.1824
S2681,D003,40,Male,1,2,2.2059,2.4778,4,3.18
S2681,D003,40,Male,2,3,2.4778,3.18,7,2.5824
S2681,D003,40,Male,2,4,3.18,2.5824,10,2.34
S2681,D003,40,Male,3,5,2.5824,2.34,13,2.4739
S2682,D005,40,Male,1,2,3.6,2.8375,0,3.0947
S2682,D005,40,Male,2,3,2.8375,3.0947,0,3.2625
S2682,D005,40,Male,2,4,3.0947,3.2625,0,3.4786
S2685,D002,41,Male,1,2,3.8824,3.8062,0,3.9625
S2686,D003,39,Female,1,2,3.8412,3.7778,0,3.68
S2686,D003,39,Female,2,3,3.7778,3.68,0,3.8412
S2686,D003,39,Female,2,4,3.68,3.8412,0,3.944
S2686,D003,39,Female,3,5,3.8412,3.944,0,3.7435
S2686,D003,39,Female,3,6,3.944,3.7435,0,3.9714
S2686,D003,39,Female,4,7,3.7435,3.9714,0,3.72
S2687,D002,41,Female,1,2,3.3471,2.7625,0,3.0375
S2688,D002,41,Male,1,2,2.8118,2.9812,0,2.675
S2688,D002,41,Male,2,3,2.9812,2.675,0,2.4824
S2689,D005,41,Male,1,2,2.9471,3.0562,0,3.5579
S2690,D002,39,Female,1,2,4.0,3.9625,0,3.9625
S2690,D002,39,Female,2,3,3.9625,3.9625,0,4.0
S2690,D002,39,Female,2,4,3.9625,4.0,0,3.75
S2690,D002,39,Female,3,5,4.0,3.75,0,3.8923
S2690,D002,39,Female,3,6,3.75,3.8923,0,3.8889
S2691,D005,41,Male,1,2,3.8765,3.425,0,3.7368
S2693,D002,39,Male,1,2,3.3412,3.6375,0,3.75
S2693,D002,39,Male,2,3,3.6375,3.75,0,3.8824
S2693,D002,39,Male,2,4,3.75,3.8824,0,3.3667
S2693,D002,39,Male,3,5,3.8824,3.3667,0,3.7962
S2693,D002,39,Male,3,6,3.3667,3.7962,0,3.1556
S2693,D002,39,Male,4,7,3.7962,3.1556,0,2.78
S2694,D005,40,Female,1,2,3.5882,3.5,0,3.4211
S2694,D005,40,Female,2,3,3.5,3.4211,0,3.4688
S2694,D005,40,Female,2,4,3.4211,3.4688,0,3.3071
S2695,D004,40,Male,1,2,2.5462,3.1882,0,3.02
S2695,D004,40,Male,2,3,3.1882,3.02,0,3.1
S2695,D004,40,Male,2,4,3.02,3.1,0,3.0789
S2696,D002,39,Male,1,2,4.0,3.925,0,4.0
S2696,D002,39,Male,2,3,3.925,4.0,0,3.7706
S2696,D002,39,Male,2,4,4.0,3.7706,0,4.0
S2696,D002,39,Male,3,5,3.7706,4.0,0,3.9231
S2696,D002,39,Male,3,6,4.0,3.9231,0,4.0
S2696,D002,39,Male,4,7,3.9231,4.0,0,3.82
S2698,D004,41,Male,1,2,3.5462,3.2059,0,2.7933
S2700,D005,40,Female,1,2,3.5529,3.925,0,3.7632
S2700,D005,40,Female,2,3,3.925,3.7632,0,3.7812
S2700,D005,40,Female,2,4,3.7632,3.7812,0,3.9571
S2700,D005,40,Female,3,5,3.7812,3.9571,0,4.0
S2701,D001,40,Male,1,2,3.6412,3.85,0,3.6375
S2701,D001,40,Male,2,3,3.85,3.6375,0,4.0
S2701,D001,40,Male,2,4,3.6375,4.0,0,3.8333
S2702,D005,39,Female,1,2,2.9118,2.725,0,2.6158
S2702,D005,39,Female,2,3,2.725,2.6158,1,2.325
S2702,D005,39,Female,2,4,2.6158,2.325,2,2.2857
S2702,D005,39,Female,3,5,2.325,2.2857,3,3.3
S2702,D005,39,Female,3,6,2.2857,3.3,4,2.7167
S2702,D005,39,Female,4,7,3.3,2.7167,5,2.7867
S2703,D002,39,Male,1,2,3.9647,4.0,0,4.0
S2703,D002,39,Male,2,3,4.0,4.0,0,3.9647
S2703,D002,39,Male,2,4,4.0,3.9647,0,3.975
S2703,D002,39,Male,3,5,3.9647,3.975,0,3.8923
S2703,D002,39,Male,3,6,3.975,3.8923,0,3.9667
S2703,D002,39,Male,4,7,3.8923,3.9667,0,4.0
S2704,D004,41,Male,1,2,3.3385,3.3765,0,3.6867
S2705,D002,40,Male,1,2,3.4882,3.4062,0,3.3375
S2705,D002,40,Male,2,3,3.4062,3.3375,0,3.5824
S2705,D002,40,Male,2,4,3.3375,3.5824,0,3.4167
S2705,D002,40,Male,3,5,3.5824,3.4167,0,3.4
S2707,D003,39,Female,1,2,3.5,2.8556,0,3.02
S2707,D003,39,Female,2,3,2.8556,3.02,0,3.3941
S2707,D003,39,Female,2,4,3.02,3.3941,0,3.204
S2707,D003,39,Female,3,5,3.3941,3.204,0,3.2739
S2707,D003,39,Female,3,6,3.204,3.2739,0,2.9381
S2707,D003,39,Female,4,7,3.2739,2.9381,0,3.28
S2708,D005,39,Male,1,2,3.6,3.5938,0,3.7947
S2708,D005,39,Male,2,3,3.5938,3.7947,0,3.85
S2708,D005,39,Male,2,4,3.7947,3.85,0,3.4786
S2708,D005,39,Male,3,5,3.85,3.4786,0,4.0
S2708,D005,39,Male,3,6,3.4786,4.0,0,3.4542
S2710,D005,41,Male,1,2,3.9471,4.0,0,3.7947
S2711,D004,41,Male,1,2,2.8692,3.1882,0,3.1667
S2711,D004,41,Male,2,3,3.1882,3.1667,0,2.8182
S2712,D004,40,Male,1,2,3.5846,3.4588,0,3.6667
S2712,D004,40,Male,2,3,3.4588,3.6667,0,3.0455
S2712,D004,40,Male,2,4,3.6667,3.0455,0,3.6368
S2713,D001,39,Male,1,2,3.7824,3.5125,0,3.675
S2713,D001,39,Male,2,3,3.5125,3.675,0,3.6294
S2713,D001,39,Male,2,4,3.675,3.6294,0,3.8333
S2713,D001,39,Male,3,5,3.6294,3.8333,0,3.572
S2713,D001,39,Male,3,6,3.8333,3.572,0,3.4125
S2713,D001,39,Male,4,7,3.572,3.4125,0,3.82
S2714,D001,40,Male,1,2,3.9647,3.9812,0,4.0
S2714,D001,40,Male,2,3,3.9812,4.0,0,4.0
S2714,D001,40,Male,2,4,4.0,4.0,0,4.0
S2714,D001,40,Male,3,5,4.0,4.0,0,4.0
S2716,D004,41,Male,1,2,4.0,3.8765,0,4.0
S2716,D004,41,Male,2,3,3.8765,4.0,0,4.0
S2717,D005,39,Female,1,2,3.0353,3.525,0,3.3
S2717,D005,39,Female,2,3,3.525,3.3,0,3.4688
S2717,D005,39,Female,2,4,3.3,3.4688,0,3.3429
S2717,D005,39,Female,3,5,3.4688,3.3429,0,3.3
S2717,D005,39,Female,3,6,3.3429,3.3,0,3.5417
S2718,D001,39,Female,1,2,3.0588,3.1687,0,2.7875
S2718,D001,39,Female,2,3,3.1687,2.7875,1,3.2941
S2718,D001,39,Female,2,4,2.7875,3.2941,2,3.425
S2718,D001,39,Female,3,5,3.2941,3.425,3,3.62
S2718,D001,39,Female,3,6,3.425,3.62,4,3.1375
S2719,D002,40,Female,1,2,3.9647,3.7,0,3.9625
S2719,D002,40,Female,2,3,3.7,3.9625,0,4.0
S2719,D002,40,Female,2,4,3.9625,4.0,0,3.975
S2719,D002,40,Female,3,5,4.0,3.975,0,3.9115
S2721,D001,39,Male,1,2,4.0,3.9438,0,3.9125
S2721,D001,39,Male,2,3,3.9438,3.9125,0,3.8765
S2721,D001,39,Male,2,4,3.9125,3.8765,0,4.0
S2721,D001,39,Male,3,5,3.8765,4.0,0,4.0
S2721,D001,39,Male,3,6,4.0,4.0,0,4.0
S2721,D001,39,Male,4,7,4.0,4.0,0,4.0
S2723,D005,41,Male,1,2,3.9471,3.625,0,3.5737
S2723,D005,41,Male,2,3,3.625,3.5737,0,3.925
S2724,D005,41,Female,1,2,3.1941,3.1562,0,2.5105
S2724,D005,41,Female,2,3,3.1562,2.5105,0,2.9125
S2725,D003,41,Male,1,2,3.1882,3.3167,0,3.22
S2725,D003,41,Male,2,3,3.3167,3.22,0,3.4941
S2726,D002,41,Male,1,2,3.1412,2.925,0,2.7125
S2726,D002,41,Male,2,3,2.925,2.7125,0,3.0059
S2728,D005,41,Female,1,2,3.9294,3.7062,0,3.2
S2728,D005,41,Female,2,3,3.7062,3.2,0,3.525
S2732,D001,41,Male,1,2,3.6588,3.7562,0,3.4875
S2733,D002,41,Male,1,2,3.2529,3.525,0,3.525
S2735,D005,41,Male,1,2,3.5,3.3312,0,3.8105
S2735,D005,41,Male,2,3,3.3312,3.8105,0,3.6062
S2736,D004,40,Male,1,2,2.7385,3.3,0,2.7333
S2736,D004,40,Male,2,3,3.3,2.7333,0,2.9545
S2736,D004,40,Male,2,4,2.7333,2.9545,0,3.2105
S2736,D004,40,Male,3,5,2.9545,3.2105,0,2.581
S2738,D001,41,Male,1,2,2.7176,3.1938,0,2.8375
S2738,D001,41,Male,2,3,3.1938,2.8375,0,2.8294
S2739,D001,40,Female,1,2,3.8941,3.6938,0,3.8375
S2739,D001,40,Female,2,3,3.6938,3.8375,0,3.9294
S2739,D001,40,Female,2,4,3.8375,3.9294,0,3.8333
S2741,D005,40,Male,1,2,3.8059,3.9438,0,3.9526
S2741,D005,40,Male,2,3,3.9438,3.9526,0,3.925
S2741,D005,40,Male,2,4,3.9526,3.925,0,4.0
S2741,D005,40,Male,3,5,3.925,4.0,0,4.0
S2742,D002,41,Male,1,2,3.6706,3.8562,0,3.575
S2744,D005,39,Female,1,2,3.5471,3.6938,0,3.4895
S2744,D005,39,Female,2,3,3.6938,3.4895,0,3.1375
S2744,D005,39,Female,2,4,3.4895,3.1375,0,3.2429
S2744,D005,39,Female,3,5,3.1375,3.2429,0,3.7
S2744,D005,39,Female,3,6,3.2429,3.7,0,3.3167
S2744,D005,39,Female,4,7,3.7,3.3167,0,3.7133
S2745,D001,40,Male,1,2,3.7588,3.1688,0,3.55
S2745,D001,40,Male,2,3,3.1688,3.55,0,3.5824
S2745,D001,40,Male,2,4,3.55,3.5824,0,3.775
S2745,D001,40,Male,3,5,3.5824,3.775,0,3.68
S2747,D001,40,Male,1,2,3.2941,2.8812,0,3.0875
S2747,D001,40,Male,2,3,2.8812,3.0875,0,3.4824
S2747,D001,40,Male,2,4,3.0875,3.4824,0,2.75
S2748,D004,41,Male,1,2,3.5385,3.8824,0,3.76
S2750,D001,41,Male,1,2,3.2412,3.2062,0,3.375
S2750,D001,41,Male,2,3,3.2062,3.375,0,3.5588
S2751,D005,41,Female,1,2,3.0118,2.7562,0,2.6737
S2752,D001,41,Male,1,2,3.8588,3.8188,0,3.75
S2752,D001,41,Male,2,3,3.8188,3.75,0,4.0
S2754,D001,40,Male,1,2,3.0647,3.125,0,3.4125
S2754,D001,40,Male,2,3,3.125,3.4125,0,3.2941
S2754,D001,40,Male,2,4,3.4125,3.2941,0,3.3917
S2755,D005,40,Male,1,2,2.8294,2.8062,2,2.5474
S2755,D005,40,Male,2,3,2.8062,2.5474,4,2.8
S2755,D005,40,Male,2,4,2.5474,2.8,6,2.6857
S2757,D001,39,Male,1,2,2.7588,3.2062,0,3.075
S2757,D001,39,Male,2,3,3.2062,3.075,0,2.9471
S2757,D001,39,Male,2,4,3.075,2.9471,0,2.825
S2757,D001,39,Male,3,5,2.9471,2.825,0,2.908
S2757,D001,39,Male,3,6,2.825,2.908,0,2.9625
S2758,D004,41,Male,1,2,3.2923,3.3118,0,3.3667
S2759,D004,41,Female,1,2,2.9154,2.6294,0,2.82
S2759,D004,41,Female,2,3,2.6294,2.82,0,2.4
S2762,D004,40,Female,1,2,3.6538,3.7529,0,3.08
S2762,D004,40,Female,2,3,3.7529,3.08,0,3.9455
S2762,D004,40,Female,2,4,3.08,3.9455,0,3.5842
S2762,D004,40,Female,3,5,3.9455,3.5842,0,3.4952
S2764,D003,41,Female,1,2,3.4471,2.7667,0,2.82
S2764,D003,41,Female,2,3,2.7667,2.82,0,3.4176
S2765,D001,41,Male,1,2,2.7118,2.725,2,2.5125
S2766,D001,41,Male,1,2,3.1176,3.4,0,3.4625
S2766,D001,41,Male,2,3,3.4,3.4625,0,3.3412
S2767,D002,39,Male,1,2,2.9529,2.8812,0,3.125
S2767,D002,39,Male,2,3,2.8812,3.125,0,2.8882
S2767,D002,39,Male,2,4,3.125,2.8882,0,2.8917
S2767,D002,39,Male,3,5,2.8882,2.8917,0,2.9538
S2767,D002,39,Male,3,6,2.8917,2.9538,0,3.1667
S2770,D003,39,Female,1,2,3.0529,3.3056,0,3.1
S2770,D003,39,Female,2,3,3.3056,3.1,0,2.6471
S2770,D003,39,Female,2,4,3.1,2.6471,0,3.356
S2770,D003,39,Female,3,5,2.6471,3.356,0,3.0391
S2770,D003,39,Female,3,6,3.356,3.0391,0,3.0238
S2771,D005,40,Male,1,2,3.8647,3.7438,0,3.7947
S2771,D005,40,Male,2,3,3.7438,3.7947,0,3.5312
S2771,D005,40,Male,2,4,3.7947,3.5312,0,3.7929
S2772,D002,40,Male,1,2,2.8824,2.825,0,3.2125
S2772,D002,40,Male,2,3,2.825,3.2125,0,2.7706
S2772,D002,40,Male,2,4,3.2125,2.7706,0,3.3917
S2773,D002,41,Male,1,2,3.1235,3.125,0,2.9125
S2775,D002,41,Male,1,2,2.3647,2.0812,0,2.4625
S2776,D002,39,Female,1,2,3.3471,3.0625,0,3.175
S2776,D002,39,Female,2,3,3.0625,3.175,0,3.1412
S2776,D002,39,Female,2,4,3.175,3.1412,0,3.3167
S2776,D002,39,Female,3,5,3.1412,3.3167,0,3.3269
S2776,D002,39,Female,3,6,3.3167,3.3269,0,3.3111
S2777,D001,40,Female,1,2,3.1235,3.1375,0,3.1875
S2777,D001,40,Female,2,3,3.1375,3.1875,0,3.2824
S2777,D001,40,Female,2,4,3.1875,3.2824,0,3.45
S2777,D001,40,Female,3,5,3.2824,3.45,0,3.22
S2779,D002,41,Male,1,2,3.5176,3.0938,0,3.8
S2780,D001,41,Male,1,2,2.6882,3.4,0,3.3375
S2781,D002,41,Female,1,2,1.3412,2.025,8,2.3375
S2781,D002,41,Female,2,3,2.025,2.3375,14,2.0529
S2782,D002,41,Female,1,2,3.9176,3.8125,0,3.875
S2782,D002,41,Female,2,3,3.8125,3.875,0,3.9176
S2783,D005,40,Male,1,2,3.8294,3.4625,0,3.5158
S2783,D005,40,Male,2,3,3.4625,3.5158,0,2.9625
S2783,D005,40,Male,2,4,3.5158,2.9625,0,3.2143
S2783,D005,40,Male,3,5,2.9625,3.2143,0,3.0
S2784,D001,40,Male,1,2,3.7941,3.9,0,3.6375
S2784,D001,40,Male,2,3,3.9,3.6375,0,3.1824
S2784,D001,40,Male,2,4,3.6375,3.1824,0,3.7167
S2785,D003,39,Male,1,2,3.5118,3.2778,0,3.64
S2785,D003,39,Male,2,3,3.2778,3.64,0,3.7412
S2785,D003,39,Male,2,4,3.64,3.7412,0,3.312
S2785,D003,39,Male,3,5,3.7412,3.312,0,3.6217
S2785,D003,39,Male,3,6,3.312,3.6217,0,3.619
S2785,D003,39,Male,4,7,3.6217,3.619,0,3.82
S2786,D005,39,Female,1,2,3.3647,3.2562,0,3.1421
S2786,D005,39,Female,2,3,3.2562,3.1421,0,2.7
S2786,D005,39,Female,2,4,3.1421,2.7,0,3.3714
S2786,D005,39,Female,3,5,2.7,3.3714,0,1.3
S2786,D005,39,Female,3,6,3.3714,1.3,0,3.4375
S2788,D001,41,Male,1,2,3.1882,3.6312,0,3.5375
S2790,D004,39,Female,1,2,3.9538,3.4294,0,3.6
S2790,D004,39,Female,2,3,3.4294,3.6,0,4.0
S2790,D004,39,Female,2,4,3.6,4.0,0,3.7842
S2790,D004,39,Female,3,5,4.0,3.7842,0,3.5143
S2790,D004,39,Female,3,6,3.7842,3.5143,0,3.8769
S2790,D004,39,Female,4,7,3.5143,3.8769,0,4.0
S2792,D004,41,Female,1,2,3.0769,3.8941,0,2.8867
S2792,D004,41,Female,2,3,3.8941,2.8867,0,3.4455
S2793,D001,39,Female,1,2,3.4529,3.1813,0,3.3
S2793,D001,39,Female,2,3,3.1813,3.3,0,3.1412
S2793,D001,39,Female,2,4,3.3,3.1412,0,3.0583
S2793,D001,39,Female,3,5,3.1412,3.0583,0,2.976
S2793,D001,39,Female,3,6,3.0583,2.976,0,2.7625
S2793,D001,39,Female,4,7,2.976,2.7625,0,3.6
S2796,D002,41,Male,1,2,2.6118,2.5875,0,2.15
S2796,D002,41,Male,2,3,2.5875,2.15,0,2.4824
S2797,D003,41,Male,1,2,3.7176,3.6778,0,3.3333
S2798,D002,40,Male,1,2,3.0412,3.7375,0,3.5
S2798,D002,40,Male,2,3,3.7375,3.5,0,3.8471
S2798,D002,40,Male,2,4,3.5,3.8471,0,3.5917
S2799,D003,39,Male,1,2,3.5471,3.2611,0,3.1667
S2799,D003,39,Male,2,3,3.2611,3.1667,0,3.6765
S2799,D003,39,Male,2,4,3.1667,3.6765,0,3.28
S2799,D003,39,Male,3,5,3.6765,3.28,0,3.2826
S2799,D003,39,Male,3,6,3.28,3.2826,0,3.3429
S2799,D003,39,Male,4,7,3.2826,3.3429,0,3.58
S2800,D004,40,Male,1,2,3.8769,3.6882,0,3.9
S2800,D004,40,Male,2,3,3.6882,3.9,0,4.0
S2800,D004,40,Male,2,4,3.9,4.0,0,3.9526
S2801,D002,39,Female,1,2,3.7824,3.7,0,3.7875
S2801,D002,39,Female,2,3,3.7,3.7875,0,3.7176
S2801,D002,39,Female,2,4,3.7875,3.7176,0,3.525
S2801,D002,39,Female,3,5,3.7176,3.525,0,3.8462
S2801,D002,39,Female,3,6,3.525,3.8462,0,3.7444
S2802,D002,40,Male,1,2,2.9118,3.4688,0,3.175
S2802,D002,40,Male,2,3,3.4688,3.175,0,3.2529
S2802,D002,40,Male,2,4,3.175,3.2529,0,3.4917
S2803,D001,41,Female,1,2,3.2882,2.6062,0,3.3
S2803,D001,41,Female,2,3,2.6062,3.3,0,3.5529
S2804,D002,39,Male,1,2,3.2529,3.225,0,2.9
S2804,D002,39,Male,2,3,3.225,2.9,0,3.0882
S2804,D002,39,Male,2,4,2.9,3.0882,0,3.0583
S2804,D002,39,Male,3,5,3.0882,3.0583,0,2.9615
S2804,D002,39,Male,3,6,3.0583,2.9615,0,3.0111
S2805,D003,40,Female,1,2,2.9294,2.6667,0,3.1467
S2805,D003,40,Female,2,3,2.6667,3.1467,0,2.7706
S2805,D003,40,Female,2,4,3.1467,2.7706,0,2.824
S2808,D003,40,Male,1,2,3.6353,3.5278,0,3.9067
S2808,D003,40,Male,2,3,3.5278,3.9067,0,3.5706
S2808,D003,40,Male,2,4,3.9067,3.5706,0,3.696
S2808,D003,40,Male,3,5,3.5706,3.696,0,3.5696
S2809,D002,40,Female,1,2,2.9118,3.3438,0,3.225
S2809,D002,40,Female,2,3,3.3438,3.225,0,3.2059
S2809,D002,40,Female,2,4,3.225,3.2059,0,3.0833
S2811,D002,39,Female,1,2,3.5118,3.8688,0,3.6375
S2811,D002,39,Female,2,3,3.8688,3.6375,0,3.7941
S2811,D002,39,Female,2,4,3.6375,3.7941,0,3.3583
S2811,D002,39,Female,3,5,3.7941,3.3583,0,3.3923
S2811,D002,39,Female,3,6,3.3583,3.3923,0,3.5889
S2811,D002,39,Female,4,7,3.3923,3.5889,0,3.88
S2812,D005,41,Male,1,2,3.3235,2.9562,0,2.8474
S2812,D005,41,Male,2,3,2.9562,2.8474,0,3.2312
S2813,D002,41,Male,1,2,3.7529,3.7812,0,3.3875
S2814,D004,40,Male,1,2,3.5231,3.8765,0,3.6
S2814,D004,40,Male,2,3,3.8765,3.6,0,3.5818
S2814,D004,40,Male,2,4,3.6,3.5818,0,3.7105
S2815,D004,40,Male,1,2,2.7154,3.0529,0,2.4867
S2815,D004,40,Male,2,3,3.0529,2.4867,0,2.9727
S2815,D004,40,Male,2,4,2.4867,2.9727,0,2.7263
S2815,D004,40,Male,3,5,2.9727,2.7263,0,2.5476
S2816,D003,40,Male,1,2,3.5706,3.9333,0,3.7333
S2816,D003,40,Male,2,3,3.9333,3.7333,0,3.3235
S2816,D003,40,Male,2,4,3.7333,3.3235,0,3.872
S2817,D001,41,Male,1,2,3.7176,3.2875,0,3.7125
S2819,D004,40,Male,1,2,4.0,3.9647,0,3.96
S2819,D004,40,Male,2,3,3.9647,3.96,0,3.9455
S2819,D004,40,Male,2,4,3.96,3.9455,0,3.7947
S2822,D002,40,Male,1,2,3.6412,3.8,0,3.575
S2822,D002,40,Male,2,3,3.8,3.575,0,3.5529
S2822,D002,40,Male,2,4,3.575,3.5529,0,3.6917
S2824,D003,41,Male,1,2,2.9353,3.2111,0,3.0333
S2825,D001,40,Female,1,2,3.7588,3.6625,0,3.55
S2825,D001,40,Female,2,3,3.6625,3.55,0,3.9176
S2825,D001,40,Female,2,4,3.55,3.9176,0,3.6833
S2826,D003,40,Female,1,2,3.8588,3.55,0,3.6333
S2826,D003,40,Female,2,3,3.55,3.6333,0,3.7176
S2826,D003,40,Female,2,4,3.6333,3.7176,0,3.68
S2826,D003,40,Female,3,5,3.7176,3.68,0,3.6435
S2827,D003,40,Male,1,2,4.0,3.8556,0,4.0
S2827,D003,40,Male,2,3,3.8556,4.0,0,4.0
S2827,D003,40,Male,2,4,4.0,4.0,0,4.0
S2828,D001,40,Female,1,2,2.6647,2.7125,2,2.6625
S2828,D001,40,Female,2,3,2.7125,2.6625,5,2.2941
S2828,D001,40,Female,2,4,2.6625,2.2941,9,2.7917
S2828,D001,40,Female,3,5,2.2941,2.7917,13,2.792
S2829,D001,40,Male,1,2,3.5353,3.7312,0,3.1125
S2829,D001,40,Male,2,3,3.7312,3.1125,0,3.3588
S2829,D001,40,Male,2,4,3.1125,3.3588,0,3.4417
S2830,D003,39,Male,1,2,4.0,3.8333,0,3.96
S2830,D003,39,Male,2,3,3.8333,3.96,0,3.9647
S2830,D003,39,Male,2,4,3.96,3.9647,0,4.0
S2830,D003,39,Male,3,5,3.9647,4.0,0,4.0
S2830,D003,39,Male,3,6,4.0,4.0,0,3.9333
S2831,D004,41,Male,1,2,2.8846,3.5588,0,3.4
S2831,D004,41,Male,2,3,3.5588,3.4,0,3.5273
S2832,D003,39,Male,1,2,2.6,2.2722,2,2.86
S2832,D003,39,Male,2,3,2.2722,2.86,4,2.7941
S2832,D003,39,Male,2,4,2.86,2.7941,6,1.852
S2832,D003,39,Male,3,5,2.7941,1.852,9,2.713
S2832,D003,39,Male,3,6,1.852,2.713,12,2.7
S2833,D004,41,Male,1,2,2.9846,3.3471,0,3.62
S2835,D004,39,Female,1,2,3.7385,3.8471,0,3.88
S2835,D004,39,Female,2,3,3.8471,3.88,0,4.0
S2835,D004,39,Female,2,4,3.88,4.0,0,3.8158
S2835,D004,39,Female,3,5,4.0,3.8158,0,3.8571
S2835,D004,39,Female,3,6,3.8158,3.8571,0,3.9538
S2836,D002,41,Male,1,2,2.6059,2.575,0,2.675
S2836,D002,41,Male,2,3,2.575,2.675,0,2.3176
S2838,D003,40,Female,1,2,3.8471,3.8556,0,3.96
S2838,D003,40,Female,2,3,3.8556,3.96,0,3.7529
S2838,D003,40,Female,2,4,3.96,3.7529,0,3.976
S2838,D003,40,Female,3,5,3.7529,3.976,0,3.9609
S2839,D005,40,Male,1,2,3.9176,3.7562,0,4.0
S2839,D005,40,Male,2,3,3.7562,4.0,0,3.9125
S2839,D005,40,Male,2,4,4.0,3.9125,0,3.8071
S2839,D005,40,Male,3,5,3.9125,3.8071,0,2.7
S2840,D002,41,Male,1,2,4.0,4.0,0,4.0
S2840,D002,41,Male,2,3,4.0,4.0,0,4.0
S2841,D001,41,Male,1,2,3.8765,3.275,0,3.9125
S2844,D005,40,Male,1,2,3.0529,2.65,0,3.1947
S2844,D005,40,Male,2,3,2.65,3.1947,0,3.1875
S2844,D005,40,Male,2,4,3.1947,3.1875,0,3.1786
S2845,D005,41,Male,1,2,2.7412,2.7375,0,2.8947
S2847,D002,40,Female,1,2,2.8235,2.9812,0,2.9
S2847,D002,40,Female,2,3,2.9812,2.9,0,2.5824
S2847,D002,40,Female,2,4,2.9,2.5824,1,2.9833
S2848,D002,41,Female,1,2,3.8824,3.9438,0,3.75
S2848,D002,41,Female,2,3,3.9438,3.75,0,3.8765
S2849,D004,40,Male,1,2,2.9462,3.8,0,3.04
S2849,D004,40,Male,2,3,3.8,3.04,0,3.7636
S2849,D004,40,Male,2,4,3.04,3.7636,0,3.6842
S2849,D004,40,Male,3,5,3.7636,3.6842,0,3.819
S2850,D001,39,Female,1,2,3.3118,3.0875,0,3.4125
S2850,D001,39,Female,2,3,3.0875,3.4125,0,3.3529
S2850,D001,39,Female,2,4,3.4125,3.3529,0,3.4583
S2850,D001,39,Female,3,5,3.3529,3.4583,0,3.232
S2850,D001,39,Female,3,6,3.4583,3.232,0,3.1
S2851,D005,41,Male,1,2,3.8,3.9438,0,3.7316
S2852,D002,39,Male,1,2,2.2706,3.0562,0,3.3375
S2852,D002,39,Male,2,3,3.0562,3.3375,0,2.6294
S2852,D002,39,Male,2,4,3.3375,2.6294,0,3.2583
S2852,D002,39,Male,3,5,2.6294,3.2583,0,2.8923
S2852,D002,39,Male,3,6,3.2583,2.8923,0,2.6111
S2852,D002,39,Male,4,7,2.8923,2.6111,0,2.5
S2853,D003,41,Female,1,2,3.4353,3.5333,0,3.3
S2853,D003,41,Female,2,3,3.5333,3.3,0,3.5588
S2856,D003,41,Male,1,2,3.7235,3.5889,0,3.7333
S2857,D004,39,Male,1,2,3.4154,3.1235,0,3.5333
S2857,D004,39,Male,2,3,3.1235,3.5333,0,2.8727
S2857,D004,39,Male,2,4,3.5333,2.8727,0,3.2368
S2857,D004,39,Male,3,5,2.8727,3.2368,0,3.0857
S2857,D004,39,Male,3,6,3.2368,3.0857,0,3.6769
S2857,D004,39,Male,4,7,3.0857,3.6769,0,2.7
S2858,D002,40,Male,1,2,3.6176,3.75,0,3.9625
S2858,D002,40,Male,2,3,3.75,3.9625,0,3.6529
S2858,D002,40,Male,2,4,3.9625,3.6529,0,3.8333
S2859,D001,39,Male,1,2,2.2353,2.625,2,2.8375
S2859,D001,39,Male,2,3,2.625,2.8375,3,2.5647
S2859,D001,39,Male,2,4,2.8375,2.5647,4,2.7667
S2859,D001,39,Male,3,5,2.5647,2.7667,5,2.86
S2859,D001,39,Male,3,6,2.7667,2.86,6,2.85
S2860,D004,40,Female,1,2,3.7154,3.7353,0,3.0467
S2860,D004,40,Female,2,3,3.7353,3.0467,0,3.2273
S2860,D004,40,Female,2,4,3.0467,3.2273,0,3.3895
S2861,D002,41,Female,1,2,3.6882,3.6938,0,3.5
S2862,D004,40,Female,1,2,3.3692,3.3941,0,3.68
S2862,D004,40,Female,2,3,3.3941,3.68,0,3.8182
S2862,D004,40,Female,2,4,3.68,3.8182,0,3.8211
S2862,D004,40,Female,3,5,3.8182,3.8211,0,3.8048
S2863,D001,40,Male,1,2,3.8647,3.2,0,3.525
S2863,D001,40,Male,2,3,3.2,3.525,0,3.2529
S2863,D001,40,Male,2,4,3.525,3.2529,0,3.2
S2864,D003,41,Male,1,2,3.4529,3.3444,0,3.3933
S2865,D003,41,Male,1,2,2.2353,2.5889,0,1.8933
S2866,D002,39,Female,1,2,3.2118,3.2875,0,3.5
S2866,D002,39,Female,2,3,3.2875,3.5,0,3.0941
S2866,D002,39,Female,2,4,3.5,3.0941,0,3.3667
S2866,D002,39,Female,3,5,3.0941,3.3667,0,3.2192
S2866,D002,39,Female,3,6,3.3667,3.2192,0,3.5889
S2866,D002,39,Female,4,7,3.2192,3.5889,0,3.4
S2867,D001,40,Female,1,2,4.0,4.0,0,4.0
S2867,D001,40,Female,2,3,4.0,4.0,0,4.0
S2867,D001,40,Female,2,4,4.0,4.0,0,4.0
S2867,D001,40,Female,3,5,4.0,4.0,0,3.976
S2868,D005,41,Male,1,2,2.7765,3.4688,0,3.0053
S2869,D004,40,Male,1,2,3.3692,3.7588,0,3.48
S2869,D004,40,Male,2,3,3.7588,3.48,0,3.7636
S2869,D004,40,Male,2,4,3.48,3.7636,0,3.2211
S2870,D002,40,Male,1,2,3.5941,3.6812,0,3.625
S2870,D002,40,Male,2,3,3.6812,3.625,0,3.5824
S2870,D002,40,Male,2,4,3.625,3.5824,0,3.475
S2871,D002,39,Male,1,2,4.0,3.9125,0,3.9625
S2871,D002,39,Male,2,3,3.9125,3.9625,0,3.9471
S2871,D002,39,Male,2,4,3.9625,3.9471,0,3.9167
S2871,D002,39,Male,3,5,3.9471,3.9167,0,3.9769
S2871,D002,39,Male,3,6,3.9167,3.9769,0,4.0
S2872,D003,41,Male,1,2,3.0765,3.5833,0,3.56
S2873,D001,40,Male,1,2,2.9118,2.7,0,3.1625
S2873,D001,40,Male,2,3,2.7,3.1625,0,2.6529
S2873,D001,40,Male,2,4,3.1625,2.6529,0,2.625
S2874,D001,41,Female,1,2,3.8824,3.9625,0,4.0
S2874,D001,41,Female,2,3,3.9625,4.0,0,4.0
S2875,D004,40,Male,1,2,3.0154,3.1412,0,2.8933
S2875,D004,40,Male,2,3,3.1412,2.8933,0,3.3545
S2875,D004,40,Male,2,4,2.8933,3.3545,0,3.3632
S2876,D002,41,Male,1,2,3.3647,2.65,0,3.0
S2876,D002,41,Male,2,3,2.65,3.0,0,3.1059
S2877,D001,40,Male,1,2,3.8471,4.0,0,3.9625
S2877,D001,40,Male,2,3,4.0,3.9625,0,3.8824
S2877,D001,40,Male,2,4,3.9625,3.8824,0,3.8333
S2880,D002,40,Male,1,2,3.4412,3.325,0,3.925
S2880,D002,40,Male,2,3,3.325,3.925,0,3.4529
S2880,D002,40,Male,2,4,3.925,3.4529,0,3.3917
S2880,D002,40,Male,3,5,3.4529,3.3917,0,3.5192
S2881,D001,40,Male,1,2,3.0471,2.6625,0,3.1625
S2881,D001,40,Male,2,3,2.6625,3.1625,0,3.5353
S2881,D001,40,Male,2,4,3.1625,3.5353,0,3.1917
S2882,D005,41,Female,1,2,3.4706,3.8125,0,3.3789
S2883,D003,40,Male,1,2,3.6765,3.6167,0,3.3667
S2883,D003,40,Male,2,3,3.6167,3.3667,0,3.5412
S2883,D003,40,Male,2,4,3.3667,3.5412,0,3.316
S2884,D001,39,Female,1,2,3.5235,3.4938,0,3.925
S2884,D001,39,Female,2,3,3.4938,3.925,0,3.6824
S2884,D001,39,Female,2,4,3.925,3.6824,0,3.5583
S2884,D001,39,Female,3,5,3.6824,3.5583,0,3.432
S2884,D001,39,Female,3,6,3.5583,3.432,0,3.725
S2884,D001,39,Female,4,7,3.432,3.725,0,3.72
S2885,D002,40,Female,1,2,2.7294,2.1312,1,2.4875
S2885,D002,40,Female,2,3,2.1312,2.4875,2,2.5118
S2885,D002,40,Female,2,4,2.4875,2.5118,3,2.3917
S2886,D002,40,Male,1,2,3.9176,3.5688,0,3.7125
S2886,D002,40,Male,2,3,3.5688,3.7125,0,3.9118
S2886,D002,40,Male,2,4,3.7125,3.9118,0,3.8917
S2889,D002,40,Male,1,2,3.5412,3.8375,0,3.7875
S2889,D002,40,Male,2,3,3.8375,3.7875,0,3.6529
S2889,D002,40,Male,2,4,3.7875,3.6529,0,3.4667
S2890,D003,39,Female,1,2,4.0,3.9833,0,4.0
S2890,D003,39,Female,2,3,3.9833,4.0,0,4.0
S2890,D003,39,Female,2,4,4.0,4.0,0,3.976
S2890,D003,39,Female,3,5,4.0,3.976,0,4.0
S2890,D003,39,Female,3,6,3.976,4.0,0,4.0
S2890,D003,39,Female,4,7,4.0,4.0,0,4.0
S2891,D002,39,Female,1,2,3.3529,3.2625,0,3.55
S2891,D002,39,Female,2,3,3.2625,3.55,0,3.7529
S2891,D002,39,Female,2,4,3.55,3.7529,0,3.275
S2891,D002,39,Female,3,5,3.7529,3.275,0,3.3231
S2891,D002,39,Female,3,6,3.275,3.3231,0,3.4111
S2894,D003,39,Female,1,2,3.3647,3.7222,0,3.8667
S2894,D003,39,Female,2,3,3.7222,3.8667,0,3.6529
S2894,D003,39,Female,2,4,3.8667,3.6529,0,3.444
S2894,D003,39,Female,3,5,3.6529,3.444,0,3.5565
S2894,D003,39,Female,3,6,3.444,3.5565,0,3.6476
S2895,D004,40,Female,1,2,3.9308,3.8412,0,3.86
S2895,D004,40,Female,2,3,3.8412,3.86,0,3.6364
S2895,D004,40,Female,2,4,3.86,3.6364,0,3.8895
S2895,D004,40,Female,3,5,3.6364,3.8895,0,3.8714
S2897,D004,41,Male,1,2,3.1,3.0941,0,2.68
S2897,D004,41,Male,2,3,3.0941,2.68,0,1.9364
S2899,D005,40,Female,1,2,3.3059,3.4438,0,3.8421
S2899,D005,40,Female,2,3,3.4438,3.8421,0,3.8188
S2899,D005,40,Female,2,4,3.8421,3.8188,0,4.0
S2900,D002,41,Female,1,2,3.6118,3.35,0,3.2125
S2901,D001,41,Male,1,2,2.9824,3.0312,0,2.575
S2901,D001,41,Male,2,3,3.0312,2.575,0,3.0
S2905,D001,39,Male,1,2,3.1235,3.075,0,3.4625
S2905,D001,39,Male,2,3,3.075,3.4625,0,3.1824
S2905,D001,39,Male,2,4,3.4625,3.1824,0,3.475
S2905,D001,39,Male,3,5,3.1824,3.475,0,3.476
S2905,D001,39,Male,3,6,3.475,3.476,0,3.5
S2905,D001,39,Male,4,7,3.476,3.5,0,3.72
S2906,D001,40,Male,1,2,3.6353,3.7188,0,3.6625
S2906,D001,40,Male,2,3,3.7188,3.6625,0,3.7
S2906,D001,40,Male,2,4,3.6625,3.7,0,3.7833
S2907,D003,41,Male,1,2,3.7941,3.8,0,3.68
S2907,D003,41,Male,2,3,3.8,3.68,0,3.7941
S2908,D005,40,Male,1,2,2.5647,3.0375,0,2.5474
S2908,D005,40,Male,2,3,3.0375,2.5474,0,2.7938
S2908,D005,40,Male,2,4,2.5474,2.7938,0,2.9643
S2909,D003,41,Female,1,2,2.9,2.65,1,3.32
S2910,D005,40,Male,1,2,3.9647,3.9625,0,4.0
S2910,D005,40,Male,2,3,3.9625,4.0,0,4.0
S2910,D005,40,Male,2,4,4.0,4.0,0,4.0
S2911,D001,41,Male,1,2,2.6941,2.6688,0,2.4125
S2911,D001,41,Male,2,3,2.6688,2.4125,1,3.0588
S2912,D001,39,Male,1,2,3.5882,3.5688,0,3.6625
S2912,D001,39,Male,2,3,3.5688,3.6625,0,3.8118
S2912,D001,39,Male,2,4,3.6625,3.8118,0,3.6167
S2912,D001,39,Male,3,5,3.8118,3.6167,0,3.952
S2912,D001,39,Male,3,6,3.6167,3.952,0,3.5375
S2912,D001,39,Male,4,7,3.952,3.5375,0,3.7
S2915,D003,39,Female,1,2,4.0,4.0,0,3.9067
S2915,D003,39,Female,2,3,4.0,3.9067,0,4.0
S2915,D003,39,Female,2,4,3.9067,4.0,0,4.0
S2915,D003,39,Female,3,5,4.0,4.0,0,3.9435
S2915,D003,39,Female,3,6,4.0,3.9435,0,3.9
S2915,D003,39,Female,4,7,3.9435,3.9,0,4.0
S2916,D001,41,Female,1,2,2.0353,2.2188,3,2.2
S2916,D001,41,Female,2,3,2.2188,2.2,5,2.2824
S2917,D005,41,Female,1,2,4.0,4.0,0,4.0
S2918,D001,41,Male,1,2,3.7059,3.7938,0,3.825
S2918,D001,41,Male,2,3,3.7938,3.825,0,3.8824
S2919,D001,40,Male,1,2,3.4118,3.7,0,3.4625
S2919,D001,40,Male,2,3,3.7,3.4625,0,3.1059
S2919,D001,40,Male,2,4,3.4625,3.1059,0,3.3333
S2919,D001,40,Male,3,5,3.1059,3.3333,0,3.624
S2920,D002,40,Male,1,2,3.5118,3.8438,0,3.7125
S2920,D002,40,Male,2,3,3.8438,3.7125,0,3.6471
S2920,D002,40,Male,2,4,3.7125,3.6471,0,3.8417
S2924,D002,40,Male,1,2,3.2471,3.0,0,3.4625
S2924,D002,40,Male,2,3,3.0,3.4625,0,3.3353
S2924,D002,40,Male,2,4,3.4625,3.3353,0,3.3917
S2924,D002,40,Male,3,5,3.3353,3.3917,0,3.3038
S2925,D001,39,Female,1,2,3.6059,3.5688,0,3.675
S2925,D001,39,Female,2,3,3.5688,3.675,0,3.5176
S2925,D001,39,Female,2,4,3.675,3.5176,0,3.3333
S2925,D001,39,Female,3,5,3.5176,3.3333,0,3.312
S2925,D001,39,Female,3,6,3.3333,3.312,0,3.1125
S2925,D001,39,Female,4,7,3.312,3.1125,0,3.28
S2926,D002,39,Male,1,2,3.3882,3.4,0,3.625
S2926,D002,39,Male,2,3,3.4,3.625,0,3.8294
S2926,D002,39,Male,2,4,3.625,3.8294,0,3.6083
S2926,D002,39,Male,3,5,3.8294,3.6083,0,3.5346
S2926,D002,39,Male,3,6,3.6083,3.5346,0,3.6333
S2926,D002,39,Male,4,7,3.5346,3.6333,0,3.4
S2928,D002,41,Male,1,2,3.6235,4.0,0,3.9625
S2928,D002,41,Male,2,3,4.0,3.9625,0,3.7118
S2929,D005,39,Female,1,2,3.7412,3.8688,0,4.0
S2929,D005,39,Female,2,3,3.8688,4.0,0,3.9125
S2929,D005,39,Female,2,4,4.0,3.9125,0,4.0
S2929,D005,39,Female,3,5,3.9125,4.0,0,4.0
S2929,D005,39,Female,3,6,4.0,4.0,0,3.8375
S2929,D005,39,Female,4,7,4.0,3.8375,0,3.9067
S2934,D005,39,Male,1,2,3.0706,3.4812,0,3.3
S2934,D005,39,Male,2,3,3.4812,3.3,0,3.4
S2934,D005,39,Male,2,4,3.3,3.4,0,3.1643
S2934,D005,39,Male,3,5,3.4,3.1643,0,4.0
S2934,D005,39,Male,3,6,3.1643,4.0,0,3.5
S2935,D005,39,Female,1,2,2.5471,2.8125,0,2.4526
S2935,D005,39,Female,2,3,2.8125,2.4526,1,2.7688
S2935,D005,39,Female,2,4,2.4526,2.7688,2,1.8357
S2935,D005,39,Female,3,5,2.7688,1.8357,4,1.7
S2935,D005,39,Female,3,6,1.8357,1.7,6,2.7958
S2935,D005,39,Female,4,7,1.7,2.7958,8,2.6933
S2936,D002,40,Female,1,2,3.8471,3.625,0,3.9625
S2936,D002,40,Female,2,3,3.625,3.9625,0,3.7941
S2936,D002,40,Female,2,4,3.9625,3.7941,0,3.8417
S2936,D002,40,Female,3,5,3.7941,3.8417,0,3.9769
S2938,D003,41,Male,1,2,3.9235,3.6389,0,3.58
S2938,D003,41,Male,2,3,3.6389,3.58,0,3.6706
S2939,D002,40,Male,1,2,3.9647,3.8688,0,3.8375
S2939,D002,40,Male,2,3,3.8688,3.8375,0,4.0
S2939,D002,40,Male,2,4,3.8375,4.0,0,3.8417
S2941,D002,41,Male,1,2,2.8529,3.0375,0,2.95
S2942,D001,39,Male,1,2,3.8,3.2562,0,2.9625
S2942,D001,39,Male,2,3,3.2562,2.9625,0,3.1353
S2942,D001,39,Male,2,4,2.9625,3.1353,0,3.55
S2942,D001,39,Male,3,5,3.1353,3.55,0,3.052
S2942,D001,39,Male,3,6,3.55,3.052,0,2.8875
S2942,D001,39,Male,4,7,3.052,2.8875,0,3.14
S2943,D001,40,Female,1,2,2.6706,3.325,0,2.9625
S2943,D001,40,Female,2,3,3.325,2.9625,0,2.7118
S2943,D001,40,Female,2,4,2.9625,2.7118,0,2.9083
S2946,D003,41,Male,1,2,3.9647,3.8333,0,3.7467
S2946,D003,41,Male,2,3,3.8333,3.7467,0,3.9647
S2949,D003,40,Male,1,2,3.9471,3.9333,0,3.92
S2949,D003,40,Male,2,3,3.9333,3.92,0,3.9471
S2949,D003,40,Male,2,4,3.92,3.9471,0,3.872
S2949,D003,40,Male,3,5,3.9471,3.872,0,3.8174
S2950,D003,40,Female,1,2,2.7941,3.1,0,2.8267
S2950,D003,40,Female,2,3,3.1,2.8267,0,2.7118
S2950,D003,40,Female,2,4,2.8267,2.7118,1,3.044
S2950,D003,40,Female,3,5,2.7118,3.044,2,2.9652
S2953,D003,41,Male,1,2,2.8294,3.05,0,2.5733
S2955,D005,41,Female,1,2,3.5941,3.9625,0,3.7842
S2955,D005,41,Female,2,3,3.9625,3.7842,0,3.9625
S2958,D001,40,Male,1,2,2.3647,2.7625,0,2.625
S2958,D001,40,Male,2,3,2.7625,2.625,0,2.8588
S2958,D001,40,Male,2,4,2.625,2.8588,0,2.8333
S2958,D001,40,Male,3,5,2.8588,2.8333,0,2.688
S2961,D003,41,Female,1,2,3.8765,4.0,0,4.0
S2961,D003,41,Female,2,3,4.0,4.0,0,4.0
S2962,D005,40,Male,1,2,2.8059,3.0188,0,2.8526
S2962,D005,40,Male,2,3,3.0188,2.8526,0,3.2688
S2962,D005,40,Male,2,4,2.8526,3.2688,0,3.1571
S2963,D005,41,Male,1,2,3.7353,3.7562,0,3.8105
S2966,D002,40,Male,1,2,3.8471,3.8938,0,3.6625
S2966,D002,40,Male,2,3,3.8938,3.6625,0,3.5529
S2966,D002,40,Male,2,4,3.6625,3.5529,0,3.6333
S2967,D003,41,Male,1,2,3.4,3.6833,0,3.7867
S2968,D005,41,Male,1,2,3.8471,4.0,0,3.5263
S2968,D005,41,Male,2,3,4.0,3.5263,0,3.5438
S2971,D001,41,Male,1,2,3.1647,2.8188,0,3.15
S2971,D001,41,Male,2,3,2.8188,3.15,0,2.9882
S2973,D004,41,Male,1,2,3.7462,3.5294,0,3.5867
S2975,D003,41,Male,1,2,3.3353,3.1611,0,3.12
S2975,D003,41,Male,2,3,3.1611,3.12,0,3.1176
S2976,D002,40,Male,1,2,3.6882,3.6812,0,3.4625
S2976,D002,40,Male,2,3,3.6812,3.4625,0,3.7118
S2976,D002,40,Male,2,4,3.4625,3.7118,0,3.525
S2976,D002,40,Male,3,5,3.7118,3.525,0,3.2192
S2977,D002,41,Male,1,2,3.8294,3.9625,0,3.9625
S2977,D002,41,Male,2,3,3.9625,3.9625,0,4.0
S2978,D002,39,Male,1,2,1.9529,2.3375,0,3.0
S2978,D002,39,Male,2,3,2.3375,3.0,0,2.3529
S2978,D002,39,Male,2,4,3.0,2.3529,0,2.7333
S2978,D002,39,Male,3,5,2.3529,2.7333,0,2.4154
S2978,D002,39,Male,3,6,2.7333,2.4154,0,2.4444
S2980,D002,41,Female,1,2,3.5294,3.9125,0,3.8
S2982,D002,41,Male,1,2,2.3353,2.925,2,2.3375
S2983,D002,41,Female,1,2,3.7941,3.2938,0,3.3375
S2984,D002,41,Male,1,2,2.6941,3.05,0,3.0875
S2985,D001,41,Male,1,2,3.7824,3.6812,0,3.9625
S2987,D001,40,Male,1,2,3.7294,3.775,0,3.8
S2987,D001,40,Male,2,3,3.775,3.8,0,3.7235
S2987,D001,40,Male,2,4,3.8,3.7235,0,3.5833
S2988,D001,40,Male,1,2,3.5588,3.7062,0,3.8
S2988,D001,40,Male,2,3,3.7062,3.8,0,3.5294
S2988,D001,40,Male,2,4,3.8,3.5294,0,3.7833
S2988,D001,40,Male,3,5,3.5294,3.7833,0,3.764
S2990,D004,41,Male,1,2,3.0385,3.0,0,3.72
S2990,D004,41,Male,2,3,3.0,3.72,0,2.9182
S2991,D003,40,Male,1,2,3.7941,3.6778,0,3.5667
S2991,D003,40,Male,2,3,3.6778,3.5667,0,3.8
S2991,D003,40,Male,2,4,3.5667,3.8,0,3.736
S2991,D003,40,Male,3,5,3.8,3.736,0,3.8522
S2992,D004,40,Male,1,2,3.8231,4.0,0,3.9067
S2992,D004,40,Male,2,3,4.0,3.9067,0,4.0
S2992,D004,40,Male,2,4,3.9067,4.0,0,3.9263
S2992,D004,40,Male,3,5,4.0,3.9263,0,3.9333
S2994,D003,40,Male,1,2,3.6412,3.5611,0,3.6
S2994,D003,40,Male,2,3,3.5611,3.6,0,3.9647
S2994,D003,40,Male,2,4,3.6,3.9647,0,3.864
S2994,D003,40,Male,3,5,3.9647,3.864,0,3.913
S2995,D003,39,Female,1,2,3.6118,3.6722,0,3.46
S2995,D003,39,Female,2,3,3.6722,3.46,0,3.2529
S2995,D003,39,Female,2,4,3.46,3.2529,0,3.328
S2995,D003,39,Female,3,5,3.2529,3.328,0,3.4261
S2995,D003,39,Female,3,6,3.328,3.4261,0,3.2857
S2997,D001,39,Male,1,2,3.3118,3.1625,2,3.7625
S2997,D001,39,Male,2,3,3.1625,3.7625,3,3.5824
S2997,D001,39,Male,2,4,3.7625,3.5824,4,3.2
S2997,D001,39,Male,3,5,3.5824,3.2,5,3.428
S2997,D001,39,Male,3,6,3.2,3.428,6,3.575
S3000,D004,41,Male,1,2,3.6154,3.9118,0,3.8267
