Student_ID,Registration_No,Name,Gender,Intake,Degree_ID,Current_Year,Current_Semester,Current_SGPA,Previous_SGPA,FGPA,Attendance_Percentage,Attendance_Approved,Fee_Paid,Exam_Eligibility,Repeated_Courses,Student_Status,Academic_Risk
S0001,D/BSE/25/0005,Student_A,Female,42,D001,1,1,3.5714,0.0,3.5714,94,Yes,Yes,Eligible,0,Completed,Low Risk
S0002,D/BSE/25/0006,Student_B,Female,42,D001,1,1,2.5571,0.0,2.5571,82,Yes,Yes,Eligible,0,Completed,Medium Risk
S0003,D/BSE/25/0012,Student_C,Male,42,D001,1,1,3.7571,0.0,3.7571,96,Yes,Yes,Eligible,0,Completed,Low Risk
S0004,D/BSE/25/0013,Student_D,Male,42,D001,1,1,2.3905,0.0,2.3905,72,No,Yes,Not Eligible,1,Not Completed,Medium Risk
S0005,D/BSE/25/0019,Student_E,Male,42,D001,1,1,2.6476,0.0,2.6476,78,Yes,Yes,Eligible,0,Completed,Medium Risk
S0006,D/BCS/25/0006,Student_F,Male,42,D002,1,1,3.9571,0.0,3.9571,97,Yes,Yes,Eligible,0,Completed,Low Risk
S0007,D/BCS/25/0016,Student_G,Male,42,D002,1,1,3.7095,0.0,3.7095,86,Yes,Yes,Eligible,0,Completed,Low Risk
S0008,D/BCS/25/0018,Student_H,Male,42,D002,1,1,2.4381,0.0,2.4381,68,No,Yes,Not Eligible,1,Not Completed,Medium Risk
S0009,D/BCS/25/0023,Student_I,Male,42,D002,1,1,3.7857,0.0,3.7857,91,Yes,Yes,Eligible,0,Completed,Low Risk
S0010,D/BCS/25/0029,Student_J,Male,42,D002,1,1,3.0952,0.0,3.0952,83,Yes,Yes,Eligible,0,Completed,Low Risk
S0011,D/COE/25/0002,Student_K,Male,42,D003,1,1,3.8048,0.0,3.8048,95,Yes,Yes,Eligible,0,Completed,Low Risk
S0012,D/COE/25/0008,Student_L,Male,42,D003,1,1,3.8048,0.0,3.8048,92,Yes,Yes,Eligible,0,Completed,Low Risk
S0013,D/COE/25/0019,Student_M,Male,42,D003,1,1,2.6619,0.0,2.6619,76,Yes,Yes,Eligible,0,Completed,Medium Risk
S0014,D/COE/25/0021,Student_N,Male,42,D003,1,1,3.5714,0.0,3.5714,89,Yes,Yes,Eligible,0,Completed,Low Risk
S0015,D/COE/25/0025,Student_O,Male,42,D003,1,1,3.0333,0.0,3.0333,79,Yes,Yes,Eligible,0,Completed,Low Risk
S0016,D/DBA/25/0006,Student_P,Female,42,D004,1,1,2.3812,0.0,2.3812,94,Yes,Yes,Eligible,0,Completed,Medium Risk
S0017,D/DBA/25/0011,Student_Q,Male,42,D004,1,1,3.7875,0.0,3.7875,82,Yes,Yes,Eligible,0,Completed,Low Risk
S0018,D/DBA/25/0031,Student_R,Male,42,D004,1,1,2.1125,0.0,2.1125,96,Yes,Yes,Eligible,2,Not Completed,High Risk
S0019,D/DBA/25/0035,Student_S,Male,42,D004,1,1,3.8625,0.0,3.8625,72,Yes,Yes,Eligible,0,Completed,Low Risk
S0020,D/DBA/25/0027,Student_T,Male,42,D004,1,1,2.3312,0.0,2.3312,78,Yes,Yes,Eligible,1,Not Completed,Medium Risk
S0021,D/ICT/25/0001,Student_U,Male,42,D005,1,1,3.4211,0.0,3.4211,92,Yes,Yes,Eligible,0,Completed,Low Risk
S0022,D/ICT/25/0002,Student_V,Female,42,D005,1,1,3.1789,0.0,3.1789,88,Yes,Yes,Eligible,0,Completed,Low Risk
S0023,D/ICT/25/0003,Student_W,Male,42,D005,1,1,2.0211,0.0,2.0211,95,Yes,Yes,Eligible,1,Not Completed,Medium Risk
S0024,D/ICT/25/0004,Student_X,Female,42,D005,1,1,3.6789,0.0,3.6789,85,Yes,Yes,Eligible,0,Completed,Low Risk
S0025,D/ICT/25/0005,Student_Y,Male,42,D005,1,1,3.0053,0.0,3.0053,84,Yes,Yes,Eligible,0,Completed,Low Risk
S0026,D/DBA/25/0036,Student_0026,Male,40,D004,3,5,3.4,3.4571,3.4345,67,No,Yes,Not Eligible,0,Completed,Low Risk
S0027,D/BCS/25/0037,Student_0027,Female,40,D002,3,6,3.45,3.3692,3.44,87,No,Yes,Eligible,0,Completed,Low Risk
S0028,D/ICT/25/0038,Student_0028,Male,40,D005,3,6,3.3,3.13,3.2509,85,No,Yes,Eligible,0,Completed,Low Risk
S0029,D/BSE/25/0039,Student_0029,Male,42,D001,1,1,3.0048,0.0,3.0048,80,No,Yes,Eligible,0,Completed,Low Risk
S0030,D/DBA/25/0040,Student_0030,Female,39,D004,4,8,2.7,3.1231,3.2829,99,No,Yes,Eligible,0,Completed,Low Risk
S0031,D/BSE/25/0041,Student_0031,Female,41,D001,2,3,3.08,3.1278,2.9797,88,No,Yes,Eligible,0,Completed,Medium Risk
S0032,D/ICT/25/0042,Student_0032,Male,40,D005,3,6,4.0,3.15,3.4482,85,No,Yes,Eligible,0,Completed,Low Risk
S0033,D/COE/25/0043,Student_0033,Male,41,D003,2,4,4.0,4.0,3.9532,85,No,Yes,Eligible,0,Completed,Low Risk
S0034,D/ICT/25/0044,Student_0034,Female,41,D005,2,3,3.113,3.745,3.4065,88,No,Yes,Eligible,0,Completed,Low Risk
S0035,D/DBA/25/0045,Student_0035,Male,40,D004,3,5,3.7579,3.6143,3.4464,84,No,Yes,Eligible,0,Completed,Low Risk
S0036,D/BSE/25/0046,Student_0036,Female,41,D001,2,4,2.8053,3.2,3.0385,84,No,Yes,Eligible,0,Completed,Low Risk
S0037,D/ICT/25/0047,Student_0037,Male,42,D005,1,2,3.46,3.2158,3.341,78,Yes,Yes,Eligible,0,Completed,Low Risk
S0038,D/BSE/25/0048,Student_0038,Male,41,D001,2,3,3.9,3.9222,3.878,86,No,Yes,Eligible,0,Completed,Low Risk
S0039,D/BCS/25/0049,Student_0039,Male,42,D002,1,1,3.5333,0.0,3.5333,84,No,Yes,Eligible,0,Completed,Low Risk
S0040,D/DBA/25/0050,Student_0040,Male,39,D004,4,8,3.7,3.4692,3.5386,96,No,Yes,Eligible,0,Completed,Low Risk
S0041,D/ICT/25/0051,Student_0041,Female,42,D005,1,2,3.825,3.8316,3.8282,89,No,Yes,Eligible,0,Completed,Low Risk
S0042,D/BCS/25/0052,Student_0042,Male,40,D002,3,6,2.1385,2.3538,2.2015,81,No,Yes,Eligible,4,Not Completed,High Risk
S0043,D/BCS/25/0053,Student_0043,Male,42,D002,1,2,3.7111,3.3667,3.5256,89,No,Yes,Eligible,0,Completed,Low Risk
S0044,D/ICT/25/0054,Student_0044,Male,40,D005,3,5,3.935,3.8409,3.8962,90,No,Yes,Eligible,0,Completed,Low Risk
S0045,D/BCS/25/0055,Student_0045,Female,40,D002,3,5,3.0462,3.4368,3.1221,87,No,Yes,Eligible,0,Completed,Low Risk
S0046,D/BSE/25/0056,Student_0046,Female,41,D001,2,3,2.74,2.2278,2.5763,84,No,Yes,Eligible,1,Not Completed,Medium Risk
S0047,D/DBA/25/0057,Student_0047,Male,42,D004,1,1,2.925,0.0,2.925,79,Yes,Yes,Eligible,0,Completed,Medium Risk
S0048,D/ICT/25/0058,Student_0048,Female,41,D005,2,4,3.1136,3.7826,3.594,68,Yes,Yes,Eligible,1,Not Completed,Low Risk
S0049,D/ICT/25/0059,Student_0049,Male,40,D005,3,5,3.36,3.5818,3.3933,84,No,No,Not Eligible,0,Completed,Low Risk
S0050,D/COE/25/0060,Student_0050,Female,42,D003,1,2,3.69,3.6048,3.6463,90,No,Yes,Eligible,0,Completed,Low Risk
S0051,D/BCS/25/0061,Student_0051,Male,41,D002,2,3,2.97,3.15,3.0695,77,No,Yes,Not Eligible,0,Completed,Low Risk
S0052,D/ICT/25/0062,Student_0052,Male,42,D005,1,2,3.895,3.3947,3.6513,88,No,Yes,Eligible,0,Completed,Low Risk
S0053,D/BSE/25/0063,Student_0053,Male,41,D001,2,3,2.94,3.0444,3.078,91,No,Yes,Eligible,0,Completed,Low Risk
S0054,D/DBA/25/0064,Student_0054,Male,40,D004,3,6,3.6381,3.3105,3.4124,64,Yes,Yes,Eligible,0,Completed,Low Risk
S0055,D/ICT/25/0065,Student_0055,Male,41,D005,2,3,3.7696,4.0,3.9145,82,No,Yes,Eligible,0,Completed,Low Risk
S0056,D/DBA/25/0066,Student_0056,Male,39,D004,4,7,2.8385,3.4857,3.1878,89,No,Yes,Eligible,0,Completed,Low Risk
S0057,D/BCS/25/0067,Student_0057,Female,40,D002,3,5,3.7692,3.8,3.6413,73,No,Yes,Not Eligible,0,Completed,Low Risk
S0058,D/BCS/25/0068,Student_0058,Male,42,D002,1,1,3.2429,0.0,3.2429,75,No,Yes,Not Eligible,0,Completed,Low Risk
S0059,D/COE/25/0069,Student_0059,Male,41,D003,2,4,3.7421,3.7474,3.738,93,No,No,Not Eligible,0,Completed,Low Risk
S0060,D/BSE/25/0070,Student_0060,Female,42,D001,1,1,3.8095,0.0,3.8095,91,No,Yes,Eligible,0,Completed,Low Risk
S0061,D/ICT/25/0071,Student_0061,Male,40,D005,3,5,3.755,3.9864,3.8663,83,No,Yes,Eligible,0,Completed,Low Risk
S0062,D/COE/25/0072,Student_0062,Male,39,D003,4,8,2.72,3.1429,3.1341,100,No,Yes,Eligible,0,Completed,Low Risk
S0063,D/COE/25/0073,Student_0063,Female,42,D003,1,1,2.9571,0.0,2.9571,92,No,Yes,Eligible,0,Completed,Medium Risk
S0064,D/DBA/25/0074,Student_0064,Male,41,D004,2,4,2.0643,2.1944,1.8092,73,Yes,Yes,Eligible,5,Not Completed,High Risk
S0065,D/DBA/25/0075,Student_0065,Male,40,D004,3,6,3.381,3.3579,3.4276,87,No,Yes,Eligible,0,Completed,Low Risk
S0066,D/ICT/25/0076,Student_0066,Male,39,D005,4,7,3.7875,4.0,3.8246,75,No,Yes,Not Eligible,0,Completed,Low Risk
S0067,D/ICT/25/0077,Student_0067,Female,42,D005,1,2,3.455,3.4158,3.4359,76,No,Yes,Not Eligible,0,Completed,Low Risk
S0068,D/DBA/25/0078,Student_0068,Female,42,D004,1,1,3.85,0.0,3.85,79,No,Yes,Not Eligible,0,Completed,Low Risk
S0069,D/BSE/25/0079,Student_0069,Male,41,D001,2,4,3.9684,3.97,3.9577,74,Yes,Yes,Eligible,0,Completed,Low Risk
S0070,D/BCS/25/0080,Student_0070,Male,40,D002,3,5,3.7231,3.2105,3.5894,67,No,Yes,Not Eligible,0,Completed,Low Risk
S0071,D/BSE/25/0081,Student_0071,Female,39,D001,4,8,3.06,3.6625,3.5881,81,No,Yes,Eligible,0,Completed,Low Risk
S0072,D/BSE/25/0082,Student_0072,Female,40,D001,3,6,3.728,3.7154,3.6047,77,No,Yes,Not Eligible,0,Completed,Low Risk
S0073,D/BSE/25/0083,Student_0073,Male,42,D001,1,1,3.1,0.0,3.1,90,No,Yes,Eligible,0,Completed,Low Risk
S0074,D/BSE/25/0084,Student_0074,Female,42,D001,1,1,3.8143,0.0,3.8143,91,No,Yes,Eligible,0,Completed,Low Risk
S0075,D/ICT/25/0085,Student_0075,Female,42,D005,1,1,3.4158,0.0,3.4158,73,Yes,Yes,Eligible,0,Completed,Low Risk
S0076,D/BCS/25/0086,Student_0076,Male,42,D002,1,1,2.9381,0.0,2.9381,84,No,Yes,Eligible,0,Completed,Medium Risk
S0077,D/BSE/25/0087,Student_0077,Female,42,D001,1,2,3.5722,3.9571,3.7795,86,No,No,Not Eligible,0,Completed,Low Risk
S0078,D/DBA/25/0088,Student_0078,Male,40,D004,3,5,3.6947,3.8571,3.8607,86,No,Yes,Eligible,0,Completed,Low Risk
S0079,D/BSE/25/0089,Student_0079,Male,42,D001,1,1,2.8333,0.0,2.8333,91,No,Yes,Eligible,0,Completed,Medium Risk
S0080,D/ICT/25/0090,Student_0080,Female,42,D005,1,2,2.705,2.8316,2.7667,78,No,Yes,Not Eligible,0,Completed,Medium Risk
S0081,D/COE/25/0091,Student_0081,Female,42,D003,1,2,2.665,2.2905,2.4732,76,No,Yes,Not Eligible,0,Completed,Medium Risk
S0082,D/DBA/25/0092,Student_0082,Male,40,D004,3,6,3.5143,3.5526,3.4724,85,No,Yes,Eligible,0,Completed,Low Risk
S0083,D/DBA/25/0093,Student_0083,Male,39,D004,4,8,4.0,3.7385,3.7743,88,No,Yes,Eligible,0,Completed,Low Risk
S0084,D/COE/25/0094,Student_0084,Male,42,D003,1,1,3.5762,0.0,3.5762,84,No,Yes,Eligible,0,Completed,Low Risk
S0085,D/BSE/25/0095,Student_0085,Female,42,D001,1,1,3.5952,0.0,3.5952,91,No,Yes,Eligible,0,Completed,Low Risk
S0086,D/BCS/25/0096,Student_0086,Male,41,D002,2,3,2.7,3.0111,2.8271,95,No,Yes,Eligible,0,Completed,Medium Risk
S0087,D/COE/25/0097,Student_0087,Male,40,D003,3,5,3.263,2.9474,3.0764,93,No,Yes,Eligible,0,Completed,Low Risk
S0088,D/COE/25/0098,Student_0088,Male,41,D003,2,4,3.6,3.3368,3.4671,67,Yes,Yes,Eligible,0,Completed,Low Risk
S0089,D/BSE/25/0099,Student_0089,Female,41,D001,2,3,4.0,3.8333,3.9288,89,No,Yes,Eligible,0,Completed,Low Risk
S0090,D/BSE/25/0100,Student_0090,Female,39,D001,4,7,3.5,3.712,3.6945,90,No,Yes,Eligible,0,Completed,Low Risk
S0091,D/BCS/25/0101,Student_0091,Male,41,D002,2,3,3.1,3.0667,3.1678,78,No,Yes,Not Eligible,0,Completed,Low Risk
S0092,D/COE/25/0102,Student_0092,Male,42,D003,1,1,2.6619,0.0,2.6619,86,No,Yes,Eligible,0,Completed,Medium Risk
S0093,D/DBA/25/0103,Student_0093,Female,41,D004,2,3,2.7111,2.9882,3.0235,82,No,Yes,Eligible,0,Completed,Low Risk
S0094,D/ICT/25/0104,Student_0094,Male,40,D005,3,6,3.7,3.625,3.5909,89,No,Yes,Eligible,0,Completed,Low Risk
S0095,D/BSE/25/0105,Student_0095,Male,40,D001,3,6,2.14,2.7308,2.538,88,No,Yes,Eligible,2,Not Completed,High Risk
S0096,D/BSE/25/0106,Student_0096,Male,41,D001,2,3,3.04,3.2222,3.1203,71,Yes,Yes,Eligible,0,Completed,Low Risk
S0097,D/BSE/25/0107,Student_0097,Male,39,D001,4,8,3.4,3.2,3.2237,84,No,Yes,Eligible,0,Completed,Low Risk
S0098,D/BSE/25/0108,Student_0098,Male,41,D001,2,3,3.06,2.7944,3.1136,69,Yes,Yes,Eligible,0,Completed,Low Risk
S0099,D/BSE/25/0109,Student_0099,Female,40,D001,3,5,3.4615,3.4842,3.5625,84,No,Yes,Eligible,0,Completed,Low Risk
S0100,D/BSE/25/0110,Student_0100,Female,39,D001,4,7,3.75,3.764,3.7469,77,No,Yes,Not Eligible,0,Completed,Low Risk
S0101,D/BCS/25/0111,Student_0101,Female,41,D002,2,3,2.68,2.8889,2.8525,91,No,Yes,Eligible,0,Completed,Medium Risk
S0102,D/DBA/25/0112,Student_0102,Male,42,D004,1,2,3.0706,3.4875,3.2727,77,Yes,Yes,Eligible,0,Completed,Low Risk
S0103,D/BSE/25/0113,Student_0103,Male,42,D001,1,2,3.7056,3.5286,3.6103,91,No,Yes,Eligible,0,Completed,Low Risk
S0104,D/BSE/25/0114,Student_0104,Male,42,D001,1,1,3.4143,0.0,3.4143,72,Yes,Yes,Eligible,0,Completed,Low Risk
S0105,D/BCS/25/0115,Student_0105,Female,40,D002,3,5,3.8231,3.8421,3.8538,89,No,Yes,Eligible,0,Completed,Low Risk
S0106,D/COE/25/0116,Student_0106,Male,42,D003,1,2,3.485,3.2952,3.3878,99,No,Yes,Eligible,0,Completed,Low Risk
S0107,D/COE/25/0117,Student_0107,Female,41,D003,2,4,3.1263,3.5,3.4329,75,No,Yes,Not Eligible,0,Completed,Low Risk
S0108,D/BSE/25/0118,Student_0108,Male,42,D001,1,2,3.2667,3.3238,3.2974,85,No,Yes,Eligible,0,Completed,Low Risk
S0109,D/BSE/25/0119,Student_0109,Female,41,D001,2,4,1.5737,1.74,1.7295,75,No,Yes,Not Eligible,6,Not Completed,High Risk
S0110,D/ICT/25/0120,Student_0110,Male,41,D005,2,3,3.1696,2.915,2.929,94,No,Yes,Eligible,0,Completed,Medium Risk
S0111,D/ICT/25/0121,Student_0111,Male,41,D005,2,3,3.2652,3.615,3.5,89,No,Yes,Eligible,0,Completed,Low Risk
S0112,D/BCS/25/0122,Student_0112,Male,42,D002,1,1,2.2429,0.0,2.2429,97,No,Yes,Eligible,1,Not Completed,Medium Risk
S0113,D/BSE/25/0123,Student_0113,Male,40,D001,3,6,3.928,3.6923,3.8264,92,No,Yes,Eligible,0,Completed,Low Risk
S0114,D/COE/25/0124,Student_0114,Female,40,D003,3,5,3.4222,3.5263,3.5038,93,No,Yes,Eligible,0,Completed,Low Risk
S0115,D/COE/25/0125,Student_0115,Male,41,D003,2,3,1.8105,2.715,2.325,78,Yes,Yes,Eligible,2,Not Completed,High Risk
S0116,D/ICT/25/0126,Student_0116,Male,41,D005,2,4,3.9409,3.7826,3.8905,97,No,Yes,Eligible,0,Completed,Low Risk
S0117,D/DBA/25/0127,Student_0117,Female,40,D004,3,5,3.4211,3.4357,3.1393,67,Yes,Yes,Eligible,0,Completed,Low Risk
S0118,D/ICT/25/0128,Student_0118,Male,40,D005,3,5,2.87,3.4364,3.0529,80,No,Yes,Eligible,0,Completed,Low Risk
S0119,D/BSE/25/0129,Student_0119,Male,42,D001,1,2,3.1722,3.0286,3.0949,80,No,Yes,Eligible,0,Completed,Low Risk
S0120,D/DBA/25/0130,Student_0120,Male,41,D004,2,4,3.8571,3.8833,3.9369,78,No,Yes,Not Eligible,0,Completed,Low Risk
S0121,D/BCS/25/0131,Student_0121,Female,42,D002,1,2,2.5944,2.3,2.4359,90,No,Yes,Eligible,0,Completed,Medium Risk
S0122,D/BSE/25/0132,Student_0122,Female,42,D001,1,1,3.5762,0.0,3.5762,81,No,Yes,Eligible,0,Completed,Low Risk
S0123,D/BSE/25/0133,Student_0123,Male,41,D001,2,3,3.64,3.3889,3.5373,72,No,Yes,Not Eligible,0,Completed,Low Risk
S0124,D/BSE/25/0134,Student_0124,Male,42,D001,1,1,3.9714,0.0,3.9714,72,Yes,Yes,Eligible,0,Completed,Low Risk
S0125,D/BSE/25/0135,Student_0125,Male,42,D001,1,2,3.9667,3.7524,3.8513,96,No,Yes,Eligible,0,Completed,Low Risk
S0126,D/ICT/25/0136,Student_0126,Male,42,D005,1,1,4.0,0.0,4.0,70,No,Yes,Not Eligible,0,Completed,Low Risk
S0127,D/COE/25/0137,Student_0127,Male,42,D003,1,2,3.94,3.9143,3.9268,79,No,Yes,Not Eligible,0,Completed,Low Risk
S0128,D/BCS/25/0138,Student_0128,Male,42,D002,1,2,3.3889,3.2381,3.3077,100,No,Yes,Eligible,0,Completed,Low Risk
S0129,D/ICT/25/0139,Student_0129,Male,40,D005,3,6,4.0,3.46,3.3536,78,No,Yes,Not Eligible,0,Completed,Low Risk
S0130,D/BSE/25/0140,Student_0130,Female,41,D001,2,3,3.65,3.8444,3.7102,69,No,Yes,Not Eligible,0,Completed,Low Risk
S0131,D/BSE/25/0141,Student_0131,Male,41,D001,2,3,2.8,2.8222,2.8763,78,No,Yes,Not Eligible,0,Completed,Medium Risk
S0132,D/ICT/25/0142,Student_0132,Female,40,D005,3,6,4.0,4.0,3.8436,84,No,Yes,Eligible,0,Completed,Low Risk
S0133,D/ICT/25/0143,Student_0133,Male,41,D005,2,4,3.5045,3.8522,3.7405,74,Yes,Yes,Eligible,0,Completed,Low Risk
S0134,D/BSE/25/0144,Student_0134,Male,42,D001,1,2,2.7722,2.7333,2.7513,83,No,Yes,Eligible,1,Not Completed,Medium Risk
S0135,D/BCS/25/0145,Student_0135,Male,42,D002,1,1,3.2571,0.0,3.2571,85,No,Yes,Eligible,0,Completed,Low Risk
S0136,D/BCS/25/0146,Student_0136,Female,40,D002,3,5,3.6,3.5579,3.6183,85,No,Yes,Eligible,0,Completed,Low Risk
S0137,D/COE/25/0147,Student_0137,Male,42,D003,1,1,3.0286,0.0,3.0286,89,No,Yes,Eligible,0,Completed,Low Risk
S0138,D/BSE/25/0148,Student_0138,Male,42,D001,1,1,3.3095,0.0,3.3095,78,No,Yes,Not Eligible,0,Completed,Low Risk
S0139,D/BCS/25/0149,Student_0139,Male,41,D002,2,4,3.2842,2.57,3.0487,84,No,Yes,Eligible,0,Completed,Low Risk
S0140,D/BSE/25/0150,Student_0140,Male,42,D001,1,1,3.7095,0.0,3.7095,85,No,Yes,Eligible,0,Completed,Low Risk
S0141,D/BSE/25/0151,Student_0141,Male,42,D001,1,2,4.0,3.9286,3.9615,88,No,Yes,Eligible,0,Completed,Low Risk
S0142,D/ICT/25/0152,Student_0142,Male,39,D005,4,8,3.8133,3.4292,3.5872,100,No,Yes,Eligible,0,Completed,Low Risk
S0143,D/COE/25/0153,Student_0143,Male,41,D003,2,3,3.6211,3.97,3.7083,99,No,Yes,Eligible,0,Completed,Low Risk
S0144,D/BCS/25/0154,Student_0144,Female,41,D002,2,3,3.26,3.7444,3.6119,92,No,Yes,Eligible,0,Completed,Low Risk
S0145,D/COE/25/0155,Student_0145,Female,42,D003,1,1,3.2238,0.0,3.2238,88,No,Yes,Eligible,0,Completed,Low Risk
S0146,D/COE/25/0156,Student_0146,Male,39,D003,4,7,3.6762,3.628,3.4803,92,No,Yes,Eligible,0,Completed,Low Risk
S0147,D/BSE/25/0157,Student_0147,Female,42,D001,1,1,3.5333,0.0,3.5333,84,No,Yes,Eligible,0,Completed,Low Risk
S0148,D/BSE/25/0158,Student_0148,Female,39,D001,4,8,3.7,3.3875,3.4194,84,No,Yes,Eligible,0,Completed,Low Risk
S0149,D/BCS/25/0159,Student_0149,Male,40,D002,3,5,3.1077,3.0474,3.0192,90,No,Yes,Eligible,0,Completed,Low Risk
S0150,D/DBA/25/0160,Student_0150,Male,41,D004,2,3,3.7278,3.7588,3.7275,81,No,Yes,Eligible,0,Completed,Low Risk
S0151,D/ICT/25/0161,Student_0151,Male,40,D005,3,5,3.92,3.8455,3.8606,86,No,Yes,Eligible,0,Completed,Low Risk
S0152,D/BSE/25/0162,Student_0152,Male,42,D001,1,1,2.9381,0.0,2.9381,90,No,Yes,Eligible,0,Completed,Medium Risk
S0153,D/BCS/25/0163,Student_0153,Male,39,D002,4,7,3.3333,3.5192,3.4595,80,No,Yes,Eligible,0,Completed,Low Risk
S0154,D/ICT/25/0164,Student_0154,Female,42,D005,1,2,3.255,3.2684,3.2615,78,Yes,Yes,Eligible,0,Completed,Low Risk
S0155,D/BCS/25/0165,Student_0155,Male,41,D002,2,3,3.11,3.2167,3.0966,85,No,Yes,Eligible,0,Completed,Low Risk
S0156,D/BCS/25/0166,Student_0156,Male,40,D002,3,6,3.6423,3.6154,3.6762,92,No,Yes,Eligible,0,Completed,Low Risk
S0157,D/DBA/25/0167,Student_0157,Female,42,D004,1,2,3.7588,3.75,3.7545,84,No,No,Not Eligible,0,Completed,Low Risk
S0158,D/BSE/25/0168,Student_0158,Female,41,D001,2,3,2.55,3.0333,2.6407,74,No,Yes,Not Eligible,0,Completed,Medium Risk
S0159,D/BSE/25/0169,Student_0159,Female,39,D001,4,8,3.0,3.2875,3.2288,83,No,Yes,Eligible,0,Completed,Low Risk
S0160,D/DBA/25/0170,Student_0160,Male,40,D004,3,5,2.5632,2.4857,2.6821,87,No,Yes,Eligible,1,Not Completed,Medium Risk
S0161,D/ICT/25/0171,Student_0161,Male,42,D005,1,2,3.4,3.6632,3.5282,86,No,Yes,Eligible,0,Completed,Low Risk
S0162,D/BSE/25/0172,Student_0162,Male,41,D001,2,4,3.3684,3.44,3.3115,95,No,No,Not Eligible,0,Completed,Low Risk
S0163,D/BCS/25/0173,Student_0163,Male,42,D002,1,1,2.5238,0.0,2.5238,94,No,Yes,Eligible,0,Completed,Medium Risk
S0164,D/ICT/25/0174,Student_0164,Female,42,D005,1,1,3.8474,0.0,3.8474,78,No,Yes,Not Eligible,0,Completed,Low Risk
S0165,D/COE/25/0175,Student_0165,Male,40,D003,3,6,3.004,2.5148,2.8435,90,No,Yes,Eligible,0,Completed,Medium Risk
S0166,D/BSE/25/0176,Student_0166,Male,42,D001,1,1,3.3524,0.0,3.3524,90,No,Yes,Eligible,0,Completed,Low Risk
S0167,D/DBA/25/0177,Student_0167,Male,40,D004,3,5,3.1526,2.9,3.0024,93,No,Yes,Eligible,0,Completed,Low Risk
S0168,D/BSE/25/0178,Student_0168,Female,39,D001,4,8,4.0,3.8375,3.7719,85,No,Yes,Eligible,1,Not Completed,Low Risk
S0169,D/COE/25/0179,Student_0169,Male,40,D003,3,6,3.472,3.6148,3.6153,89,No,Yes,Eligible,0,Completed,Low Risk
S0170,D/BSE/25/0180,Student_0170,Female,41,D001,2,4,3.9263,3.91,3.8,91,No,Yes,Eligible,0,Completed,Low Risk
S0171,D/DBA/25/0181,Student_0171,Male,42,D004,1,2,4.0,4.0,4.0,80,No,Yes,Eligible,0,Completed,Low Risk
S0172,D/ICT/25/0182,Student_0172,Male,41,D005,2,4,3.1045,3.4391,3.3595,81,No,Yes,Eligible,0,Completed,Low Risk
S0173,D/COE/25/0183,Student_0173,Male,42,D003,1,1,3.9381,0.0,3.9381,84,No,Yes,Eligible,0,Completed,Low Risk
S0174,D/BCS/25/0184,Student_0174,Female,41,D002,2,4,4.0,4.0,3.9808,79,No,Yes,Not Eligible,0,Completed,Low Risk
S0175,D/BSE/25/0185,Student_0175,Male,41,D001,2,3,3.97,3.9333,3.9695,91,No,Yes,Eligible,0,Completed,Low Risk
S0176,D/BSE/25/0186,Student_0176,Female,40,D001,3,6,3.648,3.6154,3.7194,96,No,Yes,Eligible,0,Completed,Low Risk
S0177,D/BSE/25/0187,Student_0177,Male,42,D001,1,1,2.8667,0.0,2.8667,85,No,Yes,Eligible,0,Completed,Medium Risk
S0178,D/BCS/25/0188,Student_0178,Male,41,D002,2,3,3.91,3.9667,3.9356,88,No,Yes,Eligible,0,Completed,Low Risk
S0179,D/BSE/25/0189,Student_0179,Male,41,D001,2,4,3.7105,3.63,3.4885,89,No,Yes,Eligible,0,Completed,Low Risk
S0180,D/BCS/25/0190,Student_0180,Male,39,D002,4,8,2.22,2.9111,2.9926,100,No,Yes,Eligible,0,Completed,Medium Risk
S0181,D/DBA/25/0191,Student_0181,Male,39,D004,4,8,4.0,3.4308,3.4771,85,No,Yes,Eligible,0,Completed,Low Risk
S0182,D/BSE/25/0192,Student_0182,Male,42,D001,1,1,3.7619,0.0,3.7619,82,No,Yes,Eligible,0,Completed,Low Risk
S0183,D/BSE/25/0193,Student_0183,Female,42,D001,1,1,3.5762,0.0,3.5762,88,No,Yes,Eligible,0,Completed,Low Risk
S0184,D/BCS/25/0194,Student_0184,Male,40,D002,3,6,3.9115,3.7692,3.8408,74,Yes,Yes,Eligible,0,Completed,Low Risk
S0185,D/BSE/25/0195,Student_0185,Male,40,D001,3,6,3.756,3.7385,3.7775,79,Yes,Yes,Eligible,0,Completed,Low Risk
S0186,D/BSE/25/0196,Student_0186,Male,40,D001,3,5,3.8231,4.0,3.9279,84,No,Yes,Eligible,0,Completed,Low Risk
S0187,D/BSE/25/0197,Student_0187,Female,42,D001,1,2,3.4,3.2143,3.3,83,No,Yes,Eligible,0,Completed,Low Risk
S0188,D/BCS/25/0198,Student_0188,Female,41,D002,2,3,3.37,4.0,3.5492,79,Yes,Yes,Eligible,0,Completed,Low Risk
S0189,D/COE/25/0199,Student_0189,Male,42,D003,1,1,2.8238,0.0,2.8238,91,No,Yes,Eligible,0,Completed,Medium Risk
S0190,D/BSE/25/0200,Student_0190,Male,41,D001,2,3,2.43,2.0056,2.3288,83,No,Yes,Eligible,1,Not Completed,Medium Risk
S0191,D/BSE/25/0201,Student_0191,Female,41,D001,2,3,3.44,3.1889,3.3712,79,No,Yes,Not Eligible,0,Completed,Low Risk
S0192,D/DBA/25/0202,Student_0192,Female,41,D004,2,4,3.1214,2.5444,2.6769,81,No,Yes,Eligible,0,Completed,Medium Risk
S0193,D/COE/25/0203,Student_0193,Female,39,D003,4,7,3.7381,3.68,3.7211,82,No,Yes,Eligible,0,Completed,Low Risk
S0194,D/COE/25/0204,Student_0194,Male,40,D003,3,6,3.44,3.1593,3.387,89,No,Yes,Eligible,0,Completed,Low Risk
S0195,D/BCS/25/0205,Student_0195,Male,41,D002,2,4,2.5526,3.37,3.0295,87,No,Yes,Eligible,1,Not Completed,Low Risk
S0196,D/ICT/25/0206,Student_0196,Female,42,D005,1,1,3.4053,0.0,3.4053,100,No,Yes,Eligible,0,Completed,Low Risk
S0197,D/ICT/25/0207,Student_0197,Male,41,D005,2,3,2.3739,2.665,2.5565,83,No,Yes,Eligible,0,Completed,Medium Risk
S0198,D/BSE/25/0208,Student_0198,Male,40,D001,3,5,3.9,3.3474,3.4913,91,No,Yes,Eligible,0,Completed,Low Risk
S0199,D/COE/25/0209,Student_0199,Female,42,D003,1,2,3.54,3.6667,3.6049,100,No,Yes,Eligible,0,Completed,Low Risk
S0200,D/BCS/25/0210,Student_0200,Male,40,D002,3,5,3.7,3.8158,3.6269,79,No,Yes,Not Eligible,0,Completed,Low Risk
S0201,D/BSE/25/0211,Student_0201,Female,41,D001,2,4,3.8895,3.7,3.841,86,No,Yes,Eligible,0,Completed,Low Risk
S0202,D/BSE/25/0212,Student_0202,Male,42,D001,1,2,2.6833,2.4857,2.5769,84,No,Yes,Eligible,0,Completed,Medium Risk
S0203,D/BSE/25/0213,Student_0203,Male,42,D001,1,1,2.6524,0.0,2.6524,71,Yes,Yes,Eligible,0,Completed,Medium Risk
S0204,D/BSE/25/0214,Student_0204,Male,42,D001,1,1,3.419,0.0,3.419,83,No,Yes,Eligible,0,Completed,Low Risk
S0205,D/ICT/25/0215,Student_0205,Male,41,D005,2,3,3.287,3.205,3.3871,93,No,Yes,Eligible,0,Completed,Low Risk
S0206,D/BCS/25/0216,Student_0206,Male,42,D002,1,1,3.4524,0.0,3.4524,88,No,Yes,Eligible,0,Completed,Low Risk
S0207,D/COE/25/0217,Student_0207,Male,41,D003,2,3,3.8474,3.575,3.7667,83,No,Yes,Eligible,0,Completed,Low Risk
S0208,D/BSE/25/0218,Student_0208,Male,40,D001,3,6,4.0,3.9769,3.9628,78,No,Yes,Not Eligible,0,Completed,Low Risk
S0209,D/DBA/25/0219,Student_0209,Female,40,D004,3,5,3.2684,3.5214,3.2345,83,No,Yes,Eligible,0,Completed,Low Risk
S0210,D/DBA/25/0220,Student_0210,Male,42,D004,1,2,3.7235,3.75,3.7364,96,No,Yes,Eligible,0,Completed,Low Risk
S0211,D/BSE/25/0221,Student_0211,Male,40,D001,3,5,3.4462,3.5895,3.5596,89,No,Yes,Eligible,0,Completed,Low Risk
S0212,D/DBA/25/0222,Student_0212,Female,41,D004,2,4,3.2071,3.8889,3.5969,86,No,Yes,Eligible,0,Completed,Low Risk
S0213,D/ICT/25/0223,Student_0213,Female,40,D005,3,6,4.0,2.89,3.2745,79,No,Yes,Not Eligible,0,Completed,Low Risk
S0214,D/COE/25/0224,Student_0214,Female,41,D003,2,4,3.6684,3.2579,3.4747,83,No,Yes,Eligible,0,Completed,Low Risk
S0215,D/ICT/25/0225,Student_0215,Male,41,D005,2,4,3.5,3.8565,3.6024,80,No,Yes,Eligible,0,Completed,Low Risk
S0216,D/ICT/25/0226,Student_0216,Male,42,D005,1,1,3.8158,0.0,3.8158,84,No,Yes,Eligible,0,Completed,Low Risk
S0217,D/BCS/25/0227,Student_0217,Male,42,D002,1,2,3.8833,3.9333,3.9103,92,No,Yes,Eligible,0,Completed,Low Risk
S0218,D/BSE/25/0228,Student_0218,Male,42,D001,1,1,1.2667,0.0,1.2667,77,Yes,Yes,Eligible,4,Not Completed,High Risk
S0219,D/BSE/25/0229,Student_0219,Male,42,D001,1,2,2.75,3.2762,3.0333,77,No,Yes,Not Eligible,0,Completed,Low Risk
S0220,D/BSE/25/0230,Student_0220,Male,42,D001,1,1,3.1952,0.0,3.1952,89,No,No,Not Eligible,0,Completed,Low Risk
S0221,D/COE/25/0231,Student_0221,Male,42,D003,1,2,3.245,3.181,3.2122,82,No,Yes,Eligible,0,Completed,Low Risk
S0222,D/ICT/25/0232,Student_0222,Female,39,D005,4,7,2.9667,3.0,2.8328,82,No,Yes,Eligible,0,Completed,Medium Risk
S0223,D/ICT/25/0233,Student_0223,Male,42,D005,1,1,3.1316,0.0,3.1316,95,No,Yes,Eligible,0,Completed,Low Risk
S0224,D/ICT/25/0234,Student_0224,Male,39,D005,4,8,2.9733,2.7042,2.9376,88,No,Yes,Eligible,1,Not Completed,Medium Risk
S0225,D/ICT/25/0235,Student_0225,Male,41,D005,2,3,3.7652,3.81,3.7371,77,No,No,Not Eligible,0,Completed,Low Risk
S0226,D/DBA/25/0236,Student_0226,Male,40,D004,3,5,2.7947,3.2143,2.8012,83,No,Yes,Eligible,0,Completed,Medium Risk
S0227,D/COE/25/0237,Student_0227,Female,42,D003,1,1,3.0524,0.0,3.0524,81,No,Yes,Eligible,0,Completed,Low Risk
S0228,D/COE/25/0238,Student_0228,Female,42,D003,1,2,3.815,3.7619,3.7878,89,No,Yes,Eligible,0,Completed,Low Risk
S0229,D/DBA/25/0239,Student_0229,Male,40,D004,3,5,3.8158,3.7357,3.6,73,No,Yes,Not Eligible,0,Completed,Low Risk
S0230,D/COE/25/0240,Student_0230,Male,42,D003,1,2,2.39,2.2143,2.3,86,No,Yes,Eligible,1,Not Completed,Medium Risk
S0231,D/ICT/25/0241,Student_0231,Male,40,D005,3,6,4.0,3.95,3.9591,75,No,Yes,Not Eligible,0,Completed,Low Risk
S0232,D/BSE/25/0242,Student_0232,Male,42,D001,1,2,3.9667,3.8619,3.9103,97,No,Yes,Eligible,0,Completed,Low Risk
S0233,D/COE/25/0243,Student_0233,Female,42,D003,1,2,3.305,3.2286,3.2659,90,No,Yes,Eligible,0,Completed,Low Risk
S0234,D/BCS/25/0244,Student_0234,Male,41,D002,2,3,3.97,3.9667,3.9746,78,No,Yes,Not Eligible,0,Completed,Low Risk
S0235,D/COE/25/0245,Student_0235,Male,40,D003,3,6,3.0,2.7593,2.7763,90,No,Yes,Eligible,0,Completed,Medium Risk
S0236,D/ICT/25/0246,Student_0236,Male,40,D005,3,6,4.0,3.84,3.8064,83,No,Yes,Eligible,0,Completed,Low Risk
S0237,D/BSE/25/0247,Student_0237,Female,42,D001,1,2,3.1056,3.1,3.1026,71,No,Yes,Not Eligible,0,Completed,Low Risk
S0238,D/ICT/25/0248,Student_0238,Male,40,D005,3,5,3.075,3.2818,3.2087,84,No,Yes,Eligible,0,Completed,Low Risk
S0239,D/BSE/25/0249,Student_0239,Male,41,D001,2,4,3.2158,3.8,3.4897,88,No,Yes,Eligible,0,Completed,Low Risk
S0240,D/COE/25/0250,Student_0240,Male,40,D003,3,5,3.4481,3.8421,3.717,82,No,Yes,Eligible,0,Completed,Low Risk
S0241,D/DBA/25/0251,Student_0241,Male,39,D004,4,8,3.7,3.2769,3.5943,80,No,Yes,Eligible,0,Completed,Low Risk
S0242,D/BSE/25/0252,Student_0242,Male,40,D001,3,5,3.7462,3.5737,3.6798,74,No,Yes,Not Eligible,0,Completed,Low Risk
S0243,D/COE/25/0253,Student_0243,Male,41,D003,2,3,3.0789,2.91,3.04,92,No,Yes,Eligible,0,Completed,Low Risk
S0244,D/DBA/25/0254,Student_0244,Male,40,D004,3,5,3.5316,3.6643,3.556,59,Yes,Yes,Eligible,0,Completed,Low Risk
S0245,D/BCS/25/0255,Student_0245,Male,39,D002,4,7,4.0,3.9231,3.9635,85,No,Yes,Eligible,0,Completed,Low Risk
S0246,D/BSE/25/0256,Student_0246,Male,42,D001,1,2,3.7833,3.9048,3.8487,89,No,Yes,Eligible,0,Completed,Low Risk
S0247,D/BCS/25/0257,Student_0247,Male,41,D002,2,4,2.7579,2.87,2.6487,84,No,Yes,Eligible,1,Not Completed,Medium Risk
S0248,D/COE/25/0258,Student_0248,Male,42,D003,1,1,3.0286,0.0,3.0286,93,No,Yes,Eligible,0,Completed,Low Risk
S0249,D/COE/25/0259,Student_0249,Male,42,D003,1,2,3.955,4.0,3.978,75,Yes,Yes,Eligible,0,Completed,Low Risk
S0250,D/COE/25/0260,Student_0250,Male,40,D003,3,6,2.784,2.5519,2.6939,92,No,Yes,Eligible,2,Not Completed,High Risk
S0251,D/COE/25/0261,Student_0251,Male,42,D003,1,2,2.08,1.5857,1.8268,89,No,Yes,Eligible,4,Not Completed,High Risk
S0252,D/DBA/25/0262,Student_0252,Male,39,D004,4,7,4.0,3.9714,3.9794,79,No,Yes,Not Eligible,0,Completed,Low Risk
S0253,D/ICT/25/0263,Student_0253,Male,39,D005,4,8,3.5267,3.8292,3.5678,76,Yes,Yes,Eligible,0,Completed,Low Risk
S0254,D/DBA/25/0264,Student_0254,Male,41,D004,2,4,2.2357,2.7722,2.5477,89,No,Yes,Eligible,0,Completed,Medium Risk
S0255,D/BCS/25/0265,Student_0255,Male,40,D002,3,6,3.5038,3.2923,3.3169,100,No,Yes,Eligible,0,Completed,Low Risk
S0256,D/BSE/25/0266,Student_0256,Female,41,D001,2,3,3.16,3.2,3.278,84,No,Yes,Eligible,0,Completed,Low Risk
S0257,D/ICT/25/0267,Student_0257,Male,42,D005,1,2,2.225,2.6105,2.4128,83,No,Yes,Eligible,0,Completed,Medium Risk
S0258,D/ICT/25/0268,Student_0258,Male,41,D005,2,3,3.5217,3.36,3.421,84,No,Yes,Eligible,0,Completed,Low Risk
S0259,D/COE/25/0269,Student_0259,Female,39,D003,4,7,2.9286,3.18,3.2684,67,No,Yes,Not Eligible,0,Completed,Low Risk
S0260,D/ICT/25/0270,Student_0260,Female,41,D005,2,3,3.7,3.62,3.7339,83,No,Yes,Eligible,0,Completed,Low Risk
S0261,D/ICT/25/0271,Student_0261,Male,39,D005,4,8,3.0933,2.7917,2.9886,77,No,No,Not Eligible,0,Completed,Medium Risk
S0262,D/BSE/25/0272,Student_0262,Female,40,D001,3,5,2.9077,3.4684,3.1856,85,No,Yes,Eligible,0,Completed,Low Risk
S0263,D/BSE/25/0273,Student_0263,Male,42,D001,1,2,3.9,3.7429,3.8154,80,No,Yes,Eligible,0,Completed,Low Risk
S0264,D/ICT/25/0274,Student_0264,Male,39,D005,4,8,3.84,3.7875,3.8396,69,No,Yes,Not Eligible,0,Completed,Low Risk
S0265,D/DBA/25/0275,Student_0265,Male,39,D004,4,8,2.3,2.3692,2.5479,94,No,Yes,Eligible,2,Not Completed,High Risk
S0266,D/BCS/25/0276,Student_0266,Male,41,D002,2,4,2.1,2.89,2.5282,74,Yes,Yes,Eligible,3,Not Completed,High Risk
S0267,D/BCS/25/0277,Student_0267,Female,41,D002,2,3,1.86,2.0333,2.2,74,Yes,Yes,Eligible,3,Not Completed,High Risk
S0268,D/BCS/25/0278,Student_0268,Male,40,D002,3,5,3.7231,3.7368,3.624,69,No,Yes,Not Eligible,0,Completed,Low Risk
S0269,D/BSE/25/0279,Student_0269,Male,40,D001,3,5,3.7462,3.7368,3.7067,74,No,Yes,Not Eligible,0,Completed,Low Risk
S0270,D/DBA/25/0280,Student_0270,Female,40,D004,3,5,3.4842,3.5071,3.5286,96,No,Yes,Eligible,0,Completed,Low Risk
S0271,D/COE/25/0281,Student_0271,Male,41,D003,2,3,3.8947,3.97,3.8767,94,No,Yes,Eligible,0,Completed,Low Risk
S0272,D/BSE/25/0282,Student_0272,Male,42,D001,1,2,3.5611,3.5286,3.5436,82,No,Yes,Eligible,0,Completed,Low Risk
S0273,D/ICT/25/0283,Student_0273,Female,42,D005,1,1,3.6053,0.0,3.6053,78,No,Yes,Not Eligible,0,Completed,Low Risk
S0274,D/DBA/25/0284,Student_0274,Male,42,D004,1,2,3.7529,3.7688,3.7606,81,No,Yes,Eligible,0,Completed,Low Risk
S0275,D/ICT/25/0285,Student_0275,Female,41,D005,2,4,2.8273,2.5217,2.8238,76,No,Yes,Not Eligible,1,Not Completed,Medium Risk
S0276,D/BCS/25/0286,Student_0276,Male,41,D002,2,3,3.44,3.3667,3.3864,100,No,Yes,Eligible,0,Completed,Low Risk
S0277,D/BSE/25/0287,Student_0277,Male,40,D001,3,6,3.288,3.6385,3.493,79,No,Yes,Not Eligible,0,Completed,Low Risk
S0278,D/DBA/25/0288,Student_0278,Male,42,D004,1,2,3.6706,3.8625,3.7636,85,No,No,Not Eligible,0,Completed,Low Risk
S0279,D/BCS/25/0289,Student_0279,Female,39,D002,4,7,3.7556,3.8308,3.7885,95,No,Yes,Eligible,0,Completed,Low Risk
S0280,D/BCS/25/0290,Student_0280,Female,40,D002,3,5,3.6077,3.4526,3.6654,96,No,Yes,Eligible,0,Completed,Low Risk
S0281,D/BCS/25/0291,Student_0281,Female,40,D002,3,6,3.7077,3.4846,3.6777,72,No,Yes,Not Eligible,0,Completed,Low Risk
S0282,D/COE/25/0292,Student_0282,Male,39,D003,4,8,3.72,2.7952,3.2299,73,No,Yes,Not Eligible,0,Completed,Low Risk
S0283,D/DBA/25/0293,Student_0283,Female,42,D004,1,1,2.9187,0.0,2.9187,89,No,Yes,Eligible,0,Completed,Medium Risk
S0284,D/BSE/25/0294,Student_0284,Male,40,D001,3,6,3.26,3.2846,3.1279,83,No,Yes,Eligible,0,Completed,Low Risk
S0285,D/BSE/25/0295,Student_0285,Male,40,D001,3,6,3.572,3.6462,3.6713,93,No,Yes,Eligible,0,Completed,Low Risk
S0286,D/COE/25/0296,Student_0286,Male,39,D003,4,8,3.58,3.7048,3.7539,85,No,Yes,Eligible,0,Completed,Low Risk
S0287,D/COE/25/0297,Student_0287,Female,39,D003,4,7,3.2476,3.6,3.4763,76,No,Yes,Not Eligible,0,Completed,Low Risk
S0288,D/BCS/25/0298,Student_0288,Female,40,D002,3,5,3.9462,3.8158,3.8663,78,Yes,Yes,Eligible,0,Completed,Low Risk
S0289,D/BSE/25/0299,Student_0289,Male,42,D001,1,1,3.0238,0.0,3.0238,79,No,Yes,Not Eligible,0,Completed,Low Risk
S0290,D/DBA/25/0300,Student_0290,Female,40,D004,3,6,3.4,3.5895,3.4562,95,No,Yes,Eligible,0,Completed,Low Risk
S0291,D/COE/25/0301,Student_0291,Female,41,D003,2,4,3.8316,3.3895,3.4506,99,No,Yes,Eligible,0,Completed,Low Risk
S0292,D/BSE/25/0302,Student_0292,Male,40,D001,3,5,3.8385,4.0,3.9019,77,No,Yes,Not Eligible,0,Completed,Low Risk
S0293,D/ICT/25/0303,Student_0293,Female,41,D005,2,3,2.8565,3.265,3.0452,88,No,Yes,Eligible,1,Not Completed,Low Risk
S0294,D/BSE/25/0304,Student_0294,Male,39,D001,4,7,3.75,3.868,3.8159,100,No,Yes,Eligible,0,Completed,Low Risk
S0295,D/BCS/25/0305,Student_0295,Male,41,D002,2,3,3.9,3.7,3.8644,78,No,Yes,Not Eligible,0,Completed,Low Risk
S0296,D/BSE/25/0306,Student_0296,Female,42,D001,1,2,2.5278,2.8048,2.6769,100,No,Yes,Eligible,0,Completed,Medium Risk
S0297,D/BCS/25/0307,Student_0297,Male,41,D002,2,3,3.13,3.5611,3.1915,76,No,Yes,Not Eligible,0,Completed,Low Risk
S0298,D/DBA/25/0308,Student_0298,Male,40,D004,3,6,3.7333,4.0,3.879,83,No,Yes,Eligible,0,Completed,Low Risk
S0299,D/BSE/25/0309,Student_0299,Male,42,D001,1,1,3.0952,0.0,3.0952,86,No,Yes,Eligible,0,Completed,Low Risk
S0300,D/BSE/25/0310,Student_0300,Male,41,D001,2,4,3.2211,3.11,3.3077,84,No,Yes,Eligible,0,Completed,Low Risk
S0301,D/ICT/25/0311,Student_0301,Male,41,D005,2,3,2.7261,2.94,2.8484,72,No,Yes,Not Eligible,0,Completed,Medium Risk
S0302,D/ICT/25/0312,Student_0302,Male,40,D005,3,6,3.3,3.12,3.5082,86,No,Yes,Eligible,0,Completed,Low Risk
S0303,D/BCS/25/0313,Student_0303,Male,42,D002,1,1,3.4762,0.0,3.4762,83,No,Yes,Eligible,0,Completed,Low Risk
S0304,D/BCS/25/0314,Student_0304,Female,41,D002,2,4,3.7368,3.63,3.7115,92,No,Yes,Eligible,0,Completed,Low Risk
S0305,D/BCS/25/0315,Student_0305,Male,40,D002,3,5,3.9769,4.0,3.9885,90,No,Yes,Eligible,0,Completed,Low Risk
S0306,D/COE/25/0316,Student_0306,Male,39,D003,4,8,4.0,3.9048,3.8455,91,No,Yes,Eligible,0,Completed,Low Risk
S0307,D/BSE/25/0317,Student_0307,Male,41,D001,2,4,3.9526,4.0,3.9538,82,No,Yes,Eligible,0,Completed,Low Risk
S0308,D/BSE/25/0318,Student_0308,Male,41,D001,2,3,3.4,3.2222,3.0424,89,No,Yes,Eligible,1,Not Completed,Low Risk
S0309,D/BCS/25/0319,Student_0309,Female,41,D002,2,3,3.43,3.4111,3.4712,74,No,Yes,Not Eligible,0,Completed,Low Risk
S0310,D/DBA/25/0320,Student_0310,Female,41,D004,2,4,3.3643,3.1,3.0338,69,Yes,Yes,Eligible,0,Completed,Low Risk
S0311,D/COE/25/0321,Student_0311,Female,41,D003,2,3,3.8632,3.865,3.8733,83,No,Yes,Eligible,0,Completed,Low Risk
S0312,D/BCS/25/0322,Student_0312,Male,40,D002,3,5,3.7,3.6,3.6635,86,No,Yes,Eligible,0,Completed,Low Risk
S0313,D/BSE/25/0323,Student_0313,Male,42,D001,1,2,3.3389,3.5905,3.4744,81,No,Yes,Eligible,0,Completed,Low Risk
S0314,D/ICT/25/0324,Student_0314,Male,40,D005,3,5,3.61,3.7409,3.7587,99,No,Yes,Eligible,0,Completed,Low Risk
S0315,D/BSE/25/0325,Student_0315,Male,41,D001,2,4,3.7211,3.68,3.5051,81,No,Yes,Eligible,0,Completed,Low Risk
S0316,D/BCS/25/0326,Student_0316,Male,41,D002,2,3,3.41,3.5222,3.561,96,No,Yes,Eligible,0,Completed,Low Risk
S0317,D/BSE/25/0327,Student_0317,Male,39,D001,4,7,3.9625,4.0,3.9959,79,No,Yes,Not Eligible,0,Completed,Low Risk
S0318,D/BSE/25/0328,Student_0318,Female,41,D001,2,4,2.5263,2.04,2.2064,78,No,Yes,Not Eligible,1,Not Completed,Medium Risk
S0319,D/BSE/25/0329,Student_0319,Male,41,D001,2,3,3.06,2.7,2.9864,83,No,Yes,Eligible,0,Completed,Medium Risk
S0320,D/BCS/25/0330,Student_0320,Female,42,D002,1,2,3.0167,2.981,2.9974,93,No,Yes,Eligible,0,Completed,Medium Risk
S0321,D/COE/25/0331,Student_0321,Male,40,D003,3,5,4.0,3.7947,3.9415,80,No,Yes,Eligible,0,Completed,Low Risk
S0322,D/DBA/25/0332,Student_0322,Male,39,D004,4,8,4.0,3.0846,3.4364,77,No,Yes,Not Eligible,0,Completed,Low Risk
S0323,D/BSE/25/0333,Student_0323,Male,42,D001,1,1,3.4667,0.0,3.4667,91,No,Yes,Eligible,0,Completed,Low Risk
S0324,D/ICT/25/0334,Student_0324,Female,42,D005,1,2,3.1,3.2053,3.1513,69,No,Yes,Not Eligible,0,Completed,Low Risk
S0325,D/BSE/25/0335,Student_0325,Female,41,D001,2,3,1.86,2.15,2.0339,84,No,Yes,Eligible,1,Not Completed,Medium Risk
S0326,D/COE/25/0336,Student_0326,Male,42,D003,1,2,3.855,3.6476,3.7488,76,No,Yes,Not Eligible,0,Completed,Low Risk
S0327,D/COE/25/0337,Student_0327,Female,41,D003,2,4,2.6632,2.7737,2.7329,75,No,Yes,Not Eligible,0,Completed,Medium Risk
S0328,D/ICT/25/0338,Student_0328,Female,41,D005,2,3,3.487,3.685,3.7081,80,No,Yes,Eligible,0,Completed,Low Risk
S0329,D/DBA/25/0339,Student_0329,Male,42,D004,1,1,2.9312,0.0,2.9312,85,No,Yes,Eligible,0,Completed,Medium Risk
S0330,D/BSE/25/0340,Student_0330,Male,42,D001,1,1,3.8095,0.0,3.8095,87,No,Yes,Eligible,0,Completed,Low Risk
S0331,D/ICT/25/0341,Student_0331,Male,40,D005,3,5,3.29,3.4727,3.3404,91,No,Yes,Eligible,0,Completed,Low Risk
S0332,D/COE/25/0342,Student_0332,Male,41,D003,2,3,3.2421,3.43,3.355,83,No,Yes,Eligible,0,Completed,Low Risk
S0333,D/BCS/25/0343,Student_0333,Female,40,D002,3,6,2.6731,3.0769,2.8077,94,No,Yes,Eligible,0,Completed,Medium Risk
S0334,D/ICT/25/0344,Student_0334,Female,42,D005,1,1,3.0526,0.0,3.0526,83,No,Yes,Eligible,0,Completed,Low Risk
S0335,D/ICT/25/0345,Student_0335,Male,42,D005,1,2,3.53,3.4263,3.4795,87,No,Yes,Eligible,0,Completed,Low Risk
S0336,D/BCS/25/0346,Student_0336,Female,40,D002,3,5,3.4,3.0684,3.3808,70,No,Yes,Not Eligible,0,Completed,Low Risk
S0337,D/BCS/25/0347,Student_0337,Female,39,D002,4,8,2.7,2.1111,2.5429,89,No,Yes,Eligible,2,Not Completed,High Risk
S0338,D/COE/25/0348,Student_0338,Male,42,D003,1,1,2.8095,0.0,2.8095,75,No,Yes,Not Eligible,0,Completed,Medium Risk
S0339,D/BCS/25/0349,Student_0339,Male,39,D002,4,8,3.46,3.5,3.3816,71,No,Yes,Not Eligible,0,Completed,Low Risk
S0340,D/BSE/25/0350,Student_0340,Male,42,D001,1,2,4.0,4.0,4.0,90,No,Yes,Eligible,0,Completed,Low Risk
S0341,D/BSE/25/0351,Student_0341,Female,41,D001,2,3,3.34,3.4556,3.3288,98,No,Yes,Eligible,0,Completed,Low Risk
S0342,D/ICT/25/0352,Student_0342,Male,42,D005,1,1,3.4474,0.0,3.4474,88,No,Yes,Eligible,0,Completed,Low Risk
S0343,D/BSE/25/0353,Student_0343,Female,40,D001,3,5,3.2615,3.2421,3.1683,97,No,Yes,Eligible,0,Completed,Low Risk
S0344,D/DBA/25/0354,Student_0344,Female,42,D004,1,2,3.5,3.7188,3.6061,99,No,Yes,Eligible,0,Completed,Low Risk
S0345,D/ICT/25/0355,Student_0345,Female,40,D005,3,6,4.0,3.12,2.8809,78,No,Yes,Not Eligible,0,Completed,Medium Risk
S0346,D/DBA/25/0356,Student_0346,Male,42,D004,1,1,3.55,0.0,3.55,83,No,Yes,Eligible,0,Completed,Low Risk
S0347,D/BSE/25/0357,Student_0347,Female,40,D001,3,5,3.8692,3.5842,3.8385,85,No,Yes,Eligible,0,Completed,Low Risk
S0348,D/DBA/25/0358,Student_0348,Male,41,D004,2,4,3.9571,4.0,3.9815,100,No,Yes,Eligible,0,Completed,Low Risk
S0349,D/BCS/25/0359,Student_0349,Female,39,D002,4,8,3.46,2.4222,2.6804,100,No,Yes,Eligible,0,Completed,Medium Risk
S0350,D/BCS/25/0360,Student_0350,Male,39,D002,4,7,4.0,4.0,3.9838,78,No,Yes,Not Eligible,0,Completed,Low Risk
S0351,D/BCS/25/0361,Student_0351,Male,42,D002,1,2,3.3833,3.8619,3.641,81,No,No,Not Eligible,0,Completed,Low Risk
S0352,D/DBA/25/0362,Student_0352,Male,40,D004,3,5,3.4842,3.3929,3.5571,83,No,Yes,Eligible,0,Completed,Low Risk
S0353,D/ICT/25/0363,Student_0353,Male,42,D005,1,1,3.5737,0.0,3.5737,88,No,Yes,Eligible,0,Completed,Low Risk
S0354,D/COE/25/0364,Student_0354,Male,41,D003,2,4,2.9737,3.1421,2.8924,88,No,Yes,Eligible,1,Not Completed,Medium Risk
S0355,D/BSE/25/0365,Student_0355,Male,41,D001,2,3,3.84,3.8722,3.8339,79,No,Yes,Not Eligible,0,Completed,Low Risk
S0356,D/DBA/25/0366,Student_0356,Male,41,D004,2,3,3.0,3.2765,2.9863,68,No,Yes,Not Eligible,1,Not Completed,Medium Risk
S0357,D/ICT/25/0367,Student_0357,Male,41,D005,2,3,3.9391,3.765,3.8355,85,No,Yes,Eligible,0,Completed,Low Risk
S0358,D/ICT/25/0368,Student_0358,Male,42,D005,1,2,2.835,3.4,3.1103,91,No,Yes,Eligible,0,Completed,Low Risk
S0359,D/COE/25/0369,Student_0359,Male,41,D003,2,3,3.8526,3.265,3.6333,91,No,Yes,Eligible,1,Not Completed,Low Risk
S0360,D/ICT/25/0370,Student_0360,Male,41,D005,2,3,3.8696,3.955,3.9371,90,No,Yes,Eligible,0,Completed,Low Risk
S0361,D/DBA/25/0371,Student_0361,Male,40,D004,3,5,3.2474,3.2357,3.2905,92,No,Yes,Eligible,0,Completed,Low Risk
S0362,D/BCS/25/0372,Student_0362,Male,40,D002,3,6,3.3885,3.4846,3.4277,74,No,Yes,Not Eligible,1,Not Completed,Low Risk
S0363,D/COE/25/0373,Student_0363,Female,42,D003,1,2,3.94,3.9714,3.9561,77,No,Yes,Not Eligible,0,Completed,Low Risk
S0364,D/BCS/25/0374,Student_0364,Male,41,D002,2,3,3.77,3.7778,3.839,86,No,Yes,Eligible,0,Completed,Low Risk
S0365,D/BSE/25/0375,Student_0365,Male,42,D001,1,2,3.5889,3.3429,3.4564,72,No,Yes,Not Eligible,0,Completed,Low Risk
S0366,D/BSE/25/0376,Student_0366,Male,40,D001,3,6,2.86,3.1846,2.8984,93,No,Yes,Eligible,0,Completed,Medium Risk
S0367,D/ICT/25/0377,Student_0367,Female,41,D005,2,3,3.7478,3.61,3.7661,70,Yes,Yes,Eligible,0,Completed,Low Risk
S0368,D/BSE/25/0378,Student_0368,Female,41,D001,2,3,2.94,3.0944,3.0475,90,No,Yes,Eligible,1,Not Completed,Low Risk
S0369,D/ICT/25/0379,Student_0369,Male,42,D005,1,1,1.5263,0.0,1.5263,86,No,No,Not Eligible,2,Not Completed,High Risk
S0370,D/DBA/25/0380,Student_0370,Female,40,D004,3,6,3.4238,4.0,3.6743,93,No,No,Not Eligible,0,Completed,Low Risk
S0371,D/BSE/25/0381,Student_0371,Female,41,D001,2,4,2.6947,2.43,2.5359,75,No,Yes,Not Eligible,2,Not Completed,High Risk
S0372,D/COE/25/0382,Student_0372,Male,39,D003,4,8,3.72,4.0,3.9066,97,No,Yes,Eligible,0,Completed,Low Risk
S0373,D/COE/25/0383,Student_0373,Male,39,D003,4,8,4.0,3.9333,3.809,86,No,Yes,Eligible,0,Completed,Low Risk
S0374,D/DBA/25/0384,Student_0374,Male,42,D004,1,2,3.7059,3.1687,3.4455,91,No,Yes,Eligible,0,Completed,Low Risk
S0375,D/BCS/25/0385,Student_0375,Female,40,D002,3,6,2.7962,3.1538,3.0915,66,Yes,Yes,Eligible,0,Completed,Low Risk
S0376,D/BCS/25/0386,Student_0376,Female,41,D002,2,3,3.8,3.9222,3.839,79,No,Yes,Not Eligible,0,Completed,Low Risk
S0377,D/BCS/25/0387,Student_0377,Male,40,D002,3,5,3.6923,3.7053,3.6635,100,No,Yes,Eligible,0,Completed,Low Risk
S0378,D/BSE/25/0388,Student_0378,Female,42,D001,1,2,3.6833,3.3905,3.5256,87,No,Yes,Eligible,0,Completed,Low Risk
S0379,D/BCS/25/0389,Student_0379,Male,40,D002,3,6,3.7885,3.6385,3.7015,89,No,Yes,Eligible,0,Completed,Low Risk
S0380,D/ICT/25/0390,Student_0380,Female,42,D005,1,2,3.265,3.2211,3.2436,89,No,Yes,Eligible,0,Completed,Low Risk
S0381,D/BCS/25/0391,Student_0381,Male,42,D002,1,2,3.5,3.9048,3.7179,82,No,Yes,Eligible,0,Completed,Low Risk
S0382,D/ICT/25/0392,Student_0382,Female,41,D005,2,4,3.1591,3.2174,3.1893,86,No,Yes,Eligible,0,Completed,Low Risk
S0383,D/BCS/25/0393,Student_0383,Male,40,D002,3,6,2.2423,2.0923,2.0146,83,No,Yes,Eligible,6,Not Completed,High Risk
S0384,D/COE/25/0394,Student_0384,Male,42,D003,1,1,3.9048,0.0,3.9048,79,No,Yes,Not Eligible,0,Completed,Low Risk
S0385,D/COE/25/0395,Student_0385,Female,40,D003,3,6,3.92,3.9778,3.971,81,No,Yes,Eligible,0,Completed,Low Risk
S0386,D/DBA/25/0396,Student_0386,Male,41,D004,2,3,2.8833,2.9353,2.9412,91,No,Yes,Eligible,0,Completed,Medium Risk
S0387,D/BCS/25/0397,Student_0387,Female,41,D002,2,3,3.83,3.7889,3.8576,88,No,Yes,Eligible,0,Completed,Low Risk
S0388,D/BSE/25/0398,Student_0388,Female,41,D001,2,3,3.83,3.6889,3.8017,99,No,Yes,Eligible,0,Completed,Low Risk
S0389,D/COE/25/0399,Student_0389,Female,41,D003,2,3,3.1,3.275,3.1417,83,No,Yes,Eligible,0,Completed,Low Risk
S0390,D/BCS/25/0400,Student_0390,Male,40,D002,3,5,3.4692,3.1211,3.2952,88,No,Yes,Eligible,0,Completed,Low Risk
S0391,D/COE/25/0401,Student_0391,Male,42,D003,1,2,3.93,4.0,3.9659,85,No,Yes,Eligible,0,Completed,Low Risk
S0392,D/BSE/25/0402,Student_0392,Male,40,D001,3,6,2.352,2.4615,2.4783,91,No,Yes,Eligible,3,Not Completed,High Risk
S0393,D/BCS/25/0403,Student_0393,Female,41,D002,2,3,3.93,3.9667,3.922,84,No,Yes,Eligible,0,Completed,Low Risk
S0394,D/BSE/25/0404,Student_0394,Male,40,D001,3,6,1.756,2.0462,1.9225,74,Yes,Yes,Eligible,7,Not Completed,High Risk
S0395,D/ICT/25/0405,Student_0395,Female,40,D005,3,6,4.0,4.0,3.8855,85,No,Yes,Eligible,0,Completed,Low Risk
S0396,D/COE/25/0406,Student_0396,Male,42,D003,1,1,3.4048,0.0,3.4048,67,Yes,Yes,Eligible,0,Completed,Low Risk
S0397,D/DBA/25/0407,Student_0397,Female,39,D004,4,8,2.7,3.0,3.2414,98,No,Yes,Eligible,0,Completed,Low Risk
S0398,D/ICT/25/0408,Student_0398,Male,39,D005,4,7,3.975,4.0,3.9731,76,No,Yes,Not Eligible,0,Completed,Low Risk
S0399,D/ICT/25/0409,Student_0399,Male,40,D005,3,5,3.005,3.3682,3.2452,83,No,Yes,Eligible,0,Completed,Low Risk
S0400,D/BSE/25/0410,Student_0400,Male,42,D001,1,2,3.2611,3.1286,3.1897,81,No,Yes,Eligible,0,Completed,Low Risk
S0401,D/BCS/25/0411,Student_0401,Male,40,D002,3,5,3.7231,3.6789,3.5538,72,No,Yes,Not Eligible,0,Completed,Low Risk
S0402,D/BCS/25/0412,Student_0402,Female,42,D002,1,2,2.8111,2.7905,2.8,73,No,Yes,Not Eligible,0,Completed,Medium Risk
S0403,D/BCS/25/0413,Student_0403,Male,42,D002,1,1,3.0333,0.0,3.0333,83,No,No,Not Eligible,0,Completed,Low Risk
S0404,D/COE/25/0414,Student_0404,Male,39,D003,4,7,2.3238,2.604,2.452,80,No,Yes,Eligible,2,Not Completed,High Risk
S0405,D/ICT/25/0415,Student_0405,Male,41,D005,2,3,2.4217,1.92,2.1839,75,No,Yes,Not Eligible,1,Not Completed,Medium Risk
S0406,D/BCS/25/0416,Student_0406,Male,39,D002,4,8,2.7,3.2,2.8356,89,No,Yes,Eligible,1,Not Completed,Medium Risk
S0407,D/BCS/25/0417,Student_0407,Male,39,D002,4,7,3.4333,3.9538,3.7088,92,No,Yes,Eligible,0,Completed,Low Risk
S0408,D/BSE/25/0418,Student_0408,Male,40,D001,3,6,1.98,2.1538,2.2426,91,No,Yes,Eligible,3,Not Completed,High Risk
S0409,D/ICT/25/0419,Student_0409,Female,42,D005,1,1,3.8158,0.0,3.8158,89,No,Yes,Eligible,0,Completed,Low Risk
S0410,D/BSE/25/0420,Student_0410,Male,41,D001,2,4,2.6421,3.43,3.1487,97,No,Yes,Eligible,0,Completed,Low Risk
S0411,D/COE/25/0421,Student_0411,Male,41,D003,2,4,3.6737,3.7579,3.7759,79,No,Yes,Not Eligible,0,Completed,Low Risk
S0412,D/BCS/25/0422,Student_0412,Male,40,D002,3,5,3.8462,3.8158,3.8058,87,No,Yes,Eligible,0,Completed,Low Risk
S0413,D/COE/25/0423,Student_0413,Male,40,D003,3,5,3.7778,4.0,3.9236,81,No,Yes,Eligible,0,Completed,Low Risk
S0414,D/BCS/25/0424,Student_0414,Male,41,D002,2,3,3.5,3.5167,3.5136,75,No,Yes,Not Eligible,0,Completed,Low Risk
S0415,D/BSE/25/0425,Student_0415,Female,41,D001,2,3,4.0,3.9667,3.9898,83,No,Yes,Eligible,0,Completed,Low Risk
S0416,D/COE/25/0426,Student_0416,Female,41,D003,2,3,3.7158,3.83,3.7583,77,No,Yes,Not Eligible,0,Completed,Low Risk
S0417,D/BCS/25/0427,Student_0417,Female,40,D002,3,5,3.8,3.7895,3.7433,63,No,Yes,Not Eligible,0,Completed,Low Risk
S0418,D/BSE/25/0428,Student_0418,Female,42,D001,1,1,3.6333,0.0,3.6333,89,No,Yes,Eligible,0,Completed,Low Risk
S0419,D/BSE/25/0429,Student_0419,Male,41,D001,2,3,2.97,3.4222,3.222,83,No,Yes,Eligible,0,Completed,Low Risk
S0420,D/ICT/25/0430,Student_0420,Male,42,D005,1,2,3.34,3.5842,3.459,87,No,Yes,Eligible,0,Completed,Low Risk
S0421,D/DBA/25/0431,Student_0421,Male,40,D004,3,5,3.6263,3.5214,3.2988,100,No,No,Not Eligible,0,Completed,Low Risk
S0422,D/COE/25/0432,Student_0422,Male,41,D003,2,4,3.7368,3.2421,3.5481,82,No,Yes,Eligible,0,Completed,Low Risk
S0423,D/BSE/25/0433,Student_0423,Female,39,D001,4,7,3.5,3.6,3.5448,94,No,Yes,Eligible,0,Completed,Low Risk
S0424,D/COE/25/0434,Student_0424,Female,39,D003,4,7,4.0,3.944,3.9493,91,No,Yes,Eligible,0,Completed,Low Risk
S0425,D/DBA/25/0435,Student_0425,Male,42,D004,1,2,3.9118,3.5875,3.7545,70,No,Yes,Not Eligible,0,Completed,Low Risk
S0426,D/ICT/25/0436,Student_0426,Male,42,D005,1,2,2.73,2.4632,2.6,88,No,Yes,Eligible,0,Completed,Medium Risk
S0427,D/BCS/25/0437,Student_0427,Female,42,D002,1,1,3.7143,0.0,3.7143,63,No,Yes,Not Eligible,0,Completed,Low Risk
S0428,D/BCS/25/0438,Student_0428,Female,42,D002,1,1,3.8381,0.0,3.8381,98,No,Yes,Eligible,0,Completed,Low Risk
S0429,D/BCS/25/0439,Student_0429,Male,41,D002,2,4,3.1737,2.87,3.0487,99,No,Yes,Eligible,0,Completed,Low Risk
S0430,D/COE/25/0440,Student_0430,Male,39,D003,4,8,2.52,3.0905,3.0174,72,No,Yes,Not Eligible,0,Completed,Low Risk
S0431,D/COE/25/0441,Student_0431,Male,41,D003,2,4,3.6526,3.5737,3.5266,100,No,Yes,Eligible,0,Completed,Low Risk
S0432,D/BSE/25/0442,Student_0432,Female,42,D001,1,2,3.3667,3.5238,3.4513,62,No,Yes,Not Eligible,0,Completed,Low Risk
S0433,D/BSE/25/0443,Student_0433,Male,42,D001,1,2,3.0611,3.5429,3.3205,81,No,Yes,Eligible,0,Completed,Low Risk
S0434,D/ICT/25/0444,Student_0434,Female,41,D005,2,3,2.3957,2.235,2.3226,80,No,Yes,Eligible,1,Not Completed,Medium Risk
S0435,D/BSE/25/0445,Student_0435,Male,40,D001,3,5,2.7077,2.5684,2.5635,81,No,Yes,Eligible,1,Not Completed,Medium Risk
S0436,D/BSE/25/0446,Student_0436,Male,41,D001,2,3,3.34,3.4833,3.4475,90,No,Yes,Eligible,0,Completed,Low Risk
S0437,D/COE/25/0447,Student_0437,Female,40,D003,3,5,3.6222,3.7579,3.6717,88,No,Yes,Eligible,0,Completed,Low Risk
S0438,D/BSE/25/0448,Student_0438,Male,42,D001,1,1,3.8714,0.0,3.8714,75,No,Yes,Not Eligible,0,Completed,Low Risk
S0439,D/COE/25/0449,Student_0439,Male,39,D003,4,8,4.0,3.9571,3.9078,97,No,Yes,Eligible,0,Completed,Low Risk
S0440,D/COE/25/0450,Student_0440,Female,42,D003,1,1,3.4238,0.0,3.4238,91,No,Yes,Eligible,0,Completed,Low Risk
S0441,D/BSE/25/0451,Student_0441,Male,41,D001,2,3,3.1,3.4444,3.2271,77,No,Yes,Not Eligible,0,Completed,Low Risk
S0442,D/BSE/25/0452,Student_0442,Male,42,D001,1,1,3.9048,0.0,3.9048,91,No,Yes,Eligible,0,Completed,Low Risk
S0443,D/BCS/25/0453,Student_0443,Male,42,D002,1,2,3.9667,3.8571,3.9077,72,No,Yes,Not Eligible,0,Completed,Low Risk
S0444,D/BSE/25/0454,Student_0444,Male,42,D001,1,2,2.8389,3.1381,3.0,81,No,Yes,Eligible,0,Completed,Low Risk
S0445,D/DBA/25/0455,Student_0445,Female,40,D004,3,5,3.9684,3.75,3.7488,87,No,Yes,Eligible,0,Completed,Low Risk
S0446,D/COE/25/0456,Student_0446,Female,39,D003,4,8,4.0,3.9333,3.8701,85,No,Yes,Eligible,0,Completed,Low Risk
S0447,D/ICT/25/0457,Student_0447,Female,39,D005,4,8,3.86,3.6958,3.7208,92,No,Yes,Eligible,0,Completed,Low Risk
S0448,D/BSE/25/0458,Student_0448,Male,42,D001,1,2,3.85,3.9714,3.9154,97,No,Yes,Eligible,0,Completed,Low Risk
S0449,D/ICT/25/0459,Student_0449,Male,41,D005,2,4,3.8227,3.9348,3.8488,84,No,Yes,Eligible,0,Completed,Low Risk
S0450,D/ICT/25/0460,Student_0450,Male,41,D005,2,3,3.8696,3.925,3.9129,90,No,Yes,Eligible,0,Completed,Low Risk
S0451,D/BCS/25/0461,Student_0451,Male,39,D002,4,7,3.1444,3.2462,3.1493,90,No,Yes,Eligible,0,Completed,Low Risk
S0452,D/BCS/25/0462,Student_0452,Male,40,D002,3,6,2.5462,2.4846,2.4292,89,No,Yes,Eligible,4,Not Completed,High Risk
S0453,D/BSE/25/0463,Student_0453,Female,42,D001,1,1,3.9429,0.0,3.9429,100,No,Yes,Eligible,0,Completed,Low Risk
S0454,D/BCS/25/0464,Student_0454,Female,41,D002,2,3,3.69,3.45,3.4305,77,No,Yes,Not Eligible,0,Completed,Low Risk
S0455,D/BSE/25/0465,Student_0455,Male,42,D001,1,2,2.5389,2.7857,2.6718,91,No,Yes,Eligible,0,Completed,Medium Risk
S0456,D/BSE/25/0466,Student_0456,Male,42,D001,1,2,2.7222,2.8571,2.7949,78,No,Yes,Not Eligible,0,Completed,Medium Risk
S0457,D/BSE/25/0467,Student_0457,Female,40,D001,3,5,3.6692,3.2,3.524,82,No,Yes,Eligible,0,Completed,Low Risk
S0458,D/ICT/25/0468,Student_0458,Female,41,D005,2,3,3.9043,3.65,3.8194,86,No,Yes,Eligible,0,Completed,Low Risk
S0459,D/ICT/25/0469,Student_0459,Male,42,D005,1,1,3.9684,0.0,3.9684,76,No,Yes,Not Eligible,0,Completed,Low Risk
S0460,D/DBA/25/0470,Student_0460,Male,41,D004,2,4,3.7071,3.4111,3.5862,89,No,Yes,Eligible,0,Completed,Low Risk
S0461,D/BSE/25/0471,Student_0461,Male,40,D001,3,6,3.868,3.7231,3.7047,76,No,Yes,Not Eligible,0,Completed,Low Risk
S0462,D/BSE/25/0472,Student_0462,Male,42,D001,1,2,2.9222,2.6857,2.7949,87,No,Yes,Eligible,0,Completed,Medium Risk
S0463,D/COE/25/0473,Student_0463,Male,42,D003,1,2,3.51,3.3714,3.439,96,No,Yes,Eligible,0,Completed,Low Risk
S0464,D/BSE/25/0474,Student_0464,Male,40,D001,3,5,2.8231,3.3053,2.8798,79,No,Yes,Not Eligible,0,Completed,Medium Risk
S0465,D/BSE/25/0475,Student_0465,Male,42,D001,1,2,2.9833,2.5286,2.7385,75,No,Yes,Not Eligible,0,Completed,Medium Risk
S0466,D/DBA/25/0476,Student_0466,Male,42,D004,1,2,2.4,3.1562,2.7667,77,No,Yes,Not Eligible,0,Completed,Medium Risk
S0467,D/BSE/25/0477,Student_0467,Male,42,D001,1,2,3.1111,3.5952,3.3718,82,No,Yes,Eligible,0,Completed,Low Risk
S0468,D/DBA/25/0478,Student_0468,Male,42,D004,1,1,3.6625,0.0,3.6625,98,No,Yes,Eligible,0,Completed,Low Risk
S0469,D/BSE/25/0479,Student_0469,Male,42,D001,1,2,3.6389,3.7143,3.6795,74,No,Yes,Not Eligible,0,Completed,Low Risk
S0470,D/DBA/25/0480,Student_0470,Female,42,D004,1,2,2.9353,2.7188,2.8303,83,No,Yes,Eligible,0,Completed,Medium Risk
S0471,D/ICT/25/0481,Student_0471,Female,42,D005,1,2,1.67,2.4368,2.0436,91,No,Yes,Eligible,2,Not Completed,High Risk
S0472,D/ICT/25/0482,Student_0472,Male,42,D005,1,1,3.8211,0.0,3.8211,79,No,Yes,Not Eligible,0,Completed,Low Risk
S0473,D/BSE/25/0483,Student_0473,Male,42,D001,1,2,3.7056,3.5619,3.6282,70,No,Yes,Not Eligible,0,Completed,Low Risk
S0474,D/BCS/25/0484,Student_0474,Female,41,D002,2,3,3.3,3.3778,3.3814,64,No,Yes,Not Eligible,0,Completed,Low Risk
S0475,D/BCS/25/0485,Student_0475,Female,42,D002,1,2,3.5944,3.5667,3.5795,87,No,Yes,Eligible,0,Completed,Low Risk
S0476,D/COE/25/0486,Student_0476,Male,42,D003,1,2,3.885,3.9857,3.9366,97,No,Yes,Eligible,0,Completed,Low Risk
S0477,D/BCS/25/0487,Student_0477,Male,42,D002,1,2,3.7722,3.9381,3.8615,93,No,Yes,Eligible,0,Completed,Low Risk
S0478,D/BSE/25/0488,Student_0478,Female,40,D001,3,6,4.0,3.9769,3.9876,73,Yes,Yes,Eligible,0,Completed,Low Risk
S0479,D/BSE/25/0489,Student_0479,Male,42,D001,1,2,3.8889,3.7143,3.7949,100,No,Yes,Eligible,0,Completed,Low Risk
S0480,D/BCS/25/0490,Student_0480,Male,41,D002,2,3,3.56,3.4611,3.5203,84,No,Yes,Eligible,0,Completed,Low Risk
S0481,D/COE/25/0491,Student_0481,Male,40,D003,3,6,2.452,2.2,2.2229,79,No,Yes,Not Eligible,4,Not Completed,High Risk
S0482,D/BSE/25/0492,Student_0482,Male,40,D001,3,6,3.396,3.3846,3.4581,90,No,Yes,Eligible,0,Completed,Low Risk
S0483,D/BSE/25/0493,Student_0483,Male,41,D001,2,4,3.1947,3.41,3.4692,73,Yes,Yes,Eligible,0,Completed,Low Risk
S0484,D/DBA/25/0494,Student_0484,Male,41,D004,2,4,3.9,3.6722,3.74,100,No,Yes,Eligible,0,Completed,Low Risk
S0485,D/DBA/25/0495,Student_0485,Male,42,D004,1,2,3.8765,3.9438,3.9091,99,No,No,Not Eligible,0,Completed,Low Risk
S0486,D/ICT/25/0496,Student_0486,Male,42,D005,1,2,3.53,3.4947,3.5128,89,No,Yes,Eligible,0,Completed,Low Risk
S0487,D/COE/25/0497,Student_0487,Male,42,D003,1,2,2.775,2.9095,2.8439,87,No,Yes,Eligible,0,Completed,Medium Risk
S0488,D/COE/25/0498,Student_0488,Male,39,D003,4,8,3.3,3.5238,3.1653,81,No,Yes,Eligible,1,Not Completed,Low Risk
S0489,D/BCS/25/0499,Student_0489,Female,40,D002,3,6,3.8462,3.7154,3.7292,86,No,Yes,Eligible,0,Completed,Low Risk
S0490,D/BCS/25/0500,Student_0490,Male,39,D002,4,7,3.7444,3.8231,3.5676,84,No,Yes,Eligible,0,Completed,Low Risk
S0491,D/BSE/25/0501,Student_0491,Female,41,D001,2,4,3.9211,3.6,3.7051,84,No,Yes,Eligible,0,Completed,Low Risk
S0492,D/BSE/25/0502,Student_0492,Male,42,D001,1,2,2.7611,2.9905,2.8846,85,No,Yes,Eligible,0,Completed,Medium Risk
S0493,D/ICT/25/0503,Student_0493,Male,41,D005,2,3,3.0043,3.53,3.3597,73,No,Yes,Not Eligible,0,Completed,Low Risk
S0494,D/BSE/25/0504,Student_0494,Male,39,D001,4,7,2.9625,3.22,3.0103,84,No,Yes,Eligible,1,Not Completed,Low Risk
S0495,D/BCS/25/0505,Student_0495,Male,40,D002,3,6,2.8115,2.6462,2.7754,93,No,Yes,Eligible,1,Not Completed,Medium Risk
S0496,D/BSE/25/0506,Student_0496,Female,40,D001,3,6,3.476,3.1308,3.2938,71,Yes,Yes,Eligible,0,Completed,Low Risk
S0497,D/ICT/25/0507,Student_0497,Female,42,D005,1,1,3.9684,0.0,3.9684,90,No,Yes,Eligible,0,Completed,Low Risk
S0498,D/ICT/25/0508,Student_0498,Male,41,D005,2,4,3.9727,4.0,3.9845,93,No,Yes,Eligible,0,Completed,Low Risk
S0499,D/BSE/25/0509,Student_0499,Male,41,D001,2,3,3.74,3.8111,3.7966,100,No,Yes,Eligible,0,Completed,Low Risk
S0500,D/COE/25/0510,Student_0500,Male,40,D003,3,6,3.328,3.2037,3.1672,94,No,Yes,Eligible,0,Completed,Low Risk
S0501,D/COE/25/0511,Student_0501,Male,42,D003,1,1,3.8238,0.0,3.8238,82,No,Yes,Eligible,0,Completed,Low Risk
S0502,D/BSE/25/0512,Student_0502,Male,40,D001,3,6,4.0,3.9538,3.9543,86,No,Yes,Eligible,0,Completed,Low Risk
S0503,D/BCS/25/0513,Student_0503,Female,42,D002,1,1,3.6286,0.0,3.6286,79,Yes,No,Not Eligible,0,Completed,Low Risk
S0504,D/BCS/25/0514,Student_0504,Male,42,D002,1,1,3.781,0.0,3.781,98,No,Yes,Eligible,0,Completed,Low Risk
S0505,D/ICT/25/0515,Student_0505,Female,41,D005,2,3,3.8435,3.545,3.7629,86,No,Yes,Eligible,0,Completed,Low Risk
S0506,D/DBA/25/0516,Student_0506,Female,40,D004,3,5,3.3895,3.3429,3.4607,78,No,Yes,Not Eligible,0,Completed,Low Risk
S0507,D/BSE/25/0517,Student_0507,Male,42,D001,1,2,3.2444,3.5905,3.4308,100,No,No,Not Eligible,0,Completed,Low Risk
S0508,D/BSE/25/0518,Student_0508,Male,39,D001,4,8,2.1,2.375,2.8425,91,No,Yes,Eligible,0,Completed,Medium Risk
S0509,D/BCS/25/0519,Student_0509,Female,42,D002,1,2,3.6833,3.581,3.6282,94,No,Yes,Eligible,0,Completed,Low Risk
S0510,D/COE/25/0520,Student_0510,Male,39,D003,4,8,2.54,2.8095,2.8048,88,No,Yes,Eligible,2,Not Completed,High Risk
S0511,D/BCS/25/0521,Student_0511,Male,41,D002,2,3,3.34,3.1611,3.4424,73,No,Yes,Not Eligible,0,Completed,Low Risk
S0512,D/BCS/25/0522,Student_0512,Female,42,D002,1,1,2.9429,0.0,2.9429,90,No,Yes,Eligible,0,Completed,Medium Risk
S0513,D/DBA/25/0523,Student_0513,Female,41,D004,2,4,3.6714,3.5333,3.5846,100,No,Yes,Eligible,0,Completed,Low Risk
S0514,D/ICT/25/0524,Student_0514,Male,39,D005,4,8,3.8267,3.875,3.7436,82,No,Yes,Eligible,0,Completed,Low Risk
S0515,D/COE/25/0525,Student_0515,Male,41,D003,2,4,3.7842,3.0316,3.4139,89,No,Yes,Eligible,0,Completed,Low Risk
S0516,D/BSE/25/0526,Student_0516,Female,40,D001,3,5,2.9692,2.6947,2.7048,98,No,Yes,Eligible,0,Completed,Medium Risk
S0517,D/BSE/25/0527,Student_0517,Female,39,D001,4,7,2.45,3.024,2.9945,81,No,Yes,Eligible,1,Not Completed,Medium Risk
S0518,D/DBA/25/0528,Student_0518,Male,40,D004,3,6,2.7381,3.3842,3.1743,76,No,Yes,Not Eligible,0,Completed,Low Risk
S0519,D/DBA/25/0529,Student_0519,Male,41,D004,2,4,3.9571,3.95,3.9462,82,No,Yes,Eligible,0,Completed,Low Risk
S0520,D/BCS/25/0530,Student_0520,Female,42,D002,1,2,3.0111,3.2048,3.1154,83,No,Yes,Eligible,0,Completed,Low Risk
S0521,D/ICT/25/0531,Student_0521,Male,40,D005,3,6,3.0,3.685,3.7264,79,Yes,Yes,Eligible,0,Completed,Low Risk
S0522,D/COE/25/0532,Student_0522,Male,42,D003,1,1,2.7381,0.0,2.7381,83,No,Yes,Eligible,0,Completed,Medium Risk
S0523,D/DBA/25/0533,Student_0523,Female,40,D004,3,5,3.5474,3.1643,3.1917,87,No,Yes,Eligible,0,Completed,Low Risk
S0524,D/ICT/25/0534,Student_0524,Female,41,D005,2,3,4.0,4.0,4.0,100,No,Yes,Eligible,0,Completed,Low Risk
S0525,D/BCS/25/0535,Student_0525,Female,42,D002,1,2,3.2111,3.1238,3.1641,86,No,Yes,Eligible,0,Completed,Low Risk
S0526,D/BCS/25/0536,Student_0526,Male,40,D002,3,5,3.4846,3.6211,3.701,89,No,Yes,Eligible,0,Completed,Low Risk
S0527,D/BCS/25/0537,Student_0527,Male,39,D002,4,8,2.4,3.4,3.2025,88,No,Yes,Eligible,0,Completed,Low Risk
S0528,D/ICT/25/0538,Student_0528,Male,39,D005,4,7,3.8292,4.0,3.6015,96,No,Yes,Eligible,0,Completed,Low Risk
S0529,D/BCS/25/0539,Student_0529,Male,40,D002,3,6,3.4,3.5385,3.3808,79,No,Yes,Not Eligible,0,Completed,Low Risk
S0530,D/BCS/25/0540,Student_0530,Female,40,D002,3,6,3.75,3.8769,3.8223,91,No,Yes,Eligible,0,Completed,Low Risk
S0531,D/COE/25/0541,Student_0531,Male,42,D003,1,1,2.2952,0.0,2.2952,77,No,Yes,Not Eligible,2,Not Completed,High Risk
S0532,D/ICT/25/0542,Student_0532,Female,39,D005,4,8,3.7867,3.9125,3.8409,89,No,Yes,Eligible,0,Completed,Low Risk
S0533,D/BSE/25/0543,Student_0533,Male,39,D001,4,8,3.7,3.925,3.6613,82,No,Yes,Eligible,0,Completed,Low Risk
S0534,D/COE/25/0544,Student_0534,Female,41,D003,2,3,3.8947,3.9,3.8767,96,No,Yes,Eligible,0,Completed,Low Risk
S0535,D/BCS/25/0545,Student_0535,Male,39,D002,4,7,3.1444,3.5923,3.327,66,No,Yes,Not Eligible,0,Completed,Low Risk
S0536,D/BCS/25/0546,Student_0536,Male,42,D002,1,2,2.7222,2.9048,2.8205,93,No,Yes,Eligible,0,Completed,Medium Risk
S0537,D/DBA/25/0547,Student_0537,Male,42,D004,1,1,2.3,0.0,2.3,90,No,Yes,Eligible,0,Completed,Medium Risk
S0538,D/COE/25/0548,Student_0538,Female,42,D003,1,2,3.555,3.519,3.5366,78,Yes,No,Not Eligible,0,Completed,Low Risk
S0539,D/BSE/25/0549,Student_0539,Female,40,D001,3,5,3.9231,3.7158,3.8327,100,No,Yes,Eligible,0,Completed,Low Risk
S0540,D/COE/25/0550,Student_0540,Male,40,D003,3,6,3.136,3.1074,3.0336,78,No,No,Not Eligible,0,Completed,Low Risk
S0541,D/BSE/25/0551,Student_0541,Male,42,D001,1,1,3.8714,0.0,3.8714,87,No,Yes,Eligible,0,Completed,Low Risk
S0542,D/COE/25/0552,Student_0542,Female,40,D003,3,5,3.9778,4.0,3.9651,78,No,Yes,Not Eligible,0,Completed,Low Risk
S0543,D/BCS/25/0553,Student_0543,Male,42,D002,1,1,3.681,0.0,3.681,77,No,Yes,Not Eligible,0,Completed,Low Risk
S0544,D/BSE/25/0554,Student_0544,Male,42,D001,1,2,2.7944,2.9857,2.8974,100,No,Yes,Eligible,0,Completed,Medium Risk
S0545,D/DBA/25/0555,Student_0545,Male,39,D004,4,7,3.4846,3.9333,3.7191,74,No,Yes,Not Eligible,0,Completed,Low Risk
S0546,D/BCS/25/0556,Student_0546,Male,41,D002,2,3,2.86,2.7778,2.7169,81,No,Yes,Eligible,0,Completed,Medium Risk
S0547,D/COE/25/0557,Student_0547,Male,42,D003,1,2,3.755,3.7095,3.7317,84,No,Yes,Eligible,0,Completed,Low Risk
S0548,D/DBA/25/0558,Student_0548,Male,41,D004,2,4,2.9429,3.1444,3.0015,94,No,Yes,Eligible,0,Completed,Low Risk
S0549,D/ICT/25/0559,Student_0549,Male,40,D005,3,5,3.95,4.0,3.9635,89,No,Yes,Eligible,0,Completed,Low Risk
S0550,D/BSE/25/0560,Student_0550,Male,40,D001,3,5,3.4154,3.7684,3.5288,95,No,Yes,Eligible,0,Completed,Low Risk
S0551,D/BSE/25/0561,Student_0551,Female,40,D001,3,6,3.896,3.9538,3.9271,80,No,Yes,Eligible,0,Completed,Low Risk
S0552,D/ICT/25/0562,Student_0552,Male,40,D005,3,5,3.87,3.8818,3.9058,93,No,Yes,Eligible,0,Completed,Low Risk
S0553,D/BCS/25/0563,Student_0553,Male,41,D002,2,3,3.65,3.7722,3.7915,90,No,Yes,Eligible,0,Completed,Low Risk
S0554,D/ICT/25/0564,Student_0554,Male,42,D005,1,2,3.28,3.2842,3.2821,86,No,Yes,Eligible,0,Completed,Low Risk
S0555,D/DBA/25/0565,Student_0555,Female,40,D004,3,5,4.0,3.8571,3.931,91,No,Yes,Eligible,0,Completed,Low Risk
S0556,D/BCS/25/0566,Student_0556,Male,41,D002,2,3,1.93,2.3667,2.1661,79,Yes,Yes,Eligible,2,Not Completed,High Risk
S0557,D/COE/25/0567,Student_0557,Male,39,D003,4,7,2.5619,2.716,2.7118,84,No,Yes,Eligible,1,Not Completed,Medium Risk
S0558,D/COE/25/0568,Student_0558,Male,41,D003,2,3,3.6947,3.655,3.6333,73,Yes,Yes,Eligible,0,Completed,Low Risk
S0559,D/BSE/25/0569,Student_0559,Male,40,D001,3,5,3.9769,4.0,3.9163,87,No,Yes,Eligible,0,Completed,Low Risk
S0560,D/BSE/25/0570,Student_0560,Female,41,D001,2,3,3.09,2.8278,3.0085,83,No,Yes,Eligible,0,Completed,Low Risk
S0561,D/COE/25/0571,Student_0561,Male,42,D003,1,1,3.7286,0.0,3.7286,80,No,Yes,Eligible,0,Completed,Low Risk
S0562,D/BCS/25/0572,Student_0562,Female,41,D002,2,4,3.7368,3.9,3.75,76,No,Yes,Not Eligible,0,Completed,Low Risk
S0563,D/DBA/25/0573,Student_0563,Male,42,D004,1,1,2.9188,0.0,2.9188,80,No,Yes,Eligible,0,Completed,Medium Risk
S0564,D/COE/25/0574,Student_0564,Male,40,D003,3,5,3.1963,3.4053,3.0292,87,No,Yes,Eligible,2,Not Completed,Medium Risk
S0565,D/BCS/25/0575,Student_0565,Male,42,D002,1,1,3.4667,0.0,3.4667,83,No,Yes,Eligible,0,Completed,Low Risk
S0566,D/ICT/25/0576,Student_0566,Male,41,D005,2,3,2.9609,3.175,3.2161,95,No,Yes,Eligible,0,Completed,Low Risk
S0567,D/BCS/25/0577,Student_0567,Male,40,D002,3,5,3.9538,3.8632,3.8856,89,No,Yes,Eligible,0,Completed,Low Risk
S0568,D/ICT/25/0578,Student_0568,Female,40,D005,3,6,3.0,2.505,2.8545,86,No,Yes,Eligible,0,Completed,Medium Risk
S0569,D/BCS/25/0579,Student_0569,Male,42,D002,1,2,3.4889,3.5857,3.541,81,No,Yes,Eligible,0,Completed,Low Risk
S0570,D/COE/25/0580,Student_0570,Female,42,D003,1,1,3.6143,0.0,3.6143,97,No,Yes,Eligible,0,Completed,Low Risk
S0571,D/BCS/25/0581,Student_0571,Male,42,D002,1,1,2.4524,0.0,2.4524,98,No,Yes,Eligible,0,Completed,Medium Risk
S0572,D/BSE/25/0582,Student_0572,Male,42,D001,1,2,3.8889,3.9,3.8949,72,No,Yes,Not Eligible,0,Completed,Low Risk
S0573,D/ICT/25/0583,Student_0573,Male,40,D005,3,6,3.0,3.635,3.6345,85,No,Yes,Eligible,0,Completed,Low Risk
S0574,D/BCS/25/0584,Student_0574,Male,40,D002,3,6,3.9308,3.9769,3.9108,79,No,Yes,Not Eligible,0,Completed,Low Risk
S0575,D/ICT/25/0585,Student_0575,Female,40,D005,3,6,4.0,3.405,3.53,79,No,Yes,Not Eligible,0,Completed,Low Risk
S0576,D/COE/25/0586,Student_0576,Male,40,D003,3,5,3.1148,3.4789,3.3283,74,No,Yes,Not Eligible,0,Completed,Low Risk
S0577,D/COE/25/0587,Student_0577,Male,40,D003,3,5,3.5704,3.6947,3.6283,92,No,Yes,Eligible,0,Completed,Low Risk
S0578,D/ICT/25/0588,Student_0578,Female,41,D005,2,3,3.5043,3.345,3.3935,81,No,Yes,Eligible,0,Completed,Low Risk
S0579,D/ICT/25/0589,Student_0579,Female,39,D005,4,8,3.2133,3.5458,3.3839,76,No,Yes,Not Eligible,0,Completed,Low Risk
S0580,D/COE/25/0590,Student_0580,Male,41,D003,2,3,3.7263,3.955,3.845,79,No,Yes,Not Eligible,0,Completed,Low Risk
S0581,D/DBA/25/0591,Student_0581,Male,42,D004,1,1,3.3812,0.0,3.3812,87,No,Yes,Eligible,0,Completed,Low Risk
S0582,D/ICT/25/0592,Student_0582,Female,41,D005,2,3,3.9348,3.93,3.9097,93,No,Yes,Eligible,0,Completed,Low Risk
S0583,D/DBA/25/0593,Student_0583,Male,41,D004,2,4,4.0,3.9667,3.9815,75,No,No,Not Eligible,0,Completed,Low Risk
S0584,D/ICT/25/0594,Student_0584,Female,42,D005,1,1,4.0,0.0,4.0,92,No,Yes,Eligible,0,Completed,Low Risk
S0585,D/BCS/25/0595,Student_0585,Male,41,D002,2,4,2.3526,2.28,2.2321,83,No,Yes,Eligible,1,Not Completed,Medium Risk
S0586,D/COE/25/0596,Student_0586,Female,42,D003,1,1,3.8048,0.0,3.8048,89,No,Yes,Eligible,0,Completed,Low Risk
S0587,D/BSE/25/0597,Student_0587,Female,39,D001,4,7,2.8375,2.016,2.7724,100,No,Yes,Eligible,2,Not Completed,High Risk
S0588,D/ICT/25/0598,Student_0588,Male,41,D005,2,4,3.2591,3.4435,3.4071,90,No,Yes,Eligible,0,Completed,Low Risk
S0589,D/DBA/25/0599,Student_0589,Male,40,D004,3,6,3.7381,3.7158,3.7267,100,No,Yes,Eligible,0,Completed,Low Risk
S0590,D/DBA/25/0600,Student_0590,Female,41,D004,2,3,3.4389,3.6412,3.5863,86,No,Yes,Eligible,0,Completed,Low Risk
S0591,D/BSE/25/0601,Student_0591,Male,40,D001,3,6,3.004,3.3077,2.924,75,No,Yes,Not Eligible,0,Completed,Medium Risk
S0592,D/COE/25/0602,Student_0592,Female,42,D003,1,2,3.38,3.5905,3.4878,88,No,Yes,Eligible,0,Completed,Low Risk
S0593,D/DBA/25/0603,Student_0593,Female,42,D004,1,1,3.65,0.0,3.65,81,No,Yes,Eligible,0,Completed,Low Risk
S0594,D/ICT/25/0604,Student_0594,Female,40,D005,3,5,2.47,2.4227,2.4433,91,No,Yes,Eligible,1,Not Completed,Medium Risk
S0595,D/BSE/25/0605,Student_0595,Female,42,D001,1,2,3.9833,3.9333,3.9564,82,No,No,Not Eligible,0,Completed,Low Risk
S0596,D/DBA/25/0606,Student_0596,Male,39,D004,4,8,3.3,3.7154,3.5971,100,No,Yes,Eligible,0,Completed,Low Risk
S0597,D/DBA/25/0607,Student_0597,Male,42,D004,1,1,2.9688,0.0,2.9688,79,No,Yes,Not Eligible,0,Completed,Medium Risk
S0598,D/BCS/25/0608,Student_0598,Male,40,D002,3,5,4.0,3.9526,3.9827,67,Yes,Yes,Eligible,0,Completed,Low Risk
S0599,D/BSE/25/0609,Student_0599,Female,39,D001,4,8,1.72,2.05,2.0412,88,No,No,Not Eligible,9,Not Completed,High Risk
S0600,D/ICT/25/0610,Student_0600,Male,40,D005,3,6,4.0,3.825,3.7836,90,No,Yes,Eligible,0,Completed,Low Risk
S0601,D/BSE/25/0611,Student_0601,Male,40,D001,3,5,3.5154,3.7368,3.6644,68,Yes,Yes,Eligible,0,Completed,Low Risk
S0602,D/BSE/25/0612,Student_0602,Male,42,D001,1,2,1.4611,2.0095,1.7564,84,No,Yes,Eligible,4,Not Completed,High Risk
S0603,D/BSE/25/0613,Student_0603,Female,42,D001,1,2,3.2889,3.1714,3.2256,91,No,Yes,Eligible,0,Completed,Low Risk
S0604,D/BSE/25/0614,Student_0604,Male,42,D001,1,2,4.0,3.681,3.8282,82,No,Yes,Eligible,0,Completed,Low Risk
S0605,D/DBA/25/0615,Student_0605,Female,39,D004,4,7,3.6462,3.8286,3.7344,80,No,Yes,Eligible,0,Completed,Low Risk
S0606,D/ICT/25/0616,Student_0606,Male,42,D005,1,1,3.6053,0.0,3.6053,89,No,Yes,Eligible,0,Completed,Low Risk
S0607,D/COE/25/0617,Student_0607,Male,42,D003,1,2,3.415,3.4571,3.4366,70,Yes,Yes,Eligible,0,Completed,Low Risk
S0608,D/DBA/25/0618,Student_0608,Female,41,D004,2,3,3.0667,2.9118,3.1941,95,No,No,Not Eligible,0,Completed,Low Risk
S0609,D/COE/25/0619,Student_0609,Male,42,D003,1,1,3.8619,0.0,3.8619,88,No,Yes,Eligible,0,Completed,Low Risk
S0610,D/BCS/25/0620,Student_0610,Female,39,D002,4,8,3.82,3.8889,3.9712,88,No,Yes,Eligible,0,Completed,Low Risk
S0611,D/BSE/25/0621,Student_0611,Female,39,D001,4,7,3.8,3.612,3.7276,89,No,Yes,Eligible,0,Completed,Low Risk
S0612,D/BCS/25/0622,Student_0612,Male,40,D002,3,5,3.2308,3.1105,3.026,85,No,Yes,Eligible,0,Completed,Low Risk
S0613,D/BSE/25/0623,Student_0613,Female,42,D001,1,2,3.3,3.4476,3.3795,92,No,Yes,Eligible,0,Completed,Low Risk
S0614,D/COE/25/0624,Student_0614,Male,42,D003,1,1,3.5714,0.0,3.5714,89,No,Yes,Eligible,0,Completed,Low Risk
S0615,D/COE/25/0625,Student_0615,Female,40,D003,3,5,3.137,2.8105,2.9387,67,Yes,Yes,Eligible,0,Completed,Medium Risk
S0616,D/ICT/25/0626,Student_0616,Female,41,D005,2,4,3.8091,3.8826,3.7988,82,No,Yes,Eligible,0,Completed,Low Risk
S0617,D/BSE/25/0627,Student_0617,Male,39,D001,4,8,1.9,2.3625,2.1588,100,No,Yes,Eligible,8,Not Completed,High Risk
S0618,D/DBA/25/0628,Student_0618,Male,41,D004,2,3,3.55,3.8471,3.7902,81,No,Yes,Eligible,0,Completed,Low Risk
S0619,D/COE/25/0629,Student_0619,Male,40,D003,3,5,3.6704,3.4053,3.7038,83,No,Yes,Eligible,0,Completed,Low Risk
S0620,D/ICT/25/0630,Student_0620,Male,39,D005,4,7,3.2042,4.0,3.3433,97,No,Yes,Eligible,0,Completed,Low Risk
S0621,D/BSE/25/0631,Student_0621,Female,42,D001,1,1,3.4476,0.0,3.4476,95,No,Yes,Eligible,0,Completed,Low Risk
S0622,D/BCS/25/0632,Student_0622,Female,41,D002,2,4,3.4789,3.63,3.5449,84,No,Yes,Eligible,0,Completed,Low Risk
S0623,D/DBA/25/0633,Student_0623,Female,40,D004,3,6,3.3762,3.1421,3.2676,81,No,Yes,Eligible,0,Completed,Low Risk
S0624,D/COE/25/0634,Student_0624,Male,41,D003,2,4,2.9684,3.3,3.1266,84,No,Yes,Eligible,0,Completed,Low Risk
S0625,D/COE/25/0635,Student_0625,Male,42,D003,1,1,3.7,0.0,3.7,84,No,Yes,Eligible,0,Completed,Low Risk
S0626,D/BSE/25/0636,Student_0626,Female,42,D001,1,1,2.4524,0.0,2.4524,79,No,Yes,Not Eligible,0,Completed,Medium Risk
S0627,D/ICT/25/0637,Student_0627,Female,39,D005,4,7,2.9917,4.0,3.3172,86,No,Yes,Eligible,0,Completed,Low Risk
S0628,D/BSE/25/0638,Student_0628,Female,42,D001,1,1,3.5,0.0,3.5,81,No,Yes,Eligible,0,Completed,Low Risk
S0629,D/DBA/25/0639,Student_0629,Male,42,D004,1,2,3.6,3.8938,3.7424,78,No,Yes,Not Eligible,0,Completed,Low Risk
S0630,D/BCS/25/0640,Student_0630,Male,39,D002,4,7,4.0,4.0,3.973,83,No,Yes,Eligible,0,Completed,Low Risk
S0631,D/BSE/25/0641,Student_0631,Male,42,D001,1,2,3.7611,3.8095,3.7872,92,No,Yes,Eligible,0,Completed,Low Risk
S0632,D/BSE/25/0642,Student_0632,Male,42,D001,1,1,2.4619,0.0,2.4619,76,No,Yes,Not Eligible,0,Completed,Medium Risk
S0633,D/BCS/25/0643,Student_0633,Male,41,D002,2,3,3.4,3.5222,3.3729,99,No,Yes,Eligible,0,Completed,Low Risk
S0634,D/BSE/25/0644,Student_0634,Female,41,D001,2,4,3.2789,3.22,3.441,92,No,Yes,Eligible,0,Completed,Low Risk
S0635,D/BSE/25/0645,Student_0635,Female,40,D001,3,5,3.9769,3.9526,3.9663,100,No,Yes,Eligible,0,Completed,Low Risk
S0636,D/ICT/25/0646,Student_0636,Male,40,D005,3,5,3.625,3.5682,3.5885,89,No,Yes,Eligible,0,Completed,Low Risk
S0637,D/COE/25/0647,Student_0637,Male,41,D003,2,3,3.8632,3.88,3.8933,80,No,Yes,Eligible,0,Completed,Low Risk
S0638,D/BCS/25/0648,Student_0638,Male,42,D002,1,1,3.3429,0.0,3.3429,94,No,Yes,Eligible,0,Completed,Low Risk
S0639,D/BSE/25/0649,Student_0639,Female,41,D001,2,3,3.03,3.4,3.1017,97,No,Yes,Eligible,0,Completed,Low Risk
S0640,D/ICT/25/0650,Student_0640,Male,41,D005,2,4,2.4136,2.5304,2.4369,89,No,Yes,Eligible,1,Not Completed,Medium Risk
S0641,D/BCS/25/0651,Student_0641,Female,42,D002,1,2,4.0,3.9857,3.9923,84,No,Yes,Eligible,0,Completed,Low Risk
S0642,D/BCS/25/0652,Student_0642,Male,41,D002,2,4,3.3105,3.18,3.2038,88,No,Yes,Eligible,0,Completed,Low Risk
S0643,D/ICT/25/0653,Student_0643,Male,42,D005,1,2,3.285,3.7053,3.4897,92,No,Yes,Eligible,0,Completed,Low Risk
S0644,D/COE/25/0654,Student_0644,Male,40,D003,3,5,3.9148,3.7842,3.833,64,No,Yes,Not Eligible,0,Completed,Low Risk
S0645,D/ICT/25/0655,Student_0645,Male,40,D005,3,6,2.7,2.775,3.1936,86,No,Yes,Eligible,1,Not Completed,Low Risk
S0646,D/BCS/25/0656,Student_0646,Male,40,D002,3,6,3.6192,3.6385,3.5454,80,No,Yes,Eligible,0,Completed,Low Risk
S0647,D/ICT/25/0657,Student_0647,Male,42,D005,1,2,2.475,3.1421,2.8,83,No,Yes,Eligible,0,Completed,Medium Risk
S0648,D/BCS/25/0658,Student_0648,Female,40,D002,3,6,3.4654,3.3615,3.3654,95,No,Yes,Eligible,0,Completed,Low Risk
S0649,D/BCS/25/0659,Student_0649,Male,40,D002,3,6,3.9654,3.7538,3.8669,74,No,Yes,Not Eligible,0,Completed,Low Risk
S0650,D/DBA/25/0660,Student_0650,Female,39,D004,4,7,3.7231,3.5143,3.5137,69,No,Yes,Not Eligible,0,Completed,Low Risk
S0651,D/BSE/25/0661,Student_0651,Male,42,D001,1,2,3.8111,3.6619,3.7308,88,No,Yes,Eligible,0,Completed,Low Risk
S0652,D/ICT/25/0662,Student_0652,Male,41,D005,2,4,3.8227,4.0,3.8917,97,No,Yes,Eligible,0,Completed,Low Risk
S0653,D/BSE/25/0663,Student_0653,Male,39,D001,4,7,3.875,3.648,3.6476,84,No,Yes,Eligible,0,Completed,Low Risk
S0654,D/BCS/25/0664,Student_0654,Male,40,D002,3,5,3.8,3.7947,3.8356,80,No,Yes,Eligible,0,Completed,Low Risk
S0655,D/DBA/25/0665,Student_0655,Female,41,D004,2,4,2.4143,2.5333,2.3492,100,No,Yes,Eligible,0,Completed,Medium Risk
S0656,D/ICT/25/0666,Student_0656,Female,40,D005,3,6,3.3,3.865,3.6745,82,No,Yes,Eligible,0,Completed,Low Risk
S0657,D/DBA/25/0667,Student_0657,Male,41,D004,2,4,3.9,4.0,3.9785,86,No,Yes,Eligible,0,Completed,Low Risk
S0658,D/DBA/25/0668,Student_0658,Female,40,D004,3,6,3.7286,3.7579,3.7705,88,No,Yes,Eligible,0,Completed,Low Risk
S0659,D/BCS/25/0669,Student_0659,Female,41,D002,2,3,3.14,3.0611,2.978,79,No,Yes,Not Eligible,0,Completed,Medium Risk
S0660,D/BSE/25/0670,Student_0660,Male,42,D001,1,1,3.6571,0.0,3.6571,88,No,Yes,Eligible,0,Completed,Low Risk
S0661,D/BSE/25/0671,Student_0661,Male,41,D001,2,4,3.8421,3.94,3.8423,72,Yes,Yes,Eligible,0,Completed,Low Risk
S0662,D/BSE/25/0672,Student_0662,Female,42,D001,1,1,3.6762,0.0,3.6762,83,No,Yes,Eligible,0,Completed,Low Risk
S0663,D/ICT/25/0673,Student_0663,Male,42,D005,1,2,3.475,2.8737,3.1821,100,No,Yes,Eligible,0,Completed,Low Risk
S0664,D/BCS/25/0674,Student_0664,Male,39,D002,4,8,2.6,1.9667,2.7172,81,No,Yes,Eligible,4,Not Completed,High Risk
S0665,D/BCS/25/0675,Student_0665,Male,41,D002,2,4,2.8789,2.94,3.0551,85,No,Yes,Eligible,1,Not Completed,Low Risk
S0666,D/BSE/25/0676,Student_0666,Male,40,D001,3,5,3.9231,4.0,3.9808,89,No,Yes,Eligible,0,Completed,Low Risk
S0667,D/BSE/25/0677,Student_0667,Male,42,D001,1,1,3.7143,0.0,3.7143,82,No,Yes,Eligible,0,Completed,Low Risk
S0668,D/BSE/25/0678,Student_0668,Male,41,D001,2,3,2.84,3.0111,3.1373,87,No,Yes,Eligible,0,Completed,Low Risk
S0669,D/COE/25/0679,Student_0669,Female,41,D003,2,3,4.0,3.97,3.9667,91,No,Yes,Eligible,0,Completed,Low Risk
S0670,D/BCS/25/0680,Student_0670,Male,40,D002,3,6,3.8077,3.8692,3.7415,77,No,Yes,Not Eligible,0,Completed,Low Risk
S0671,D/BSE/25/0681,Student_0671,Male,41,D001,2,3,2.74,2.6556,2.8,77,Yes,Yes,Eligible,1,Not Completed,Medium Risk
S0672,D/ICT/25/0682,Student_0672,Female,40,D005,3,6,4.0,3.63,3.63,71,No,Yes,Not Eligible,0,Completed,Low Risk
S0673,D/BCS/25/0683,Student_0673,Male,39,D002,4,8,4.0,3.9667,3.8528,95,No,Yes,Eligible,0,Completed,Low Risk
S0674,D/BCS/25/0684,Student_0674,Male,41,D002,2,3,3.41,3.3167,3.339,81,No,Yes,Eligible,0,Completed,Low Risk
S0675,D/BCS/25/0685,Student_0675,Female,41,D002,2,4,3.5684,3.84,3.7923,87,No,Yes,Eligible,0,Completed,Low Risk
S0676,D/ICT/25/0686,Student_0676,Male,42,D005,1,1,1.9789,0.0,1.9789,100,No,Yes,Eligible,0,Completed,Medium Risk
S0677,D/BSE/25/0687,Student_0677,Female,42,D001,1,2,3.65,3.8286,3.7462,89,No,Yes,Eligible,0,Completed,Low Risk
S0678,D/BSE/25/0688,Student_0678,Male,40,D001,3,5,3.6462,3.3105,3.5654,80,No,Yes,Eligible,0,Completed,Low Risk
S0679,D/BCS/25/0689,Student_0679,Female,42,D002,1,2,2.2389,2.4524,2.3538,92,No,Yes,Eligible,0,Completed,Medium Risk
S0680,D/BCS/25/0690,Student_0680,Male,42,D002,1,2,3.5167,3.6048,3.5641,73,Yes,Yes,Eligible,0,Completed,Low Risk
S0681,D/ICT/25/0691,Student_0681,Female,42,D005,1,2,3.655,3.9263,3.7872,94,No,Yes,Eligible,0,Completed,Low Risk
S0682,D/BCS/25/0692,Student_0682,Female,40,D002,3,5,3.9769,3.9526,3.9798,86,No,Yes,Eligible,0,Completed,Low Risk
S0683,D/BCS/25/0693,Student_0683,Female,41,D002,2,4,2.9,3.32,3.2551,92,No,Yes,Eligible,1,Not Completed,Low Risk
S0684,D/BCS/25/0694,Student_0684,Female,41,D002,2,4,3.7,3.2,3.1872,93,No,Yes,Eligible,0,Completed,Low Risk
S0685,D/BCS/25/0695,Student_0685,Male,40,D002,3,6,2.9654,2.6615,2.7877,69,No,Yes,Not Eligible,1,Not Completed,Medium Risk
S0686,D/BCS/25/0696,Student_0686,Male,42,D002,1,2,3.2389,3.2095,3.2231,82,No,Yes,Eligible,0,Completed,Low Risk
S0687,D/COE/25/0697,Student_0687,Female,40,D003,3,5,3.9778,4.0,3.9717,92,No,Yes,Eligible,0,Completed,Low Risk
S0688,D/BSE/25/0698,Student_0688,Male,39,D001,4,8,2.9,3.5,3.5337,96,No,Yes,Eligible,0,Completed,Low Risk
S0689,D/BCS/25/0699,Student_0689,Male,42,D002,1,2,3.4556,3.5381,3.5,97,No,Yes,Eligible,0,Completed,Low Risk
S0690,D/BCS/25/0700,Student_0690,Male,40,D002,3,5,3.3154,3.3526,3.2856,77,No,Yes,Not Eligible,0,Completed,Low Risk
S0691,D/COE/25/0701,Student_0691,Male,40,D003,3,5,3.7148,3.2,3.3868,100,No,Yes,Eligible,0,Completed,Low Risk
S0692,D/BCS/25/0702,Student_0692,Male,42,D002,1,2,3.1944,3.4571,3.3359,78,Yes,Yes,Eligible,0,Completed,Low Risk
S0693,D/COE/25/0703,Student_0693,Male,39,D003,4,8,2.18,2.6429,2.7144,90,No,Yes,Eligible,0,Completed,Medium Risk
S0694,D/COE/25/0704,Student_0694,Male,41,D003,2,3,3.3526,3.315,3.3717,76,Yes,Yes,Eligible,0,Completed,Low Risk
S0695,D/BCS/25/0705,Student_0695,Female,41,D002,2,4,3.5789,3.66,3.5974,73,No,Yes,Not Eligible,0,Completed,Low Risk
S0696,D/BSE/25/0706,Student_0696,Male,41,D001,2,3,3.57,3.5944,3.6017,99,No,Yes,Eligible,0,Completed,Low Risk
S0697,D/BCS/25/0707,Student_0697,Male,42,D002,1,2,3.75,4.0,3.8846,74,No,Yes,Not Eligible,0,Completed,Low Risk
S0698,D/BSE/25/0708,Student_0698,Male,42,D001,1,1,3.2143,0.0,3.2143,89,No,Yes,Eligible,0,Completed,Low Risk
S0699,D/BCS/25/0709,Student_0699,Male,40,D002,3,5,3.5615,3.4474,3.5548,95,No,Yes,Eligible,0,Completed,Low Risk
S0700,D/BCS/25/0710,Student_0700,Male,41,D002,2,4,3.9684,4.0,3.9308,72,Yes,Yes,Eligible,0,Completed,Low Risk
S0701,D/BCS/25/0711,Student_0701,Male,40,D002,3,6,3.1962,3.0231,2.9954,90,No,Yes,Eligible,0,Completed,Medium Risk
S0702,D/BCS/25/0712,Student_0702,Male,42,D002,1,1,3.9714,0.0,3.9714,96,No,Yes,Eligible,0,Completed,Low Risk
S0703,D/COE/25/0713,Student_0703,Female,39,D003,4,8,4.0,3.7476,3.8216,87,No,Yes,Eligible,0,Completed,Low Risk
S0704,D/BCS/25/0714,Student_0704,Male,40,D002,3,6,3.6615,3.6769,3.7246,91,No,Yes,Eligible,0,Completed,Low Risk
S0705,D/BSE/25/0715,Student_0705,Male,42,D001,1,1,3.5952,0.0,3.5952,67,No,Yes,Not Eligible,0,Completed,Low Risk
S0706,D/BSE/25/0716,Student_0706,Male,42,D001,1,1,3.2095,0.0,3.2095,89,No,Yes,Eligible,0,Completed,Low Risk
S0707,D/BCS/25/0717,Student_0707,Female,40,D002,3,6,3.8462,3.9,3.8423,86,No,Yes,Eligible,0,Completed,Low Risk
S0708,D/BCS/25/0718,Student_0708,Male,39,D002,4,7,2.8667,2.5115,2.5912,73,No,Yes,Not Eligible,2,Not Completed,High Risk
S0709,D/BSE/25/0719,Student_0709,Male,41,D001,2,4,3.8947,3.43,3.6,86,No,Yes,Eligible,0,Completed,Low Risk
S0710,D/BCS/25/0720,Student_0710,Female,40,D002,3,5,3.6154,2.7842,3.2827,82,No,Yes,Eligible,0,Completed,Low Risk
S0711,D/BSE/25/0721,Student_0711,Female,39,D001,4,7,3.875,3.944,3.9007,74,No,Yes,Not Eligible,0,Completed,Low Risk
S0712,D/BCS/25/0722,Student_0712,Male,40,D002,3,5,3.9231,3.7947,3.9019,96,No,Yes,Eligible,0,Completed,Low Risk
S0713,D/BSE/25/0723,Student_0713,Male,41,D001,2,4,3.2737,2.8,3.05,76,No,Yes,Not Eligible,0,Completed,Low Risk
S0714,D/BCS/25/0724,Student_0714,Male,39,D002,4,8,3.58,3.3667,3.3411,77,No,Yes,Not Eligible,0,Completed,Low Risk
S0715,D/ICT/25/0725,Student_0715,Male,40,D005,3,5,2.705,2.1364,2.5308,78,No,Yes,Not Eligible,1,Not Completed,Medium Risk
S0716,D/BSE/25/0726,Student_0716,Female,41,D001,2,4,2.2,2.09,1.9679,70,No,Yes,Not Eligible,4,Not Completed,High Risk
S0717,D/COE/25/0727,Student_0717,Male,41,D003,2,4,3.8895,4.0,3.9114,84,No,Yes,Eligible,0,Completed,Low Risk
S0718,D/BSE/25/0728,Student_0718,Male,42,D001,1,2,3.9222,3.9714,3.9487,81,No,Yes,Eligible,0,Completed,Low Risk
S0719,D/BCS/25/0729,Student_0719,Male,42,D002,1,1,3.2238,0.0,3.2238,87,No,Yes,Eligible,0,Completed,Low Risk
S0720,D/COE/25/0730,Student_0720,Male,40,D003,3,6,3.428,2.863,3.0855,94,No,No,Not Eligible,1,Not Completed,Low Risk
S0721,D/COE/25/0731,Student_0721,Female,41,D003,2,3,3.5895,3.35,3.545,73,No,Yes,Not Eligible,0,Completed,Low Risk
S0722,D/ICT/25/0732,Student_0722,Male,40,D005,3,5,3.865,3.7864,3.8788,98,No,Yes,Eligible,0,Completed,Low Risk
S0723,D/BCS/25/0733,Student_0723,Female,41,D002,2,4,3.5421,3.8,3.6538,90,No,No,Not Eligible,0,Completed,Low Risk
S0724,D/ICT/25/0734,Student_0724,Male,42,D005,1,2,2.595,2.4105,2.5051,94,No,Yes,Eligible,0,Completed,Medium Risk
S0725,D/BSE/25/0735,Student_0725,Male,39,D001,4,8,2.48,3.0,2.8019,59,No,Yes,Not Eligible,2,Not Completed,High Risk
S0726,D/ICT/25/0736,Student_0726,Male,40,D005,3,6,4.0,2.985,2.84,81,No,Yes,Eligible,1,Not Completed,Medium Risk
S0727,D/COE/25/0737,Student_0727,Female,39,D003,4,8,4.0,3.6952,3.8222,100,No,Yes,Eligible,0,Completed,Low Risk
S0728,D/COE/25/0738,Student_0728,Male,42,D003,1,1,3.2667,0.0,3.2667,89,No,Yes,Eligible,0,Completed,Low Risk
S0729,D/ICT/25/0739,Student_0729,Male,41,D005,2,4,2.7318,3.4391,3.1476,97,No,Yes,Eligible,0,Completed,Low Risk
S0730,D/BSE/25/0740,Student_0730,Male,39,D001,4,8,3.88,3.2375,2.9962,99,No,Yes,Eligible,2,Not Completed,High Risk
S0731,D/BSE/25/0741,Student_0731,Female,42,D001,1,2,3.8167,3.5476,3.6718,71,No,Yes,Not Eligible,0,Completed,Low Risk
S0732,D/ICT/25/0742,Student_0732,Male,40,D005,3,5,2.34,1.7773,2.4519,100,No,Yes,Eligible,3,Not Completed,High Risk
S0733,D/COE/25/0743,Student_0733,Female,41,D003,2,4,3.2684,3.3947,3.4241,81,No,Yes,Eligible,0,Completed,Low Risk
S0734,D/BCS/25/0744,Student_0734,Female,39,D002,4,7,3.7778,3.8692,3.9128,91,No,Yes,Eligible,0,Completed,Low Risk
S0735,D/BCS/25/0745,Student_0735,Male,42,D002,1,2,3.5222,3.8095,3.6769,88,No,Yes,Eligible,0,Completed,Low Risk
S0736,D/BCS/25/0746,Student_0736,Female,40,D002,3,5,3.6923,3.7421,3.5577,75,No,Yes,Not Eligible,0,Completed,Low Risk
S0737,D/BCS/25/0747,Student_0737,Male,42,D002,1,2,3.8556,3.5381,3.6846,97,No,Yes,Eligible,0,Completed,Low Risk
S0738,D/BCS/25/0748,Student_0738,Female,41,D002,2,4,3.4632,3.24,3.3205,73,No,Yes,Not Eligible,0,Completed,Low Risk
S0739,D/BSE/25/0749,Student_0739,Male,42,D001,1,1,3.7143,0.0,3.7143,85,No,Yes,Eligible,0,Completed,Low Risk
S0740,D/DBA/25/0750,Student_0740,Male,40,D004,3,5,2.6895,3.3714,3.1321,78,No,Yes,Not Eligible,0,Completed,Low Risk
S0741,D/ICT/25/0751,Student_0741,Female,42,D005,1,2,3.9,4.0,3.9487,100,No,Yes,Eligible,0,Completed,Low Risk
S0742,D/ICT/25/0752,Student_0742,Female,41,D005,2,3,3.2348,3.61,3.4823,88,No,Yes,Eligible,0,Completed,Low Risk
S0743,D/BCS/25/0753,Student_0743,Female,42,D002,1,2,3.4278,3.7048,3.5769,79,No,Yes,Not Eligible,0,Completed,Low Risk
S0744,D/ICT/25/0754,Student_0744,Female,41,D005,2,3,3.9087,3.4,3.6597,69,No,Yes,Not Eligible,0,Completed,Low Risk
S0745,D/BCS/25/0755,Student_0745,Male,42,D002,1,1,3.4667,0.0,3.4667,86,No,Yes,Eligible,0,Completed,Low Risk
S0746,D/ICT/25/0756,Student_0746,Female,41,D005,2,4,3.6045,3.8696,3.769,80,No,Yes,Eligible,0,Completed,Low Risk
S0747,D/BSE/25/0757,Student_0747,Female,41,D001,2,4,2.9316,3.36,3.1449,85,No,Yes,Eligible,0,Completed,Low Risk
S0748,D/BCS/25/0758,Student_0748,Male,42,D002,1,1,2.8667,0.0,2.8667,73,No,Yes,Not Eligible,0,Completed,Medium Risk
S0749,D/ICT/25/0759,Student_0749,Male,42,D005,1,1,3.8947,0.0,3.8947,78,No,Yes,Not Eligible,0,Completed,Low Risk
S0750,D/BSE/25/0760,Student_0750,Female,42,D001,1,1,3.7476,0.0,3.7476,93,No,Yes,Eligible,0,Completed,Low Risk
S0751,D/BCS/25/0761,Student_0751,Male,42,D002,1,1,3.4857,0.0,3.4857,83,No,Yes,Eligible,0,Completed,Low Risk
S0752,D/BSE/25/0762,Student_0752,Female,40,D001,3,5,2.4923,2.2421,2.3788,80,No,Yes,Eligible,1,Not Completed,Medium Risk
S0753,D/COE/25/0763,Student_0753,Female,40,D003,3,6,3.552,3.2778,3.2107,87,No,Yes,Eligible,0,Completed,Low Risk
S0754,D/BCS/25/0764,Student_0754,Male,40,D002,3,5,3.6462,3.6737,3.7462,89,No,Yes,Eligible,0,Completed,Low Risk
S0755,D/BCS/25/0765,Student_0755,Male,41,D002,2,4,3.8579,3.97,3.9397,75,No,Yes,Not Eligible,0,Completed,Low Risk
S0756,D/BCS/25/0766,Student_0756,Female,39,D002,4,7,3.0889,3.4,3.4723,85,No,Yes,Eligible,0,Completed,Low Risk
S0757,D/BCS/25/0767,Student_0757,Male,40,D002,3,6,3.6769,3.9462,3.7362,84,No,Yes,Eligible,0,Completed,Low Risk
S0758,D/BSE/25/0768,Student_0758,Male,41,D001,2,3,3.47,3.4333,3.3949,97,No,Yes,Eligible,0,Completed,Low Risk
S0759,D/COE/25/0769,Student_0759,Female,40,D003,3,6,3.1,2.6407,3.0237,91,No,Yes,Eligible,0,Completed,Low Risk
S0760,D/COE/25/0770,Student_0760,Male,42,D003,1,1,3.6571,0.0,3.6571,93,No,Yes,Eligible,0,Completed,Low Risk
S0761,D/BSE/25/0771,Student_0761,Male,40,D001,3,5,3.3308,3.2947,3.2702,80,No,Yes,Eligible,0,Completed,Low Risk
S0762,D/BCS/25/0772,Student_0762,Male,41,D002,2,3,3.3,2.9944,3.2373,78,No,Yes,Not Eligible,0,Completed,Low Risk
S0763,D/BCS/25/0773,Student_0763,Male,40,D002,3,5,2.8,2.1842,2.3606,82,No,No,Not Eligible,4,Not Completed,High Risk
S0764,D/BSE/25/0774,Student_0764,Male,41,D001,2,4,3.5316,3.7,3.5731,77,No,Yes,Not Eligible,0,Completed,Low Risk
S0765,D/BSE/25/0775,Student_0765,Male,40,D001,3,5,3.9769,3.5211,3.7538,80,No,Yes,Eligible,0,Completed,Low Risk
S0766,D/BSE/25/0776,Student_0766,Female,42,D001,1,1,3.6524,0.0,3.6524,73,Yes,Yes,Eligible,0,Completed,Low Risk
S0767,D/BSE/25/0777,Student_0767,Female,39,D001,4,7,3.8875,3.748,3.7062,84,No,Yes,Eligible,0,Completed,Low Risk
S0768,D/BCS/25/0778,Student_0768,Male,39,D002,4,7,3.0667,3.0385,3.0196,85,No,Yes,Eligible,0,Completed,Low Risk
S0769,D/DBA/25/0779,Student_0769,Male,41,D004,2,3,3.8667,4.0,3.9412,81,No,Yes,Eligible,0,Completed,Low Risk
S0770,D/ICT/25/0780,Student_0770,Female,41,D005,2,3,3.4087,3.6,3.4629,88,No,Yes,Eligible,0,Completed,Low Risk
S0771,D/BCS/25/0781,Student_0771,Female,41,D002,2,3,4.0,3.6056,3.7763,80,No,Yes,Eligible,0,Completed,Low Risk
S0772,D/BSE/25/0782,Student_0772,Male,41,D001,2,3,3.78,3.7056,3.6542,72,No,Yes,Not Eligible,1,Not Completed,Low Risk
S0773,D/ICT/25/0783,Student_0773,Female,41,D005,2,3,3.5565,3.335,3.3887,85,No,Yes,Eligible,0,Completed,Low Risk
S0774,D/DBA/25/0784,Student_0774,Female,40,D004,3,5,3.5842,3.9357,3.7631,81,No,Yes,Eligible,0,Completed,Low Risk
S0775,D/BCS/25/0785,Student_0775,Male,40,D002,3,6,3.6923,3.9077,3.7992,72,No,Yes,Not Eligible,0,Completed,Low Risk
S0776,D/ICT/25/0786,Student_0776,Female,40,D005,3,6,4.0,3.745,3.6182,81,No,Yes,Eligible,0,Completed,Low Risk
S0777,D/BCS/25/0787,Student_0777,Female,39,D002,4,8,4.0,3.9,3.7613,77,No,Yes,Not Eligible,0,Completed,Low Risk
S0778,D/COE/25/0788,Student_0778,Male,40,D003,3,5,3.7852,3.8316,3.733,87,No,Yes,Eligible,0,Completed,Low Risk
S0779,D/BCS/25/0789,Student_0779,Male,42,D002,1,1,3.2143,0.0,3.2143,94,No,Yes,Eligible,0,Completed,Low Risk
S0780,D/BCS/25/0790,Student_0780,Male,39,D002,4,7,3.1222,3.3692,3.2284,90,No,Yes,Eligible,0,Completed,Low Risk
S0781,D/ICT/25/0791,Student_0781,Female,39,D005,4,8,3.2933,3.675,3.3322,96,No,Yes,Eligible,0,Completed,Low Risk
S0782,D/BSE/25/0792,Student_0782,Female,41,D001,2,3,3.14,3.6889,3.3932,77,No,Yes,Not Eligible,0,Completed,Low Risk
S0783,D/ICT/25/0793,Student_0783,Female,42,D005,1,1,3.6421,0.0,3.6421,78,No,Yes,Not Eligible,0,Completed,Low Risk
S0784,D/BSE/25/0794,Student_0784,Female,42,D001,1,1,3.7095,0.0,3.7095,86,No,Yes,Eligible,0,Completed,Low Risk
S0785,D/BCS/25/0795,Student_0785,Male,42,D002,1,1,2.0286,0.0,2.0286,67,No,Yes,Not Eligible,2,Not Completed,High Risk
S0786,D/BCS/25/0796,Student_0786,Female,40,D002,3,6,1.9115,1.7,1.9454,88,No,Yes,Eligible,4,Not Completed,High Risk
S0787,D/BCS/25/0797,Student_0787,Female,40,D002,3,6,2.5615,2.1923,2.4762,65,No,Yes,Not Eligible,0,Completed,Medium Risk
S0788,D/BSE/25/0798,Student_0788,Female,41,D001,2,4,3.2526,3.27,3.2885,69,No,Yes,Not Eligible,0,Completed,Low Risk
S0789,D/BCS/25/0799,Student_0789,Male,41,D002,2,3,3.49,3.5111,3.5203,84,No,Yes,Eligible,0,Completed,Low Risk
S0790,D/COE/25/0800,Student_0790,Female,41,D003,2,3,3.6526,3.97,3.645,82,No,Yes,Eligible,0,Completed,Low Risk
S0791,D/DBA/25/0801,Student_0791,Male,39,D004,4,8,4.0,3.6692,3.4743,87,No,Yes,Eligible,0,Completed,Low Risk
S0792,D/ICT/25/0802,Student_0792,Male,39,D005,4,8,4.0,3.875,3.8685,89,No,Yes,Eligible,0,Completed,Low Risk
S0793,D/BSE/25/0803,Student_0793,Male,39,D001,4,8,4.0,3.3,3.3087,78,No,Yes,Not Eligible,0,Completed,Low Risk
S0794,D/COE/25/0804,Student_0794,Female,42,D003,1,1,3.6524,0.0,3.6524,89,No,Yes,Eligible,0,Completed,Low Risk
S0795,D/BCS/25/0805,Student_0795,Male,40,D002,3,5,3.3,2.9526,3.3058,85,No,Yes,Eligible,0,Completed,Low Risk
S0796,D/BSE/25/0806,Student_0796,Female,42,D001,1,1,2.7381,0.0,2.7381,73,No,Yes,Not Eligible,0,Completed,Medium Risk
S0797,D/BCS/25/0807,Student_0797,Female,39,D002,4,8,2.52,3.1889,2.6828,87,No,Yes,Eligible,0,Completed,Medium Risk
S0798,D/COE/25/0808,Student_0798,Male,39,D003,4,8,2.7,2.4619,2.482,98,No,Yes,Eligible,1,Not Completed,Medium Risk
S0799,D/DBA/25/0809,Student_0799,Male,40,D004,3,5,3.2947,3.4429,3.5155,73,Yes,Yes,Eligible,0,Completed,Low Risk
S0800,D/BSE/25/0810,Student_0800,Male,41,D001,2,3,2.96,3.0056,3.022,84,No,Yes,Eligible,0,Completed,Low Risk
S0801,D/BSE/25/0811,Student_0801,Male,42,D001,1,1,3.3286,0.0,3.3286,89,No,Yes,Eligible,0,Completed,Low Risk
S0802,D/ICT/25/0812,Student_0802,Male,42,D005,1,2,3.685,3.8789,3.7795,72,Yes,Yes,Eligible,0,Completed,Low Risk
S0803,D/DBA/25/0813,Student_0803,Male,42,D004,1,1,3.55,0.0,3.55,97,No,Yes,Eligible,0,Completed,Low Risk
S0804,D/BSE/25/0814,Student_0804,Female,42,D001,1,1,2.8905,0.0,2.8905,88,No,Yes,Eligible,0,Completed,Medium Risk
S0805,D/DBA/25/0815,Student_0805,Female,41,D004,2,4,3.55,3.2444,3.3892,96,No,Yes,Eligible,0,Completed,Low Risk
S0806,D/BCS/25/0816,Student_0806,Male,40,D002,3,5,3.5846,3.7158,3.65,87,No,No,Not Eligible,0,Completed,Low Risk
S0807,D/BSE/25/0817,Student_0807,Male,40,D001,3,6,2.964,3.1,3.007,100,No,Yes,Eligible,0,Completed,Low Risk
S0808,D/COE/25/0818,Student_0808,Male,41,D003,2,4,3.7211,3.9263,3.8962,71,No,Yes,Not Eligible,0,Completed,Low Risk
S0809,D/ICT/25/0819,Student_0809,Female,42,D005,1,2,3.92,3.6579,3.7923,83,No,Yes,Eligible,0,Completed,Low Risk
S0810,D/BSE/25/0820,Student_0810,Male,42,D001,1,2,4.0,3.8762,3.9333,93,No,Yes,Eligible,0,Completed,Low Risk
S0811,D/BCS/25/0821,Student_0811,Male,41,D002,2,3,3.17,3.2667,3.2678,92,No,Yes,Eligible,0,Completed,Low Risk
S0812,D/COE/25/0822,Student_0812,Female,42,D003,1,2,3.585,3.6857,3.6366,79,No,Yes,Not Eligible,0,Completed,Low Risk
S0813,D/COE/25/0823,Student_0813,Male,41,D003,2,4,3.1947,3.5684,3.3557,83,No,Yes,Eligible,0,Completed,Low Risk
S0814,D/DBA/25/0824,Student_0814,Male,39,D004,4,8,3.3,3.7692,3.5964,78,No,Yes,Not Eligible,0,Completed,Low Risk
S0815,D/ICT/25/0825,Student_0815,Male,42,D005,1,1,3.4474,0.0,3.4474,89,No,Yes,Eligible,0,Completed,Low Risk
S0816,D/BCS/25/0826,Student_0816,Male,40,D002,3,5,2.7308,2.7947,2.7558,99,No,No,Not Eligible,0,Completed,Medium Risk
S0817,D/DBA/25/0827,Student_0817,Male,40,D004,3,5,2.8842,2.6071,2.9536,94,No,Yes,Eligible,0,Completed,Medium Risk
S0818,D/COE/25/0828,Student_0818,Female,42,D003,1,2,3.405,3.2095,3.3049,83,No,Yes,Eligible,0,Completed,Low Risk
S0819,D/BCS/25/0829,Student_0819,Male,40,D002,3,6,3.3615,3.2769,3.2,97,No,Yes,Eligible,0,Completed,Low Risk
S0820,D/BCS/25/0830,Student_0820,Male,40,D002,3,5,3.8769,4.0,3.9692,72,No,Yes,Not Eligible,0,Completed,Low Risk
S0821,D/BSE/25/0831,Student_0821,Female,41,D001,2,4,3.6158,3.32,3.4603,80,No,Yes,Eligible,0,Completed,Low Risk
S0822,D/BCS/25/0832,Student_0822,Male,42,D002,1,2,2.2,2.2095,2.2051,95,No,Yes,Eligible,1,Not Completed,Medium Risk
S0823,D/COE/25/0833,Student_0823,Female,40,D003,3,6,3.668,3.8,3.6252,78,No,Yes,Not Eligible,0,Completed,Low Risk
S0824,D/COE/25/0834,Student_0824,Male,41,D003,2,3,3.9684,4.0,3.9467,95,No,Yes,Eligible,0,Completed,Low Risk
S0825,D/ICT/25/0835,Student_0825,Male,39,D005,4,8,3.88,3.4792,3.4268,88,No,Yes,Eligible,0,Completed,Low Risk
S0826,D/BSE/25/0836,Student_0826,Male,39,D001,4,7,3.925,3.672,3.6979,71,No,Yes,Not Eligible,0,Completed,Low Risk
S0827,D/COE/25/0837,Student_0827,Female,40,D003,3,5,3.8593,3.9684,3.933,80,No,Yes,Eligible,0,Completed,Low Risk
S0828,D/COE/25/0838,Student_0828,Male,42,D003,1,1,2.6714,0.0,2.6714,73,No,Yes,Not Eligible,0,Completed,Medium Risk
S0829,D/DBA/25/0839,Student_0829,Female,42,D004,1,1,3.175,0.0,3.175,82,No,Yes,Eligible,0,Completed,Low Risk
S0830,D/COE/25/0840,Student_0830,Male,42,D003,1,2,3.9,4.0,3.9512,79,No,Yes,Not Eligible,0,Completed,Low Risk
S0831,D/BSE/25/0841,Student_0831,Female,42,D001,1,2,3.7278,3.3571,3.5282,60,Yes,Yes,Eligible,0,Completed,Low Risk
S0832,D/BSE/25/0842,Student_0832,Male,40,D001,3,6,3.624,3.7308,3.738,83,No,Yes,Eligible,0,Completed,Low Risk
S0833,D/BCS/25/0843,Student_0833,Female,39,D002,4,7,3.7444,3.5808,3.6291,91,No,Yes,Eligible,0,Completed,Low Risk
S0834,D/BCS/25/0844,Student_0834,Male,42,D002,1,1,3.9143,0.0,3.9143,72,Yes,Yes,Eligible,0,Completed,Low Risk
S0835,D/BSE/25/0845,Student_0835,Male,42,D001,1,1,3.9667,0.0,3.9667,80,No,Yes,Eligible,0,Completed,Low Risk
S0836,D/COE/25/0846,Student_0836,Male,42,D003,1,2,3.255,3.1714,3.2122,85,No,Yes,Eligible,0,Completed,Low Risk
S0837,D/ICT/25/0847,Student_0837,Male,39,D005,4,8,3.0667,3.4708,3.196,89,No,Yes,Eligible,0,Completed,Low Risk
S0838,D/BCS/25/0848,Student_0838,Male,41,D002,2,3,2.48,2.0222,2.3305,79,No,Yes,Not Eligible,1,Not Completed,Medium Risk
S0839,D/COE/25/0849,Student_0839,Male,40,D003,3,5,3.837,3.8579,3.8491,93,No,Yes,Eligible,0,Completed,Low Risk
S0840,D/BSE/25/0850,Student_0840,Female,40,D001,3,5,3.0231,3.0684,2.9913,84,No,Yes,Eligible,0,Completed,Medium Risk
S0841,D/BCS/25/0851,Student_0841,Female,42,D002,1,2,4.0,3.8381,3.9128,92,No,Yes,Eligible,0,Completed,Low Risk
S0842,D/DBA/25/0852,Student_0842,Male,41,D004,2,4,3.0643,3.2167,3.3815,63,No,Yes,Not Eligible,0,Completed,Low Risk
S0843,D/BSE/25/0853,Student_0843,Female,42,D001,1,2,3.9667,3.9143,3.9385,69,No,Yes,Not Eligible,0,Completed,Low Risk
S0844,D/DBA/25/0854,Student_0844,Female,41,D004,2,4,3.0714,3.8722,3.46,94,No,Yes,Eligible,0,Completed,Low Risk
S0845,D/BCS/25/0855,Student_0845,Female,42,D002,1,2,3.9167,3.7048,3.8026,80,No,No,Not Eligible,0,Completed,Low Risk
S0846,D/COE/25/0856,Student_0846,Male,41,D003,2,3,3.7211,3.805,3.8217,80,No,Yes,Eligible,0,Completed,Low Risk
S0847,D/ICT/25/0857,Student_0847,Male,42,D005,1,2,3.37,3.6368,3.5,78,Yes,Yes,Eligible,0,Completed,Low Risk
S0848,D/BCS/25/0858,Student_0848,Male,41,D002,2,3,1.8,2.2556,2.0034,100,No,Yes,Eligible,3,Not Completed,High Risk
S0849,D/ICT/25/0859,Student_0849,Female,42,D005,1,2,3.63,3.1526,3.3974,87,No,Yes,Eligible,0,Completed,Low Risk
S0850,D/ICT/25/0860,Student_0850,Male,39,D005,4,7,2.8292,2.7,2.8754,77,No,Yes,Not Eligible,0,Completed,Medium Risk
S0851,D/ICT/25/0861,Student_0851,Male,42,D005,1,1,3.6158,0.0,3.6158,75,No,Yes,Not Eligible,0,Completed,Low Risk
S0852,D/BCS/25/0862,Student_0852,Male,39,D002,4,8,3.82,3.7778,3.5503,78,Yes,Yes,Eligible,0,Completed,Low Risk
S0853,D/ICT/25/0863,Student_0853,Male,41,D005,2,4,2.6818,2.8478,2.8881,64,No,Yes,Not Eligible,0,Completed,Medium Risk
S0854,D/BCS/25/0864,Student_0854,Male,42,D002,1,1,3.2381,0.0,3.2381,94,No,Yes,Eligible,0,Completed,Low Risk
S0855,D/BSE/25/0865,Student_0855,Male,41,D001,2,3,3.93,4.0,3.9712,91,No,Yes,Eligible,0,Completed,Low Risk
S0856,D/BCS/25/0866,Student_0856,Male,41,D002,2,3,3.77,3.6278,3.6271,83,No,Yes,Eligible,0,Completed,Low Risk
S0857,D/BCS/25/0867,Student_0857,Female,41,D002,2,3,3.6,3.8778,3.7034,99,No,Yes,Eligible,0,Completed,Low Risk
S0858,D/BCS/25/0868,Student_0858,Female,40,D002,3,5,2.8769,2.5632,2.7288,75,Yes,Yes,Eligible,0,Completed,Medium Risk
S0859,D/BCS/25/0869,Student_0859,Male,40,D002,3,6,3.9,3.7231,3.7515,91,No,Yes,Eligible,0,Completed,Low Risk
S0860,D/BSE/25/0870,Student_0860,Female,40,D001,3,5,3.8769,3.4579,3.775,83,No,No,Not Eligible,0,Completed,Low Risk
S0861,D/COE/25/0871,Student_0861,Male,39,D003,4,7,2.119,2.56,2.573,67,Yes,Yes,Eligible,2,Not Completed,High Risk
S0862,D/BCS/25/0872,Student_0862,Female,41,D002,2,4,3.3053,3.7,3.5936,93,No,Yes,Eligible,0,Completed,Low Risk
S0863,D/BSE/25/0873,Student_0863,Male,40,D001,3,5,3.4308,3.4474,3.3904,83,No,Yes,Eligible,0,Completed,Low Risk
S0864,D/ICT/25/0874,Student_0864,Male,41,D005,2,4,3.8091,3.6435,3.7036,81,No,Yes,Eligible,0,Completed,Low Risk
S0865,D/ICT/25/0875,Student_0865,Male,41,D005,2,3,3.3783,3.045,3.2952,94,No,Yes,Eligible,0,Completed,Low Risk
S0866,D/BCS/25/0876,Student_0866,Male,41,D002,2,4,3.3789,3.51,3.3705,83,No,Yes,Eligible,0,Completed,Low Risk
S0867,D/ICT/25/0877,Student_0867,Male,42,D005,1,1,3.7105,0.0,3.7105,70,No,Yes,Not Eligible,0,Completed,Low Risk
S0868,D/BSE/25/0878,Student_0868,Male,39,D001,4,8,3.22,3.4,3.6219,95,No,Yes,Eligible,0,Completed,Low Risk
S0869,D/COE/25/0879,Student_0869,Male,42,D003,1,2,2.755,3.0476,2.9049,92,No,No,Not Eligible,1,Not Completed,Medium Risk
S0870,D/BSE/25/0880,Student_0870,Female,40,D001,3,5,3.9769,3.9263,3.8692,86,No,Yes,Eligible,0,Completed,Low Risk
S0871,D/BSE/25/0881,Student_0871,Male,41,D001,2,3,3.43,3.8,3.522,82,No,No,Not Eligible,0,Completed,Low Risk
S0872,D/COE/25/0882,Student_0872,Female,41,D003,2,3,3.6368,3.8,3.6283,86,No,Yes,Eligible,0,Completed,Low Risk
S0873,D/BSE/25/0883,Student_0873,Male,42,D001,1,2,3.4056,3.5476,3.4821,84,No,No,Not Eligible,0,Completed,Low Risk
S0874,D/ICT/25/0884,Student_0874,Female,42,D005,1,1,3.1158,0.0,3.1158,88,No,Yes,Eligible,0,Completed,Low Risk
S0875,D/COE/25/0885,Student_0875,Male,40,D003,3,5,3.1519,3.1789,2.8849,91,No,Yes,Eligible,1,Not Completed,Medium Risk
S0876,D/DBA/25/0886,Student_0876,Male,42,D004,1,2,3.6765,3.5062,3.5939,69,No,Yes,Not Eligible,0,Completed,Low Risk
S0877,D/COE/25/0887,Student_0877,Female,42,D003,1,1,3.3952,0.0,3.3952,96,No,Yes,Eligible,0,Completed,Low Risk
S0878,D/DBA/25/0888,Student_0878,Male,39,D004,4,7,2.8615,2.519,2.5489,82,No,Yes,Eligible,1,Not Completed,Medium Risk
S0879,D/ICT/25/0889,Student_0879,Male,42,D005,1,1,3.5579,0.0,3.5579,100,No,Yes,Eligible,0,Completed,Low Risk
S0880,D/ICT/25/0890,Student_0880,Female,40,D005,3,6,3.3,3.755,3.7555,92,No,Yes,Eligible,0,Completed,Low Risk
S0881,D/BCS/25/0891,Student_0881,Male,41,D002,2,3,3.77,3.8833,3.8627,78,No,Yes,Not Eligible,0,Completed,Low Risk
S0882,D/BCS/25/0892,Student_0882,Female,42,D002,1,1,2.4714,0.0,2.4714,89,No,Yes,Eligible,0,Completed,Medium Risk
S0883,D/ICT/25/0893,Student_0883,Male,42,D005,1,1,4.0,0.0,4.0,84,No,Yes,Eligible,0,Completed,Low Risk
S0884,D/COE/25/0894,Student_0884,Female,42,D003,1,2,3.85,3.8667,3.8585,93,No,No,Not Eligible,0,Completed,Low Risk
S0885,D/BSE/25/0895,Student_0885,Male,41,D001,2,4,3.1789,3.37,3.4269,63,No,Yes,Not Eligible,0,Completed,Low Risk
S0886,D/ICT/25/0896,Student_0886,Female,39,D005,4,8,3.6667,3.9625,3.8376,77,No,Yes,Not Eligible,0,Completed,Low Risk
S0887,D/BSE/25/0897,Student_0887,Male,42,D001,1,2,2.9,2.581,2.7282,87,No,Yes,Eligible,0,Completed,Medium Risk
S0888,D/BCS/25/0898,Student_0888,Female,40,D002,3,6,3.0192,2.9846,2.93,85,No,Yes,Eligible,0,Completed,Medium Risk
S0889,D/BSE/25/0899,Student_0889,Male,42,D001,1,2,2.9222,3.1048,3.0205,97,No,Yes,Eligible,0,Completed,Low Risk
S0890,D/COE/25/0900,Student_0890,Female,41,D003,2,4,3.1842,2.7105,2.9658,86,No,Yes,Eligible,0,Completed,Medium Risk
S0891,D/COE/25/0901,Student_0891,Male,42,D003,1,2,3.16,3.8048,3.4902,85,No,Yes,Eligible,0,Completed,Low Risk
S0892,D/COE/25/0902,Student_0892,Male,42,D003,1,1,3.9714,0.0,3.9714,82,No,Yes,Eligible,0,Completed,Low Risk
S0893,D/BSE/25/0903,Student_0893,Male,41,D001,2,4,1.8105,2.17,1.9115,93,No,Yes,Eligible,2,Not Completed,High Risk
S0894,D/BSE/25/0904,Student_0894,Female,40,D001,3,6,3.74,3.6923,3.6636,84,No,Yes,Eligible,0,Completed,Low Risk
S0895,D/BSE/25/0905,Student_0895,Female,41,D001,2,4,3.0789,3.03,3.0372,85,No,Yes,Eligible,1,Not Completed,Low Risk
S0896,D/COE/25/0906,Student_0896,Male,39,D003,4,8,2.58,3.2333,3.0413,68,No,Yes,Not Eligible,0,Completed,Low Risk
S0897,D/ICT/25/0907,Student_0897,Male,42,D005,1,2,3.035,3.6789,3.3487,86,No,Yes,Eligible,0,Completed,Low Risk
S0898,D/COE/25/0908,Student_0898,Male,42,D003,1,1,3.9571,0.0,3.9571,93,No,Yes,Eligible,0,Completed,Low Risk
S0899,D/BCS/25/0909,Student_0899,Male,39,D002,4,8,3.88,3.6556,3.6834,88,No,Yes,Eligible,0,Completed,Low Risk
S0900,D/COE/25/0910,Student_0900,Male,42,D003,1,2,3.14,3.6,3.3756,97,No,Yes,Eligible,0,Completed,Low Risk
S0901,D/BSE/25/0911,Student_0901,Male,41,D001,2,4,3.2947,3.57,3.4141,94,No,Yes,Eligible,0,Completed,Low Risk
S0902,D/BSE/25/0912,Student_0902,Male,39,D001,4,7,3.55,3.78,3.6793,73,No,Yes,Not Eligible,0,Completed,Low Risk
S0903,D/BCS/25/0913,Student_0903,Male,40,D002,3,5,3.9308,3.8421,3.9202,71,No,Yes,Not Eligible,0,Completed,Low Risk
S0904,D/BSE/25/0914,Student_0904,Male,40,D001,3,6,3.228,2.8769,3.024,90,No,Yes,Eligible,1,Not Completed,Low Risk
S0905,D/BSE/25/0915,Student_0905,Male,42,D001,1,2,2.6611,3.219,2.9615,85,No,Yes,Eligible,0,Completed,Medium Risk
S0906,D/BCS/25/0916,Student_0906,Male,42,D002,1,2,3.1778,3.1476,3.1615,100,No,Yes,Eligible,0,Completed,Low Risk
S0907,D/COE/25/0917,Student_0907,Male,40,D003,3,5,3.0778,2.7895,2.9962,82,No,Yes,Eligible,0,Completed,Medium Risk
S0908,D/BSE/25/0918,Student_0908,Female,41,D001,2,3,4.0,4.0,4.0,91,No,Yes,Eligible,0,Completed,Low Risk
S0909,D/COE/25/0919,Student_0909,Male,40,D003,3,5,4.0,4.0,3.9736,80,No,Yes,Eligible,0,Completed,Low Risk
S0910,D/DBA/25/0920,Student_0910,Male,42,D004,1,2,2.8118,3.3625,3.0788,88,No,Yes,Eligible,0,Completed,Low Risk
S0911,D/COE/25/0921,Student_0911,Male,41,D003,2,3,3.3737,3.84,3.545,100,No,Yes,Eligible,0,Completed,Low Risk
S0912,D/ICT/25/0922,Student_0912,Male,40,D005,3,5,3.29,2.9091,3.0202,78,Yes,Yes,Eligible,0,Completed,Low Risk
S0913,D/COE/25/0923,Student_0913,Male,39,D003,4,7,3.2476,3.496,3.1882,90,No,Yes,Eligible,1,Not Completed,Low Risk
S0914,D/BCS/25/0924,Student_0914,Male,42,D002,1,1,3.5381,0.0,3.5381,74,No,Yes,Not Eligible,0,Completed,Low Risk
S0915,D/BSE/25/0925,Student_0915,Male,42,D001,1,2,3.3444,3.4762,3.4154,79,No,Yes,Not Eligible,0,Completed,Low Risk
S0916,D/BCS/25/0926,Student_0916,Male,39,D002,4,7,2.7889,2.7115,2.6838,80,No,Yes,Eligible,1,Not Completed,Medium Risk
S0917,D/BSE/25/0927,Student_0917,Male,40,D001,3,6,3.528,3.5462,3.6039,89,No,Yes,Eligible,0,Completed,Low Risk
S0918,D/COE/25/0928,Student_0918,Female,39,D003,4,8,3.6,3.3905,3.3599,68,No,Yes,Not Eligible,0,Completed,Low Risk
S0919,D/ICT/25/0929,Student_0919,Male,41,D005,2,4,2.6455,2.2739,2.6071,84,No,Yes,Eligible,1,Not Completed,Medium Risk
S0920,D/ICT/25/0930,Student_0920,Male,42,D005,1,1,3.4263,0.0,3.4263,76,No,Yes,Not Eligible,0,Completed,Low Risk
S0921,D/BCS/25/0931,Student_0921,Male,40,D002,3,5,3.5923,3.8789,3.7154,80,No,Yes,Eligible,0,Completed,Low Risk
S0922,D/ICT/25/0932,Student_0922,Female,42,D005,1,2,3.665,3.5158,3.5923,92,No,Yes,Eligible,0,Completed,Low Risk
S0923,D/DBA/25/0933,Student_0923,Male,40,D004,3,5,2.7579,2.6143,2.719,86,No,Yes,Eligible,0,Completed,Medium Risk
S0924,D/ICT/25/0934,Student_0924,Male,39,D005,4,7,3.8875,3.7,3.75,79,No,Yes,Not Eligible,0,Completed,Low Risk
S0925,D/BCS/25/0935,Student_0925,Male,41,D002,2,4,2.3053,2.38,2.1692,82,No,Yes,Eligible,3,Not Completed,High Risk
S0926,D/BCS/25/0936,Student_0926,Male,39,D002,4,8,4.0,3.8111,3.8963,90,No,Yes,Eligible,0,Completed,Low Risk
S0927,D/COE/25/0937,Student_0927,Female,41,D003,2,3,3.7895,3.655,3.7833,76,No,No,Not Eligible,0,Completed,Low Risk
S0928,D/BCS/25/0938,Student_0928,Male,41,D002,2,4,3.4895,3.5,3.5077,82,No,Yes,Eligible,0,Completed,Low Risk
S0929,D/BSE/25/0939,Student_0929,Male,42,D001,1,1,3.8095,0.0,3.8095,78,Yes,Yes,Eligible,0,Completed,Low Risk
S0930,D/BCS/25/0940,Student_0930,Male,42,D002,1,2,3.7278,3.5762,3.6462,100,No,Yes,Eligible,0,Completed,Low Risk
S0931,D/BSE/25/0941,Student_0931,Male,40,D001,3,5,3.7462,3.8947,3.8442,92,No,Yes,Eligible,0,Completed,Low Risk
S0932,D/BCS/25/0942,Student_0932,Male,41,D002,2,3,2.03,2.5389,2.1508,72,No,Yes,Not Eligible,3,Not Completed,High Risk
S0933,D/ICT/25/0943,Student_0933,Male,39,D005,4,8,3.5067,3.55,3.1423,82,No,Yes,Eligible,0,Completed,Low Risk
S0934,D/COE/25/0944,Student_0934,Male,42,D003,1,2,1.89,1.3429,1.6098,91,No,Yes,Eligible,3,Not Completed,High Risk
S0935,D/ICT/25/0945,Student_0935,Female,42,D005,1,2,2.905,3.3947,3.1436,79,Yes,Yes,Eligible,0,Completed,Low Risk
S0936,D/COE/25/0946,Student_0936,Male,41,D003,2,3,3.3842,3.575,3.5017,79,Yes,Yes,Eligible,0,Completed,Low Risk
S0937,D/COE/25/0947,Student_0937,Male,41,D003,2,4,3.9526,3.7895,3.8582,100,No,Yes,Eligible,0,Completed,Low Risk
S0938,D/COE/25/0948,Student_0938,Male,42,D003,1,2,3.185,3.1143,3.1488,80,No,Yes,Eligible,0,Completed,Low Risk
S0939,D/ICT/25/0949,Student_0939,Male,39,D005,4,8,3.5067,3.4917,3.5074,95,No,Yes,Eligible,0,Completed,Low Risk
S0940,D/BSE/25/0950,Student_0940,Female,40,D001,3,6,3.156,3.2077,3.1093,78,No,Yes,Not Eligible,0,Completed,Low Risk
S0941,D/BSE/25/0951,Student_0941,Male,39,D001,4,8,2.58,3.2625,3.1725,85,No,No,Not Eligible,0,Completed,Low Risk
S0942,D/ICT/25/0952,Student_0942,Male,41,D005,2,3,3.9435,3.955,3.9645,81,No,Yes,Eligible,0,Completed,Low Risk
S0943,D/BSE/25/0953,Student_0943,Male,40,D001,3,5,3.8538,3.8474,3.8135,78,No,Yes,Not Eligible,0,Completed,Low Risk
S0944,D/BCS/25/0954,Student_0944,Male,41,D002,2,4,3.1,3.24,3.2282,87,No,Yes,Eligible,0,Completed,Low Risk
S0945,D/BSE/25/0955,Student_0945,Male,40,D001,3,5,1.8692,2.4368,2.0779,82,No,Yes,Eligible,2,Not Completed,High Risk
S0946,D/ICT/25/0956,Student_0946,Male,41,D005,2,4,3.4318,3.7522,3.6464,79,Yes,Yes,Eligible,0,Completed,Low Risk
S0947,D/BCS/25/0957,Student_0947,Female,42,D002,1,2,3.9333,3.9714,3.9538,79,No,Yes,Not Eligible,0,Completed,Low Risk
S0948,D/ICT/25/0958,Student_0948,Male,39,D005,4,8,3.3867,3.3292,3.345,74,No,Yes,Not Eligible,0,Completed,Low Risk
S0949,D/BSE/25/0959,Student_0949,Male,40,D001,3,6,3.672,3.7923,3.6845,84,No,Yes,Eligible,0,Completed,Low Risk
S0950,D/BCS/25/0960,Student_0950,Female,41,D002,2,4,3.3158,2.73,3.1462,82,No,Yes,Eligible,0,Completed,Low Risk
S0951,D/BCS/25/0961,Student_0951,Male,39,D002,4,8,3.72,3.7444,3.6313,87,No,Yes,Eligible,0,Completed,Low Risk
S0952,D/BCS/25/0962,Student_0952,Male,42,D002,1,2,3.4167,3.5095,3.4667,76,No,Yes,Not Eligible,0,Completed,Low Risk
S0953,D/BSE/25/0963,Student_0953,Male,40,D001,3,5,3.0769,3.1263,3.2923,87,No,Yes,Eligible,0,Completed,Low Risk
S0954,D/DBA/25/0964,Student_0954,Male,40,D004,3,5,2.3316,3.3143,2.7155,93,No,Yes,Eligible,1,Not Completed,Medium Risk
S0955,D/BCS/25/0965,Student_0955,Male,39,D002,4,8,3.72,3.7333,3.5963,93,No,Yes,Eligible,0,Completed,Low Risk
S0956,D/BCS/25/0966,Student_0956,Male,42,D002,1,1,3.9,0.0,3.9,93,No,Yes,Eligible,0,Completed,Low Risk
S0957,D/BCS/25/0967,Student_0957,Female,42,D002,1,1,2.6143,0.0,2.6143,82,No,Yes,Eligible,0,Completed,Medium Risk
S0958,D/BSE/25/0968,Student_0958,Male,41,D001,2,3,3.7,3.8722,3.7627,87,No,Yes,Eligible,0,Completed,Low Risk
S0959,D/BSE/25/0969,Student_0959,Male,41,D001,2,4,4.0,3.97,3.9846,82,No,Yes,Eligible,0,Completed,Low Risk
S0960,D/DBA/25/0970,Student_0960,Female,39,D004,4,7,3.5692,3.7333,3.5412,84,No,No,Not Eligible,0,Completed,Low Risk
S0961,D/BCS/25/0971,Student_0961,Male,41,D002,2,4,3.4526,2.97,3.0654,98,No,Yes,Eligible,0,Completed,Low Risk
S0962,D/BSE/25/0972,Student_0962,Male,40,D001,3,6,3.84,3.6385,3.6876,82,No,No,Not Eligible,0,Completed,Low Risk
S0963,D/BCS/25/0973,Student_0963,Male,42,D002,1,2,3.2111,3.1048,3.1538,84,No,Yes,Eligible,0,Completed,Low Risk
S0964,D/BSE/25/0974,Student_0964,Female,40,D001,3,5,2.4615,2.3105,2.3519,71,No,Yes,Not Eligible,2,Not Completed,High Risk
S0965,D/ICT/25/0975,Student_0965,Male,41,D005,2,4,2.6909,2.487,2.575,87,No,Yes,Eligible,2,Not Completed,High Risk
S0966,D/ICT/25/0976,Student_0966,Male,39,D005,4,7,3.5542,3.3,3.6351,85,No,Yes,Eligible,0,Completed,Low Risk
S0967,D/DBA/25/0977,Student_0967,Female,40,D004,3,6,4.0,3.8895,3.9314,77,No,Yes,Not Eligible,0,Completed,Low Risk
S0968,D/COE/25/0978,Student_0968,Male,39,D003,4,7,3.5571,3.408,3.4355,81,No,No,Not Eligible,0,Completed,Low Risk
S0969,D/BCS/25/0979,Student_0969,Male,41,D002,2,3,3.56,3.4167,3.3932,83,No,Yes,Eligible,0,Completed,Low Risk
S0970,D/BSE/25/0980,Student_0970,Male,40,D001,3,6,3.616,3.5385,3.5853,90,No,Yes,Eligible,0,Completed,Low Risk
S0971,D/DBA/25/0981,Student_0971,Female,39,D004,4,8,4.0,3.5385,3.4779,83,No,Yes,Eligible,0,Completed,Low Risk
S0972,D/DBA/25/0982,Student_0972,Male,40,D004,3,6,2.6381,3.0368,3.0457,78,No,Yes,Not Eligible,0,Completed,Low Risk
S0973,D/ICT/25/0983,Student_0973,Male,39,D005,4,8,3.1467,3.5458,3.4255,92,No,Yes,Eligible,0,Completed,Low Risk
S0974,D/BSE/25/0984,Student_0974,Male,42,D001,1,1,3.6952,0.0,3.6952,90,No,Yes,Eligible,0,Completed,Low Risk
S0975,D/COE/25/0985,Student_0975,Female,41,D003,2,3,2.8053,3.255,2.9567,78,No,Yes,Not Eligible,0,Completed,Medium Risk
S0976,D/BCS/25/0986,Student_0976,Male,42,D002,1,2,3.1944,3.1714,3.1821,96,No,Yes,Eligible,0,Completed,Low Risk
S0977,D/BCS/25/0987,Student_0977,Female,41,D002,2,4,3.7053,3.44,3.6359,88,No,No,Not Eligible,0,Completed,Low Risk
S0978,D/BCS/25/0988,Student_0978,Female,40,D002,3,5,3.6462,3.6947,3.674,90,No,Yes,Eligible,0,Completed,Low Risk
S0979,D/BCS/25/0989,Student_0979,Male,42,D002,1,2,3.3889,3.4429,3.4179,96,No,Yes,Eligible,0,Completed,Low Risk
S0980,D/ICT/25/0990,Student_0980,Female,41,D005,2,4,3.9273,3.7565,3.8929,77,Yes,Yes,Eligible,0,Completed,Low Risk
S0981,D/BSE/25/0991,Student_0981,Female,41,D001,2,4,2.0158,2.22,2.0013,94,No,Yes,Eligible,2,Not Completed,High Risk
S0982,D/ICT/25/0992,Student_0982,Male,41,D005,2,4,2.85,3.1609,3.081,77,No,Yes,Not Eligible,0,Completed,Low Risk
S0983,D/ICT/25/0993,Student_0983,Male,39,D005,4,7,3.075,3.0,2.691,91,No,Yes,Eligible,1,Not Completed,Medium Risk
S0984,D/BCS/25/0994,Student_0984,Male,41,D002,2,3,3.47,3.1667,3.3237,84,No,Yes,Eligible,0,Completed,Low Risk
S0985,D/BSE/25/0995,Student_0985,Female,41,D001,2,3,3.56,3.0111,3.3729,62,No,Yes,Not Eligible,0,Completed,Low Risk
S0986,D/BSE/25/0996,Student_0986,Male,41,D001,2,3,3.4,3.8389,3.6237,86,No,Yes,Eligible,0,Completed,Low Risk
S0987,D/BCS/25/0997,Student_0987,Male,39,D002,4,8,2.74,3.0,2.8626,82,No,Yes,Eligible,0,Completed,Medium Risk
S0988,D/BCS/25/0998,Student_0988,Male,42,D002,1,1,3.5095,0.0,3.5095,91,No,Yes,Eligible,0,Completed,Low Risk
S0989,D/BCS/25/0999,Student_0989,Female,40,D002,3,5,2.6769,3.0,2.8577,80,No,Yes,Eligible,0,Completed,Medium Risk
S0990,D/BSE/25/1000,Student_0990,Male,42,D001,1,2,3.7944,4.0,3.9051,88,No,Yes,Eligible,0,Completed,Low Risk
S0991,D/BSE/25/1001,Student_0991,Female,39,D001,4,8,1.88,2.4125,2.6431,74,No,Yes,Not Eligible,1,Not Completed,Medium Risk
S0992,D/BCS/25/1002,Student_0992,Male,39,D002,4,8,4.0,3.8222,3.6975,80,No,Yes,Eligible,0,Completed,Low Risk
S0993,D/DBA/25/1003,Student_0993,Female,40,D004,3,6,3.6286,3.5158,3.5171,86,No,Yes,Eligible,0,Completed,Low Risk
S0994,D/BSE/25/1004,Student_0994,Male,42,D001,1,2,2.3333,2.8333,2.6026,80,No,Yes,Eligible,1,Not Completed,Medium Risk
S0995,D/COE/25/1005,Student_0995,Male,41,D003,2,4,3.5842,3.8316,3.6759,94,No,No,Not Eligible,0,Completed,Low Risk
S0996,D/ICT/25/1006,Student_0996,Male,42,D005,1,1,3.8158,0.0,3.8158,95,No,Yes,Eligible,0,Completed,Low Risk
S0997,D/BSE/25/1007,Student_0997,Male,40,D001,3,5,2.5,2.7895,2.6423,86,No,Yes,Eligible,0,Completed,Medium Risk
S0998,D/BSE/25/1008,Student_0998,Female,40,D001,3,5,2.6615,2.8263,2.8144,84,No,No,Not Eligible,1,Not Completed,Medium Risk
S0999,D/BSE/25/1009,Student_0999,Male,39,D001,4,7,3.675,3.772,3.7076,74,No,Yes,Not Eligible,0,Completed,Low Risk
S1000,D/BSE/25/1010,Student_1000,Female,42,D001,1,1,3.6714,0.0,3.6714,89,No,Yes,Eligible,0,Completed,Low Risk
S1001,D/BCS/25/1011,Student_1001,Male,39,D002,4,7,2.6333,3.1115,2.7885,93,No,Yes,Eligible,1,Not Completed,Medium Risk
S1002,D/BSE/25/1012,Student_1002,Male,42,D001,1,2,3.3722,3.2762,3.3205,83,No,No,Not Eligible,0,Completed,Low Risk
S1003,D/BSE/25/1013,Student_1003,Female,41,D001,2,3,3.51,3.7667,3.6525,72,Yes,Yes,Eligible,0,Completed,Low Risk
S1004,D/COE/25/1014,Student_1004,Male,41,D003,2,3,3.1789,3.395,3.2433,89,No,Yes,Eligible,0,Completed,Low Risk
S1005,D/BSE/25/1015,Student_1005,Male,40,D001,3,5,2.6923,2.3789,2.6163,100,No,Yes,Eligible,1,Not Completed,Medium Risk
S1006,D/BSE/25/1016,Student_1006,Male,42,D001,1,1,3.9048,0.0,3.9048,86,No,Yes,Eligible,0,Completed,Low Risk
S1007,D/ICT/25/1017,Student_1007,Male,41,D005,2,3,3.4739,3.21,3.3113,89,No,Yes,Eligible,0,Completed,Low Risk
S1008,D/BSE/25/1018,Student_1008,Female,41,D001,2,3,2.87,2.8222,3.0017,84,No,Yes,Eligible,0,Completed,Low Risk
S1009,D/BSE/25/1019,Student_1009,Male,42,D001,1,1,3.2095,0.0,3.2095,75,No,Yes,Not Eligible,0,Completed,Low Risk
S1010,D/BSE/25/1020,Student_1010,Male,39,D001,4,8,4.0,3.7125,3.8606,99,No,Yes,Eligible,0,Completed,Low Risk
S1011,D/BCS/25/1021,Student_1011,Male,42,D002,1,1,3.3571,0.0,3.3571,90,No,Yes,Eligible,0,Completed,Low Risk
S1012,D/COE/25/1022,Student_1012,Male,39,D003,4,8,3.0,3.6714,3.5198,95,No,Yes,Eligible,0,Completed,Low Risk
S1013,D/BCS/25/1023,Student_1013,Male,40,D002,3,5,3.3308,2.9789,3.2279,74,Yes,Yes,Eligible,0,Completed,Low Risk
S1014,D/BSE/25/1024,Student_1014,Male,41,D001,2,3,3.6,3.6056,3.6186,92,No,Yes,Eligible,0,Completed,Low Risk
S1015,D/BSE/25/1025,Student_1015,Male,42,D001,1,1,3.1571,0.0,3.1571,92,No,Yes,Eligible,0,Completed,Low Risk
S1016,D/COE/25/1026,Student_1016,Female,42,D003,1,1,3.5524,0.0,3.5524,81,No,Yes,Eligible,1,Not Completed,Low Risk
S1017,D/ICT/25/1027,Student_1017,Male,40,D005,3,6,4.0,3.905,3.8564,84,No,Yes,Eligible,0,Completed,Low Risk
S1018,D/COE/25/1028,Student_1018,Female,42,D003,1,1,3.7714,0.0,3.7714,88,No,Yes,Eligible,0,Completed,Low Risk
S1019,D/COE/25/1029,Student_1019,Male,42,D003,1,2,3.215,3.4571,3.339,90,No,Yes,Eligible,0,Completed,Low Risk
S1020,D/COE/25/1030,Student_1020,Male,41,D003,2,3,3.5895,3.855,3.7283,72,No,Yes,Not Eligible,0,Completed,Low Risk
S1021,D/ICT/25/1031,Student_1021,Female,42,D005,1,2,3.625,3.7842,3.7026,84,No,Yes,Eligible,0,Completed,Low Risk
S1022,D/ICT/25/1032,Student_1022,Male,40,D005,3,6,2.7,3.545,3.2382,83,No,Yes,Eligible,0,Completed,Low Risk
S1023,D/BCS/25/1033,Student_1023,Male,41,D002,2,4,3.0263,3.2,3.1962,89,No,Yes,Eligible,1,Not Completed,Low Risk
S1024,D/COE/25/1034,Student_1024,Male,41,D003,2,3,3.8632,3.825,3.8983,83,No,Yes,Eligible,0,Completed,Low Risk
S1025,D/BSE/25/1035,Student_1025,Female,42,D001,1,2,4.0,4.0,4.0,83,No,Yes,Eligible,0,Completed,Low Risk
S1026,D/BCS/25/1036,Student_1026,Female,41,D002,2,4,3.6789,3.71,3.6,92,No,Yes,Eligible,0,Completed,Low Risk
S1027,D/BCS/25/1037,Student_1027,Male,42,D002,1,1,2.4857,0.0,2.4857,84,No,Yes,Eligible,0,Completed,Medium Risk
S1028,D/COE/25/1038,Student_1028,Female,42,D003,1,1,3.781,0.0,3.781,89,No,Yes,Eligible,0,Completed,Low Risk
S1029,D/BSE/25/1039,Student_1029,Male,41,D001,2,4,2.7158,3.0,2.8282,67,No,Yes,Not Eligible,0,Completed,Medium Risk
S1030,D/BCS/25/1040,Student_1030,Male,41,D002,2,4,3.2105,3.7,3.4885,81,No,Yes,Eligible,0,Completed,Low Risk
S1031,D/BSE/25/1041,Student_1031,Male,41,D001,2,4,2.8789,3.18,3.1192,78,No,Yes,Not Eligible,0,Completed,Low Risk
S1032,D/BCS/25/1042,Student_1032,Female,42,D002,1,2,3.3667,3.519,3.4487,61,No,Yes,Not Eligible,0,Completed,Low Risk
S1033,D/BSE/25/1043,Student_1033,Male,41,D001,2,3,3.17,3.2833,3.1644,71,Yes,Yes,Eligible,0,Completed,Low Risk
S1034,D/BSE/25/1044,Student_1034,Male,41,D001,2,3,3.71,3.8,3.739,82,No,Yes,Eligible,0,Completed,Low Risk
S1035,D/COE/25/1045,Student_1035,Female,39,D003,4,8,4.0,3.5524,3.4437,84,No,Yes,Eligible,0,Completed,Low Risk
S1036,D/DBA/25/1046,Student_1036,Male,41,D004,2,4,3.6214,3.6222,3.4662,88,No,Yes,Eligible,0,Completed,Low Risk
S1037,D/BCS/25/1047,Student_1037,Male,42,D002,1,2,3.3611,3.3048,3.3308,82,No,Yes,Eligible,0,Completed,Low Risk
S1038,D/ICT/25/1048,Student_1038,Male,41,D005,2,3,3.7652,3.82,3.779,94,No,No,Not Eligible,0,Completed,Low Risk
S1039,D/ICT/25/1049,Student_1039,Male,42,D005,1,1,3.9684,0.0,3.9684,85,No,Yes,Eligible,0,Completed,Low Risk
S1040,D/ICT/25/1050,Student_1040,Female,41,D005,2,3,3.4217,3.765,3.6516,90,No,Yes,Eligible,0,Completed,Low Risk
S1041,D/BCS/25/1051,Student_1041,Male,39,D002,4,8,3.58,3.7111,3.6902,88,No,Yes,Eligible,0,Completed,Low Risk
S1042,D/ICT/25/1052,Student_1042,Male,42,D005,1,2,3.095,3.3421,3.2154,100,No,Yes,Eligible,0,Completed,Low Risk
S1043,D/BCS/25/1053,Student_1043,Female,41,D002,2,4,3.7947,3.8,3.8154,83,No,Yes,Eligible,0,Completed,Low Risk
S1044,D/ICT/25/1054,Student_1044,Female,42,D005,1,2,3.645,3.5053,3.5769,75,No,Yes,Not Eligible,0,Completed,Low Risk
S1045,D/COE/25/1055,Student_1045,Male,40,D003,3,5,2.8704,3.0421,3.0066,81,No,Yes,Eligible,1,Not Completed,Low Risk
S1046,D/BSE/25/1056,Student_1046,Female,42,D001,1,2,1.9222,2.4524,2.2077,78,No,No,Not Eligible,0,Completed,Medium Risk
S1047,D/COE/25/1057,Student_1047,Male,42,D003,1,1,3.4048,0.0,3.4048,92,No,Yes,Eligible,0,Completed,Low Risk
S1048,D/ICT/25/1058,Student_1048,Male,41,D005,2,4,3.5409,3.7696,3.7333,77,Yes,Yes,Eligible,0,Completed,Low Risk
S1049,D/BSE/25/1059,Student_1049,Female,42,D001,1,1,3.6619,0.0,3.6619,82,No,Yes,Eligible,0,Completed,Low Risk
S1050,D/BSE/25/1060,Student_1050,Male,39,D001,4,7,3.05,2.748,2.6248,86,No,Yes,Eligible,3,Not Completed,High Risk
S1051,D/BSE/25/1061,Student_1051,Male,39,D001,4,8,4.0,3.55,3.6344,76,Yes,Yes,Eligible,0,Completed,Low Risk
S1052,D/COE/25/1062,Student_1052,Male,41,D003,2,4,2.4263,2.6368,2.5,82,No,Yes,Eligible,0,Completed,Medium Risk
S1053,D/BSE/25/1063,Student_1053,Male,39,D001,4,8,3.88,3.2125,3.4419,75,Yes,Yes,Eligible,0,Completed,Low Risk
S1054,D/BSE/25/1064,Student_1054,Male,41,D001,2,4,3.6105,3.53,3.5436,91,No,Yes,Eligible,0,Completed,Low Risk
S1055,D/BSE/25/1065,Student_1055,Male,42,D001,1,2,3.7056,3.6429,3.6718,76,No,Yes,Not Eligible,0,Completed,Low Risk
S1056,D/BSE/25/1066,Student_1056,Male,42,D001,1,1,3.9048,0.0,3.9048,68,No,Yes,Not Eligible,0,Completed,Low Risk
S1057,D/ICT/25/1067,Student_1057,Male,40,D005,3,6,4.0,3.525,3.6455,97,No,Yes,Eligible,0,Completed,Low Risk
S1058,D/BSE/25/1068,Student_1058,Male,41,D001,2,4,3.8632,3.67,3.7731,84,No,Yes,Eligible,0,Completed,Low Risk
S1059,D/COE/25/1069,Student_1059,Male,42,D003,1,2,3.575,3.6476,3.6122,68,Yes,Yes,Eligible,0,Completed,Low Risk
S1060,D/DBA/25/1070,Student_1060,Male,40,D004,3,5,2.6263,2.55,2.4774,83,No,Yes,Eligible,0,Completed,Medium Risk
S1061,D/COE/25/1071,Student_1061,Male,40,D003,3,5,3.8778,3.8474,3.9113,78,Yes,No,Not Eligible,0,Completed,Low Risk
S1062,D/BCS/25/1072,Student_1062,Male,41,D002,2,3,3.47,3.4333,3.3593,93,No,Yes,Eligible,1,Not Completed,Low Risk
S1063,D/ICT/25/1073,Student_1063,Male,40,D005,3,5,3.575,3.2045,3.3615,85,No,Yes,Eligible,0,Completed,Low Risk
S1064,D/BSE/25/1074,Student_1064,Male,42,D001,1,1,3.5857,0.0,3.5857,96,No,Yes,Eligible,0,Completed,Low Risk
S1065,D/BSE/25/1075,Student_1065,Female,41,D001,2,4,2.7737,2.5,2.5987,64,No,Yes,Not Eligible,0,Completed,Medium Risk
S1066,D/ICT/25/1076,Student_1066,Male,41,D005,2,4,3.3773,3.5609,3.625,91,No,Yes,Eligible,0,Completed,Low Risk
S1067,D/BCS/25/1077,Student_1067,Female,42,D002,1,2,3.8056,3.8619,3.8359,97,No,Yes,Eligible,0,Completed,Low Risk
S1068,D/ICT/25/1078,Student_1068,Male,42,D005,1,2,3.615,3.8474,3.7282,88,No,Yes,Eligible,0,Completed,Low Risk
S1069,D/BSE/25/1079,Student_1069,Male,41,D001,2,4,2.6632,2.44,2.7192,85,No,Yes,Eligible,1,Not Completed,Medium Risk
S1070,D/BSE/25/1080,Student_1070,Male,40,D001,3,6,3.736,3.5692,3.5279,81,No,Yes,Eligible,0,Completed,Low Risk
S1071,D/BSE/25/1081,Student_1071,Male,41,D001,2,3,3.3,3.2778,3.3373,81,No,Yes,Eligible,0,Completed,Low Risk
S1072,D/BSE/25/1082,Student_1072,Female,42,D001,1,2,2.1222,1.8429,1.9718,83,No,Yes,Eligible,2,Not Completed,High Risk
S1073,D/COE/25/1083,Student_1073,Male,40,D003,3,5,2.9444,3.6684,3.3849,89,No,Yes,Eligible,0,Completed,Low Risk
S1074,D/BCS/25/1084,Student_1074,Male,41,D002,2,4,3.5895,3.37,3.3128,77,No,Yes,Not Eligible,0,Completed,Low Risk
S1075,D/BCS/25/1085,Student_1075,Male,42,D002,1,2,3.7111,3.7381,3.7256,90,No,Yes,Eligible,0,Completed,Low Risk
S1076,D/BSE/25/1086,Student_1076,Female,41,D001,2,4,3.5368,3.33,3.4962,82,No,Yes,Eligible,0,Completed,Low Risk
S1077,D/BCS/25/1087,Student_1077,Male,41,D002,2,3,2.81,2.9889,2.6949,76,No,Yes,Not Eligible,1,Not Completed,Medium Risk
S1078,D/BSE/25/1088,Student_1078,Male,41,D001,2,3,3.93,3.8111,3.9186,77,No,Yes,Not Eligible,0,Completed,Low Risk
S1079,D/BCS/25/1089,Student_1079,Male,42,D002,1,2,3.7611,3.8048,3.7846,81,No,Yes,Eligible,0,Completed,Low Risk
S1080,D/BSE/25/1090,Student_1080,Female,40,D001,3,5,3.4385,3.4211,3.3404,92,No,Yes,Eligible,0,Completed,Low Risk
S1081,D/BCS/25/1091,Student_1081,Male,40,D002,3,6,3.3038,3.3615,3.3169,83,No,Yes,Eligible,0,Completed,Low Risk
S1082,D/ICT/25/1092,Student_1082,Male,42,D005,1,2,2.56,2.2526,2.4103,90,No,Yes,Eligible,0,Completed,Medium Risk
S1083,D/BSE/25/1093,Student_1083,Male,41,D001,2,4,3.4421,3.24,3.0423,71,Yes,Yes,Eligible,1,Not Completed,Low Risk
S1084,D/ICT/25/1094,Student_1084,Female,41,D005,2,4,3.6727,3.6609,3.6202,83,No,Yes,Eligible,0,Completed,Low Risk
S1085,D/BSE/25/1095,Student_1085,Male,41,D001,2,4,2.8579,3.06,3.1205,75,No,No,Not Eligible,0,Completed,Low Risk
S1086,D/DBA/25/1096,Student_1086,Male,40,D004,3,6,3.4095,3.7211,3.6905,73,No,Yes,Not Eligible,0,Completed,Low Risk
S1087,D/BCS/25/1097,Student_1087,Male,40,D002,3,6,3.9038,3.8231,3.8538,100,No,Yes,Eligible,0,Completed,Low Risk
S1088,D/BCS/25/1098,Student_1088,Female,41,D002,2,3,2.73,2.7278,2.7203,98,No,Yes,Eligible,1,Not Completed,Medium Risk
S1089,D/BCS/25/1099,Student_1089,Male,40,D002,3,5,3.8,3.8947,3.7788,97,No,Yes,Eligible,0,Completed,Low Risk
S1090,D/DBA/25/1100,Student_1090,Female,40,D004,3,5,2.7211,3.05,2.8786,79,No,Yes,Not Eligible,0,Completed,Medium Risk
S1091,D/BSE/25/1101,Student_1091,Female,39,D001,4,8,4.0,3.6375,3.6631,64,No,Yes,Not Eligible,0,Completed,Low Risk
S1092,D/BSE/25/1102,Student_1092,Male,39,D001,4,7,3.6625,3.704,3.6338,91,No,Yes,Eligible,0,Completed,Low Risk
S1093,D/COE/25/1103,Student_1093,Male,42,D003,1,1,3.781,0.0,3.781,78,No,Yes,Not Eligible,0,Completed,Low Risk
S1094,D/BSE/25/1104,Student_1094,Female,40,D001,3,6,3.92,3.8,3.845,85,No,Yes,Eligible,0,Completed,Low Risk
S1095,D/ICT/25/1105,Student_1095,Male,42,D005,1,2,3.73,3.8579,3.7923,100,No,Yes,Eligible,0,Completed,Low Risk
S1096,D/ICT/25/1106,Student_1096,Male,41,D005,2,3,3.6304,3.175,3.4,55,No,Yes,Not Eligible,0,Completed,Low Risk
S1097,D/BSE/25/1107,Student_1097,Female,42,D001,1,1,2.7762,0.0,2.7762,72,No,Yes,Not Eligible,0,Completed,Medium Risk
S1098,D/BCS/25/1108,Student_1098,Male,42,D002,1,1,3.4476,0.0,3.4476,94,No,Yes,Eligible,0,Completed,Low Risk
S1099,D/BCS/25/1109,Student_1099,Female,42,D002,1,1,2.4619,0.0,2.4619,87,No,Yes,Eligible,0,Completed,Medium Risk
S1100,D/DBA/25/1110,Student_1100,Male,42,D004,1,1,3.9375,0.0,3.9375,77,No,Yes,Not Eligible,0,Completed,Low Risk
S1101,D/BCS/25/1111,Student_1101,Male,40,D002,3,5,4.0,4.0,3.9865,84,No,Yes,Eligible,0,Completed,Low Risk
S1102,D/COE/25/1112,Student_1102,Male,41,D003,2,4,3.7684,3.8947,3.8253,67,Yes,Yes,Eligible,0,Completed,Low Risk
S1103,D/DBA/25/1113,Student_1103,Male,42,D004,1,1,2.7625,0.0,2.7625,79,No,Yes,Not Eligible,0,Completed,Medium Risk
S1104,D/BSE/25/1114,Student_1104,Male,39,D001,4,7,3.675,3.648,3.5766,72,Yes,Yes,Eligible,0,Completed,Low Risk
S1105,D/ICT/25/1115,Student_1105,Female,41,D005,2,4,3.9545,4.0,3.956,82,No,Yes,Eligible,0,Completed,Low Risk
S1106,D/BSE/25/1116,Student_1106,Male,40,D001,3,5,3.2385,3.0526,3.0875,90,No,Yes,Eligible,0,Completed,Low Risk
S1107,D/BCS/25/1117,Student_1107,Male,42,D002,1,2,4.0,3.9714,3.9846,93,No,Yes,Eligible,0,Completed,Low Risk
S1108,D/DBA/25/1118,Student_1108,Male,41,D004,2,4,2.5786,2.4833,2.62,76,No,Yes,Not Eligible,1,Not Completed,Medium Risk
S1109,D/ICT/25/1119,Student_1109,Male,42,D005,1,1,3.4526,0.0,3.4526,80,No,Yes,Eligible,0,Completed,Low Risk
S1110,D/ICT/25/1120,Student_1110,Female,40,D005,3,6,4.0,3.86,3.9082,79,No,Yes,Not Eligible,0,Completed,Low Risk
S1111,D/BCS/25/1121,Student_1111,Female,39,D002,4,7,3.9667,3.8038,3.8865,83,No,No,Not Eligible,0,Completed,Low Risk
S1112,D/BCS/25/1122,Student_1112,Female,40,D002,3,5,3.3308,3.2632,3.3058,88,No,Yes,Eligible,0,Completed,Low Risk
S1113,D/ICT/25/1123,Student_1113,Female,42,D005,1,1,3.8947,0.0,3.8947,98,No,Yes,Eligible,0,Completed,Low Risk
S1114,D/BSE/25/1124,Student_1114,Male,42,D001,1,2,3.9333,3.7238,3.8205,78,Yes,Yes,Eligible,0,Completed,Low Risk
S1115,D/BCS/25/1125,Student_1115,Female,41,D002,2,4,3.5947,3.37,3.4346,90,No,Yes,Eligible,0,Completed,Low Risk
S1116,D/BSE/25/1126,Student_1116,Male,42,D001,1,2,3.7167,3.2905,3.4872,83,No,Yes,Eligible,0,Completed,Low Risk
S1117,D/BSE/25/1127,Student_1117,Female,39,D001,4,8,4.0,3.825,3.8519,80,No,Yes,Eligible,0,Completed,Low Risk
S1118,D/COE/25/1128,Student_1118,Female,41,D003,2,4,3.2158,3.0263,3.1696,82,No,Yes,Eligible,0,Completed,Low Risk
S1119,D/COE/25/1129,Student_1119,Male,42,D003,1,2,3.69,3.9714,3.8341,77,No,No,Not Eligible,0,Completed,Low Risk
S1120,D/BSE/25/1130,Student_1120,Male,39,D001,4,7,3.7,3.908,3.8655,82,No,Yes,Eligible,0,Completed,Low Risk
S1121,D/BCS/25/1131,Student_1121,Male,39,D002,4,7,3.5556,3.4115,3.3953,71,Yes,Yes,Eligible,0,Completed,Low Risk
S1122,D/COE/25/1132,Student_1122,Female,41,D003,2,4,2.6211,2.0316,2.2823,88,No,Yes,Eligible,2,Not Completed,High Risk
S1123,D/DBA/25/1133,Student_1123,Female,41,D004,2,4,3.7143,3.7722,3.6123,95,No,Yes,Eligible,0,Completed,Low Risk
S1124,D/BCS/25/1134,Student_1124,Female,42,D002,1,1,3.5286,0.0,3.5286,78,No,Yes,Not Eligible,0,Completed,Low Risk
S1125,D/COE/25/1135,Student_1125,Male,40,D003,3,5,3.6296,3.5895,3.483,88,No,Yes,Eligible,0,Completed,Low Risk
S1126,D/BSE/25/1136,Student_1126,Male,41,D001,2,4,3.9263,3.9,3.8756,89,No,Yes,Eligible,0,Completed,Low Risk
S1127,D/BSE/25/1137,Student_1127,Male,39,D001,4,8,4.0,3.8375,3.8825,91,No,Yes,Eligible,0,Completed,Low Risk
S1128,D/COE/25/1138,Student_1128,Male,39,D003,4,8,3.6,3.9143,3.8287,96,No,Yes,Eligible,0,Completed,Low Risk
S1129,D/BSE/25/1139,Student_1129,Male,41,D001,2,3,3.43,3.4444,3.4593,91,No,Yes,Eligible,0,Completed,Low Risk
S1130,D/BCS/25/1140,Student_1130,Male,42,D002,1,1,3.1238,0.0,3.1238,76,Yes,No,Not Eligible,0,Completed,Low Risk
S1131,D/COE/25/1141,Student_1131,Female,39,D003,4,8,4.0,4.0,3.8754,88,No,Yes,Eligible,0,Completed,Low Risk
S1132,D/ICT/25/1142,Student_1132,Male,42,D005,1,2,3.315,3.1947,3.2564,76,No,Yes,Not Eligible,0,Completed,Low Risk
S1133,D/COE/25/1143,Student_1133,Male,39,D003,4,7,3.0905,3.064,3.2697,75,No,Yes,Not Eligible,0,Completed,Low Risk
S1134,D/DBA/25/1144,Student_1134,Male,41,D004,2,3,4.0,3.9176,3.9196,97,No,Yes,Eligible,0,Completed,Low Risk
S1135,D/DBA/25/1145,Student_1135,Male,40,D004,3,5,3.3842,3.5929,3.5548,86,No,Yes,Eligible,0,Completed,Low Risk
S1136,D/BCS/25/1146,Student_1136,Male,41,D002,2,4,3.1579,2.97,3.0859,80,No,Yes,Eligible,0,Completed,Low Risk
S1137,D/BSE/25/1147,Student_1137,Female,40,D001,3,5,3.4846,3.3526,3.4769,65,No,Yes,Not Eligible,0,Completed,Low Risk
S1138,D/BSE/25/1148,Student_1138,Female,39,D001,4,8,3.82,3.4125,3.2163,68,No,Yes,Not Eligible,0,Completed,Low Risk
S1139,D/ICT/25/1149,Student_1139,Female,39,D005,4,7,2.5417,2.7,2.2276,85,No,Yes,Eligible,3,Not Completed,High Risk
S1140,D/BSE/25/1150,Student_1140,Male,41,D001,2,3,3.97,3.8056,3.8,80,No,Yes,Eligible,0,Completed,Low Risk
S1141,D/COE/25/1151,Student_1141,Male,39,D003,4,8,4.0,3.4619,3.4006,79,No,Yes,Not Eligible,0,Completed,Low Risk
S1142,D/ICT/25/1152,Student_1142,Male,42,D005,1,2,3.55,3.9684,3.7538,88,No,Yes,Eligible,0,Completed,Low Risk
S1143,D/BCS/25/1153,Student_1143,Female,40,D002,3,5,3.7231,3.9526,3.7731,84,No,Yes,Eligible,0,Completed,Low Risk
S1144,D/COE/25/1154,Student_1144,Male,41,D003,2,3,3.3684,3.33,3.3983,94,No,Yes,Eligible,0,Completed,Low Risk
S1145,D/BSE/25/1155,Student_1145,Male,39,D001,4,8,2.14,2.6125,2.9931,80,No,Yes,Eligible,0,Completed,Medium Risk
S1146,D/DBA/25/1156,Student_1146,Male,42,D004,1,1,2.9812,0.0,2.9812,91,No,Yes,Eligible,1,Not Completed,Medium Risk
S1147,D/ICT/25/1157,Student_1147,Male,40,D005,3,5,3.495,3.3273,3.5038,98,No,Yes,Eligible,0,Completed,Low Risk
S1148,D/BCS/25/1158,Student_1148,Female,42,D002,1,1,3.7476,0.0,3.7476,84,No,Yes,Eligible,0,Completed,Low Risk
S1149,D/DBA/25/1159,Student_1149,Female,41,D004,2,4,3.65,3.5333,3.5077,77,No,Yes,Not Eligible,0,Completed,Low Risk
S1150,D/BCS/25/1160,Student_1150,Male,40,D002,3,6,3.9385,3.8,3.7954,78,No,Yes,Not Eligible,0,Completed,Low Risk
S1151,D/ICT/25/1161,Student_1151,Male,39,D005,4,7,2.9708,3.7,3.0813,82,No,Yes,Eligible,0,Completed,Low Risk
S1152,D/BSE/25/1162,Student_1152,Male,39,D001,4,7,3.2875,3.32,3.1993,86,No,Yes,Eligible,0,Completed,Low Risk
S1153,D/COE/25/1163,Student_1153,Male,42,D003,1,2,2.22,2.0905,2.1537,86,No,Yes,Eligible,2,Not Completed,High Risk
S1154,D/BSE/25/1164,Student_1154,Male,42,D001,1,2,3.0278,3.4238,3.241,96,No,Yes,Eligible,0,Completed,Low Risk
S1155,D/COE/25/1165,Student_1155,Male,42,D003,1,2,3.955,3.8095,3.8805,67,No,Yes,Not Eligible,0,Completed,Low Risk
S1156,D/BCS/25/1166,Student_1156,Female,42,D002,1,1,3.6238,0.0,3.6238,69,No,Yes,Not Eligible,0,Completed,Low Risk
S1157,D/BSE/25/1167,Student_1157,Male,42,D001,1,2,3.7167,3.7238,3.7205,86,No,Yes,Eligible,0,Completed,Low Risk
S1158,D/BSE/25/1168,Student_1158,Male,42,D001,1,1,3.3524,0.0,3.3524,80,No,Yes,Eligible,0,Completed,Low Risk
S1159,D/BSE/25/1169,Student_1159,Male,41,D001,2,4,2.7316,1.74,2.3628,69,Yes,Yes,Eligible,2,Not Completed,High Risk
S1160,D/ICT/25/1170,Student_1160,Male,40,D005,3,5,3.7,3.9864,3.8144,100,No,Yes,Eligible,0,Completed,Low Risk
S1161,D/BSE/25/1171,Student_1161,Male,42,D001,1,1,3.8048,0.0,3.8048,78,No,Yes,Not Eligible,0,Completed,Low Risk
S1162,D/COE/25/1172,Student_1162,Female,41,D003,2,4,3.0368,2.9842,3.1165,100,No,Yes,Eligible,0,Completed,Low Risk
S1163,D/ICT/25/1173,Student_1163,Male,41,D005,2,4,3.3318,3.413,3.3988,87,No,Yes,Eligible,0,Completed,Low Risk
S1164,D/BCS/25/1174,Student_1164,Male,41,D002,2,3,3.6,3.4722,3.5492,82,No,Yes,Eligible,0,Completed,Low Risk
S1165,D/BCS/25/1175,Student_1165,Female,42,D002,1,1,3.2762,0.0,3.2762,88,No,Yes,Eligible,0,Completed,Low Risk
S1166,D/ICT/25/1176,Student_1166,Female,40,D005,3,5,3.68,2.6182,3.2269,92,No,Yes,Eligible,1,Not Completed,Low Risk
S1167,D/ICT/25/1177,Student_1167,Male,41,D005,2,3,3.6783,3.42,3.5484,86,No,Yes,Eligible,0,Completed,Low Risk
S1168,D/BSE/25/1178,Student_1168,Male,39,D001,4,7,3.6625,3.648,3.7986,75,No,Yes,Not Eligible,0,Completed,Low Risk
S1169,D/BSE/25/1179,Student_1169,Male,39,D001,4,7,2.425,2.472,2.449,85,No,Yes,Eligible,1,Not Completed,Medium Risk
S1170,D/BCS/25/1180,Student_1170,Male,41,D002,2,3,3.61,3.1778,3.2847,74,No,Yes,Not Eligible,0,Completed,Low Risk
S1171,D/BSE/25/1181,Student_1171,Male,42,D001,1,1,3.1333,0.0,3.1333,94,No,Yes,Eligible,0,Completed,Low Risk
S1172,D/ICT/25/1182,Student_1172,Female,39,D005,4,8,2.6867,2.825,2.9591,90,No,No,Not Eligible,0,Completed,Medium Risk
S1173,D/ICT/25/1183,Student_1173,Female,41,D005,2,3,3.087,3.23,3.2081,80,No,Yes,Eligible,0,Completed,Low Risk
S1174,D/BSE/25/1184,Student_1174,Male,40,D001,3,6,2.736,2.7462,2.7403,85,No,No,Not Eligible,2,Not Completed,High Risk
S1175,D/BSE/25/1185,Student_1175,Male,42,D001,1,1,3.519,0.0,3.519,93,No,Yes,Eligible,0,Completed,Low Risk
S1176,D/BCS/25/1186,Student_1176,Male,42,D002,1,1,3.6714,0.0,3.6714,76,Yes,Yes,Eligible,0,Completed,Low Risk
S1177,D/BCS/25/1187,Student_1177,Female,42,D002,1,1,3.0905,0.0,3.0905,68,No,Yes,Not Eligible,0,Completed,Low Risk
S1178,D/DBA/25/1188,Student_1178,Male,41,D004,2,4,3.6357,3.9222,3.7862,84,No,Yes,Eligible,0,Completed,Low Risk
S1179,D/BCS/25/1189,Student_1179,Female,41,D002,2,4,3.5211,3.03,3.2256,94,No,Yes,Eligible,1,Not Completed,Low Risk
S1180,D/BCS/25/1190,Student_1180,Male,41,D002,2,4,3.4,3.8,3.6679,92,No,Yes,Eligible,0,Completed,Low Risk
S1181,D/BSE/25/1191,Student_1181,Male,40,D001,3,5,3.1692,3.4105,2.9288,87,No,Yes,Eligible,1,Not Completed,Medium Risk
S1182,D/BSE/25/1192,Student_1182,Male,42,D001,1,2,3.95,3.8476,3.8949,77,No,Yes,Not Eligible,0,Completed,Low Risk
S1183,D/BSE/25/1193,Student_1183,Female,41,D001,2,3,3.17,3.3722,3.1034,81,No,Yes,Eligible,0,Completed,Low Risk
S1184,D/BSE/25/1194,Student_1184,Male,40,D001,3,5,2.7846,2.2053,2.4029,72,Yes,Yes,Eligible,3,Not Completed,High Risk
S1185,D/BCS/25/1195,Student_1185,Male,41,D002,2,4,2.0789,2.18,2.3385,78,No,Yes,Not Eligible,1,Not Completed,Medium Risk
S1186,D/BCS/25/1196,Student_1186,Male,42,D002,1,2,4.0,3.8762,3.9333,97,No,Yes,Eligible,0,Completed,Low Risk
S1187,D/BSE/25/1197,Student_1187,Female,42,D001,1,2,2.4944,2.5429,2.5205,88,No,Yes,Eligible,1,Not Completed,Medium Risk
S1188,D/COE/25/1198,Student_1188,Male,42,D003,1,1,2.4619,0.0,2.4619,84,No,Yes,Eligible,0,Completed,Medium Risk
S1189,D/BCS/25/1199,Student_1189,Male,40,D002,3,6,3.3077,3.1692,3.19,95,No,No,Not Eligible,0,Completed,Low Risk
S1190,D/BCS/25/1200,Student_1190,Male,40,D002,3,6,2.8731,3.1846,3.0085,78,No,Yes,Not Eligible,0,Completed,Low Risk
S1191,D/DBA/25/1201,Student_1191,Female,42,D004,1,1,3.1438,0.0,3.1438,98,No,Yes,Eligible,0,Completed,Low Risk
S1192,D/BSE/25/1202,Student_1192,Male,40,D001,3,6,3.58,3.7,3.6496,86,No,Yes,Eligible,0,Completed,Low Risk
S1193,D/BSE/25/1203,Student_1193,Male,40,D001,3,6,3.616,3.3846,3.3465,91,No,Yes,Eligible,0,Completed,Low Risk
S1194,D/ICT/25/1204,Student_1194,Male,41,D005,2,3,4.0,3.985,3.9952,87,No,Yes,Eligible,0,Completed,Low Risk
S1195,D/BSE/25/1205,Student_1195,Male,41,D001,2,3,1.99,2.0667,2.0949,92,No,Yes,Eligible,1,Not Completed,Medium Risk
S1196,D/BSE/25/1206,Student_1196,Male,39,D001,4,7,3.5,3.62,3.4855,86,No,Yes,Eligible,0,Completed,Low Risk
S1197,D/BCS/25/1207,Student_1197,Male,42,D002,1,2,2.7056,2.7714,2.741,86,No,Yes,Eligible,0,Completed,Medium Risk
S1198,D/BSE/25/1208,Student_1198,Male,42,D001,1,2,3.9333,3.9429,3.9385,89,No,Yes,Eligible,0,Completed,Low Risk
S1199,D/DBA/25/1209,Student_1199,Female,41,D004,2,3,2.9278,2.5706,2.7098,79,Yes,Yes,Eligible,1,Not Completed,Medium Risk
S1200,D/BCS/25/1210,Student_1200,Male,40,D002,3,5,3.8769,3.8474,3.7731,82,No,Yes,Eligible,0,Completed,Low Risk
S1201,D/BSE/25/1211,Student_1201,Male,41,D001,2,3,2.78,2.5111,2.5542,88,No,Yes,Eligible,0,Completed,Medium Risk
S1202,D/BSE/25/1212,Student_1202,Female,41,D001,2,3,2.78,3.0,2.9034,90,No,Yes,Eligible,0,Completed,Medium Risk
S1203,D/BCS/25/1213,Student_1203,Female,41,D002,2,4,4.0,4.0,3.9885,98,No,Yes,Eligible,0,Completed,Low Risk
S1204,D/COE/25/1214,Student_1204,Male,40,D003,3,5,3.4704,3.4316,3.584,80,No,Yes,Eligible,0,Completed,Low Risk
S1205,D/BCS/25/1215,Student_1205,Female,39,D002,4,7,3.5667,3.5346,3.6372,76,No,Yes,Not Eligible,0,Completed,Low Risk
S1206,D/COE/25/1216,Student_1206,Male,40,D003,3,6,3.052,3.0259,3.016,74,Yes,Yes,Eligible,0,Completed,Low Risk
S1207,D/BSE/25/1217,Student_1207,Male,42,D001,1,2,4.0,3.5524,3.759,100,No,Yes,Eligible,0,Completed,Low Risk
S1208,D/COE/25/1218,Student_1208,Male,42,D003,1,1,3.0476,0.0,3.0476,74,No,Yes,Not Eligible,0,Completed,Low Risk
S1209,D/COE/25/1219,Student_1209,Male,42,D003,1,2,3.915,3.8762,3.8951,88,No,Yes,Eligible,0,Completed,Low Risk
S1210,D/BCS/25/1220,Student_1210,Male,42,D002,1,1,2.2857,0.0,2.2857,76,No,Yes,Not Eligible,1,Not Completed,Medium Risk
S1211,D/ICT/25/1221,Student_1211,Female,41,D005,2,3,2.3435,2.66,2.65,93,No,Yes,Eligible,1,Not Completed,Medium Risk
S1212,D/COE/25/1222,Student_1212,Male,39,D003,4,8,3.0,3.2571,3.0395,97,No,Yes,Eligible,0,Completed,Low Risk
S1213,D/BCS/25/1223,Student_1213,Male,40,D002,3,5,3.0846,3.5211,3.3375,90,No,Yes,Eligible,0,Completed,Low Risk
S1214,D/COE/25/1224,Student_1214,Male,41,D003,2,3,3.2263,3.07,3.1133,93,No,Yes,Eligible,0,Completed,Low Risk
S1215,D/BSE/25/1225,Student_1215,Male,40,D001,3,5,3.5923,3.5158,3.6423,83,No,Yes,Eligible,0,Completed,Low Risk
S1216,D/BSE/25/1226,Student_1216,Male,41,D001,2,3,3.8,3.7556,3.8068,72,Yes,Yes,Eligible,0,Completed,Low Risk
S1217,D/COE/25/1227,Student_1217,Male,41,D003,2,3,3.4,3.005,3.105,93,No,Yes,Eligible,0,Completed,Low Risk
S1218,D/DBA/25/1228,Student_1218,Male,42,D004,1,2,3.8765,3.9438,3.9091,73,No,Yes,Not Eligible,0,Completed,Low Risk
S1219,D/DBA/25/1229,Student_1219,Male,41,D004,2,3,2.8722,3.3412,3.2118,83,No,Yes,Eligible,0,Completed,Low Risk
S1220,D/BSE/25/1230,Student_1220,Male,42,D001,1,1,3.3762,0.0,3.3762,72,No,Yes,Not Eligible,0,Completed,Low Risk
S1221,D/BSE/25/1231,Student_1221,Female,41,D001,2,3,3.87,3.8111,3.6712,82,No,Yes,Eligible,0,Completed,Low Risk
S1222,D/DBA/25/1232,Student_1222,Male,39,D004,4,8,3.0,2.5154,2.8157,75,No,No,Not Eligible,1,Not Completed,Medium Risk
S1223,D/COE/25/1233,Student_1223,Male,42,D003,1,2,3.93,3.6238,3.7732,97,No,Yes,Eligible,0,Completed,Low Risk
S1224,D/BCS/25/1234,Student_1224,Female,40,D002,3,6,3.1462,3.2154,3.26,78,No,Yes,Not Eligible,0,Completed,Low Risk
S1225,D/COE/25/1235,Student_1225,Female,42,D003,1,1,3.819,0.0,3.819,81,No,Yes,Eligible,0,Completed,Low Risk
S1226,D/ICT/25/1236,Student_1226,Male,41,D005,2,3,2.9826,2.845,3.1048,85,No,Yes,Eligible,2,Not Completed,Medium Risk
S1227,D/BCS/25/1237,Student_1227,Female,41,D002,2,4,3.1053,3.09,3.1513,100,No,Yes,Eligible,0,Completed,Low Risk
S1228,D/BSE/25/1238,Student_1228,Female,42,D001,1,2,3.5556,3.5048,3.5282,91,No,Yes,Eligible,0,Completed,Low Risk
S1229,D/DBA/25/1239,Student_1229,Female,41,D004,2,3,2.9722,3.4647,3.402,86,No,Yes,Eligible,0,Completed,Low Risk
S1230,D/ICT/25/1240,Student_1230,Male,40,D005,3,5,3.81,3.6273,3.7106,100,No,Yes,Eligible,0,Completed,Low Risk
S1231,D/ICT/25/1241,Student_1231,Male,42,D005,1,1,3.7421,0.0,3.7421,65,Yes,Yes,Eligible,0,Completed,Low Risk
S1232,D/DBA/25/1242,Student_1232,Male,41,D004,2,4,4.0,3.8889,3.96,90,No,Yes,Eligible,0,Completed,Low Risk
S1233,D/DBA/25/1243,Student_1233,Male,41,D004,2,3,3.4167,3.1588,3.2902,68,No,Yes,Not Eligible,0,Completed,Low Risk
S1234,D/BSE/25/1244,Student_1234,Male,39,D001,4,7,3.325,3.332,3.1269,77,No,Yes,Not Eligible,0,Completed,Low Risk
S1235,D/COE/25/1245,Student_1235,Female,42,D003,1,1,2.4524,0.0,2.4524,82,No,Yes,Eligible,0,Completed,Medium Risk
S1236,D/COE/25/1246,Student_1236,Female,42,D003,1,1,3.6714,0.0,3.6714,84,No,Yes,Eligible,0,Completed,Low Risk
S1237,D/ICT/25/1247,Student_1237,Female,40,D005,3,6,3.0,2.69,2.6791,83,No,Yes,Eligible,1,Not Completed,Medium Risk
S1238,D/BSE/25/1248,Student_1238,Female,42,D001,1,1,3.2667,0.0,3.2667,73,Yes,Yes,Eligible,0,Completed,Low Risk
S1239,D/BCS/25/1249,Student_1239,Female,39,D002,4,8,3.88,3.5667,3.5975,83,No,Yes,Eligible,0,Completed,Low Risk
S1240,D/COE/25/1250,Student_1240,Male,40,D003,3,6,2.464,2.5,2.3588,97,No,Yes,Eligible,2,Not Completed,High Risk
S1241,D/COE/25/1251,Student_1241,Male,41,D003,2,4,3.1789,3.1053,3.2354,98,No,Yes,Eligible,0,Completed,Low Risk
S1242,D/ICT/25/1252,Student_1242,Male,39,D005,4,8,2.62,2.9583,2.6678,77,No,Yes,Not Eligible,2,Not Completed,High Risk
S1243,D/BSE/25/1253,Student_1243,Male,42,D001,1,1,2.0857,0.0,2.0857,97,No,No,Not Eligible,2,Not Completed,High Risk
S1244,D/ICT/25/1254,Student_1244,Female,40,D005,3,5,3.865,3.8773,3.924,77,No,Yes,Not Eligible,0,Completed,Low Risk
S1245,D/DBA/25/1255,Student_1245,Female,41,D004,2,3,3.8389,3.8059,3.7961,92,No,Yes,Eligible,0,Completed,Low Risk
S1246,D/BCS/25/1256,Student_1246,Female,42,D002,1,1,3.4667,0.0,3.4667,80,No,Yes,Eligible,0,Completed,Low Risk
S1247,D/COE/25/1257,Student_1247,Female,42,D003,1,2,2.86,3.3143,3.0927,87,No,Yes,Eligible,0,Completed,Low Risk
S1248,D/BSE/25/1258,Student_1248,Male,42,D001,1,1,3.3905,0.0,3.3905,89,No,Yes,Eligible,0,Completed,Low Risk
S1249,D/DBA/25/1259,Student_1249,Male,41,D004,2,3,2.4889,3.0294,2.9098,78,No,Yes,Not Eligible,0,Completed,Medium Risk
S1250,D/BSE/25/1260,Student_1250,Male,41,D001,2,3,3.2,3.1167,3.3305,84,No,Yes,Eligible,0,Completed,Low Risk
S1251,D/BSE/25/1261,Student_1251,Male,39,D001,4,8,3.72,3.5875,3.5931,78,No,Yes,Not Eligible,0,Completed,Low Risk
S1252,D/ICT/25/1262,Student_1252,Male,42,D005,1,2,3.255,3.1684,3.2128,86,No,Yes,Eligible,0,Completed,Low Risk
S1253,D/DBA/25/1263,Student_1253,Male,41,D004,2,4,3.3643,3.5778,3.5369,88,No,Yes,Eligible,0,Completed,Low Risk
S1254,D/BSE/25/1264,Student_1254,Female,41,D001,2,4,3.7368,3.63,3.7103,72,No,Yes,Not Eligible,0,Completed,Low Risk
S1255,D/BSE/25/1265,Student_1255,Male,42,D001,1,2,3.8833,3.8905,3.8872,80,No,Yes,Eligible,0,Completed,Low Risk
S1256,D/COE/25/1266,Student_1256,Male,41,D003,2,3,3.5789,3.37,3.5467,74,Yes,Yes,Eligible,0,Completed,Low Risk
S1257,D/BCS/25/1267,Student_1257,Male,41,D002,2,3,3.84,3.8722,3.8729,83,No,No,Not Eligible,0,Completed,Low Risk
S1258,D/BCS/25/1268,Student_1258,Female,42,D002,1,1,3.9286,0.0,3.9286,84,No,Yes,Eligible,0,Completed,Low Risk
S1259,D/DBA/25/1269,Student_1259,Female,39,D004,4,8,2.3,3.6462,3.5193,83,No,Yes,Eligible,0,Completed,Low Risk
S1260,D/DBA/25/1270,Student_1260,Male,42,D004,1,2,2.9176,3.275,3.0909,86,No,Yes,Eligible,0,Completed,Low Risk
S1261,D/COE/25/1271,Student_1261,Male,42,D003,1,1,3.0048,0.0,3.0048,83,No,Yes,Eligible,0,Completed,Low Risk
S1262,D/ICT/25/1272,Student_1262,Male,40,D005,3,6,4.0,3.97,3.8945,100,No,Yes,Eligible,0,Completed,Low Risk
S1263,D/BSE/25/1273,Student_1263,Female,41,D001,2,4,3.5789,3.28,3.3192,100,No,Yes,Eligible,0,Completed,Low Risk
S1264,D/DBA/25/1274,Student_1264,Male,41,D004,2,3,4.0,4.0,3.9882,96,No,Yes,Eligible,0,Completed,Low Risk
S1265,D/COE/25/1275,Student_1265,Male,41,D003,2,4,3.6158,3.5105,3.5937,86,No,Yes,Eligible,0,Completed,Low Risk
S1266,D/ICT/25/1276,Student_1266,Female,42,D005,1,2,3.745,3.6789,3.7128,71,Yes,Yes,Eligible,0,Completed,Low Risk
S1267,D/COE/25/1277,Student_1267,Male,41,D003,2,3,4.0,3.97,3.99,74,No,Yes,Not Eligible,0,Completed,Low Risk
S1268,D/DBA/25/1278,Student_1268,Male,40,D004,3,6,3.1667,3.1737,3.3857,90,No,Yes,Eligible,0,Completed,Low Risk
S1269,D/BCS/25/1279,Student_1269,Male,41,D002,2,3,2.12,1.5722,1.9339,84,No,Yes,Eligible,2,Not Completed,High Risk
S1270,D/COE/25/1280,Student_1270,Male,42,D003,1,2,2.945,2.4857,2.7098,77,No,Yes,Not Eligible,0,Completed,Medium Risk
S1271,D/BSE/25/1281,Student_1271,Female,40,D001,3,6,3.848,3.7462,3.8946,85,No,Yes,Eligible,0,Completed,Low Risk
S1272,D/DBA/25/1282,Student_1272,Female,39,D004,4,8,3.3,3.6462,3.5643,91,No,Yes,Eligible,0,Completed,Low Risk
S1273,D/ICT/25/1283,Student_1273,Male,42,D005,1,1,3.6053,0.0,3.6053,73,Yes,Yes,Eligible,0,Completed,Low Risk
S1274,D/ICT/25/1284,Student_1274,Male,39,D005,4,7,3.8375,4.0,3.7007,76,Yes,Yes,Eligible,0,Completed,Low Risk
S1275,D/ICT/25/1285,Student_1275,Female,39,D005,4,7,3.5292,3.7,3.4433,78,No,Yes,Not Eligible,0,Completed,Low Risk
S1276,D/BCS/25/1286,Student_1276,Female,39,D002,4,7,3.7889,3.7192,3.75,96,No,Yes,Eligible,0,Completed,Low Risk
S1277,D/BSE/25/1287,Student_1277,Male,42,D001,1,1,2.0429,0.0,2.0429,78,No,Yes,Not Eligible,1,Not Completed,Medium Risk
S1278,D/BSE/25/1288,Student_1278,Male,41,D001,2,4,2.5105,2.46,2.5359,84,No,Yes,Eligible,1,Not Completed,Medium Risk
S1279,D/BSE/25/1289,Student_1279,Male,39,D001,4,8,3.58,3.425,3.3181,83,No,Yes,Eligible,0,Completed,Low Risk
S1280,D/BCS/25/1290,Student_1280,Male,41,D002,2,4,3.9263,3.87,3.8692,85,No,Yes,Eligible,0,Completed,Low Risk
S1281,D/COE/25/1291,Student_1281,Male,41,D003,2,3,3.4737,3.525,3.4433,79,No,Yes,Not Eligible,0,Completed,Low Risk
S1282,D/COE/25/1292,Student_1282,Male,41,D003,2,4,3.7947,3.6842,3.7114,81,No,Yes,Eligible,0,Completed,Low Risk
S1283,D/BCS/25/1293,Student_1283,Female,42,D002,1,2,3.2944,3.4667,3.3872,93,No,Yes,Eligible,0,Completed,Low Risk
S1284,D/BSE/25/1294,Student_1284,Female,42,D001,1,2,3.5056,3.6095,3.5615,79,Yes,Yes,Eligible,0,Completed,Low Risk
S1285,D/ICT/25/1295,Student_1285,Male,40,D005,3,6,3.3,2.32,2.7627,98,No,Yes,Eligible,1,Not Completed,Medium Risk
S1286,D/COE/25/1296,Student_1286,Male,40,D003,3,6,3.848,3.9519,3.8947,92,No,Yes,Eligible,0,Completed,Low Risk
S1287,D/ICT/25/1297,Student_1287,Male,41,D005,2,4,2.4818,3.087,2.7298,80,No,No,Not Eligible,1,Not Completed,Medium Risk
S1288,D/BCS/25/1298,Student_1288,Female,42,D002,1,2,2.5333,2.7857,2.6692,86,No,Yes,Eligible,0,Completed,Medium Risk
S1289,D/BSE/25/1299,Student_1289,Male,42,D001,1,1,1.9333,0.0,1.9333,81,No,Yes,Eligible,1,Not Completed,Medium Risk
S1290,D/COE/25/1300,Student_1290,Male,42,D003,1,1,3.5143,0.0,3.5143,84,No,Yes,Eligible,0,Completed,Low Risk
S1291,D/BCS/25/1301,Student_1291,Female,40,D002,3,6,2.6308,2.4615,2.4785,95,No,Yes,Eligible,2,Not Completed,High Risk
S1292,D/BSE/25/1302,Student_1292,Female,41,D001,2,4,3.0789,3.56,3.1833,96,No,Yes,Eligible,0,Completed,Low Risk
S1293,D/BSE/25/1303,Student_1293,Male,42,D001,1,1,2.8381,0.0,2.8381,84,No,Yes,Eligible,0,Completed,Medium Risk
S1294,D/BSE/25/1304,Student_1294,Male,41,D001,2,4,3.5263,3.87,3.6359,87,No,Yes,Eligible,0,Completed,Low Risk
S1295,D/BCS/25/1305,Student_1295,Male,42,D002,1,1,3.619,0.0,3.619,77,No,Yes,Not Eligible,0,Completed,Low Risk
S1296,D/ICT/25/1306,Student_1296,Male,40,D005,3,5,2.535,2.7727,2.8202,85,No,Yes,Eligible,1,Not Completed,Medium Risk
S1297,D/BSE/25/1307,Student_1297,Male,40,D001,3,5,2.6462,2.4526,2.5154,80,No,Yes,Eligible,2,Not Completed,High Risk
S1298,D/COE/25/1308,Student_1298,Male,41,D003,2,4,2.9789,2.9,2.9418,86,No,Yes,Eligible,0,Completed,Medium Risk
S1299,D/BCS/25/1309,Student_1299,Female,41,D002,2,3,3.8,3.7778,3.8424,85,No,Yes,Eligible,0,Completed,Low Risk
S1300,D/ICT/25/1310,Student_1300,Male,40,D005,3,6,4.0,4.0,3.9164,89,No,Yes,Eligible,0,Completed,Low Risk
S1301,D/BSE/25/1311,Student_1301,Male,41,D001,2,4,3.1895,2.49,2.9141,98,No,Yes,Eligible,0,Completed,Medium Risk
S1302,D/BSE/25/1312,Student_1302,Female,41,D001,2,4,2.7053,2.86,2.5346,89,No,Yes,Eligible,1,Not Completed,Medium Risk
S1303,D/BSE/25/1313,Student_1303,Male,42,D001,1,1,2.5714,0.0,2.5714,77,No,Yes,Not Eligible,1,Not Completed,Medium Risk
S1304,D/DBA/25/1314,Student_1304,Male,41,D004,2,4,3.4643,3.3444,3.4215,75,No,Yes,Not Eligible,0,Completed,Low Risk
S1305,D/DBA/25/1315,Student_1305,Male,41,D004,2,4,3.0857,2.9556,3.0415,82,No,Yes,Eligible,0,Completed,Low Risk
S1306,D/COE/25/1316,Student_1306,Female,39,D003,4,8,2.0,3.1571,2.9868,84,No,Yes,Eligible,1,Not Completed,Medium Risk
S1307,D/DBA/25/1317,Student_1307,Male,41,D004,2,3,3.4722,3.6824,3.5157,100,No,Yes,Eligible,0,Completed,Low Risk
S1308,D/BSE/25/1318,Student_1308,Male,42,D001,1,1,3.0667,0.0,3.0667,77,Yes,Yes,Eligible,0,Completed,Low Risk
S1309,D/BSE/25/1319,Student_1309,Female,42,D001,1,1,3.6,0.0,3.6,88,No,Yes,Eligible,0,Completed,Low Risk
S1310,D/ICT/25/1320,Student_1310,Male,42,D005,1,2,3.52,2.9632,3.2487,70,No,Yes,Not Eligible,0,Completed,Low Risk
S1311,D/ICT/25/1321,Student_1311,Female,41,D005,2,3,2.8913,2.905,2.9097,99,No,Yes,Eligible,0,Completed,Medium Risk
S1312,D/COE/25/1322,Student_1312,Female,40,D003,3,5,3.8741,3.8789,3.8255,86,No,Yes,Eligible,0,Completed,Low Risk
S1313,D/ICT/25/1323,Student_1313,Male,42,D005,1,2,3.095,3.2421,3.1667,55,No,Yes,Not Eligible,0,Completed,Low Risk
S1314,D/ICT/25/1324,Student_1314,Male,41,D005,2,3,2.9087,3.205,2.7548,78,Yes,Yes,Eligible,2,Not Completed,High Risk
S1315,D/BSE/25/1325,Student_1315,Male,41,D001,2,4,3.4053,3.64,3.5936,73,No,Yes,Not Eligible,0,Completed,Low Risk
S1316,D/COE/25/1326,Student_1316,Male,42,D003,1,2,3.02,2.4619,2.7341,91,No,Yes,Eligible,0,Completed,Medium Risk
S1317,D/BSE/25/1327,Student_1317,Male,41,D001,2,3,3.91,3.9222,3.8288,90,No,Yes,Eligible,0,Completed,Low Risk
S1318,D/ICT/25/1328,Student_1318,Male,41,D005,2,4,3.5636,3.5,3.5524,86,No,Yes,Eligible,0,Completed,Low Risk
S1319,D/BSE/25/1329,Student_1319,Male,41,D001,2,4,2.1895,2.04,1.7679,90,No,Yes,Eligible,5,Not Completed,High Risk
S1320,D/COE/25/1330,Student_1320,Male,39,D003,4,7,3.4333,3.336,3.2717,83,No,Yes,Eligible,1,Not Completed,Low Risk
S1321,D/ICT/25/1331,Student_1321,Male,40,D005,3,6,4.0,3.715,3.5882,93,No,Yes,Eligible,0,Completed,Low Risk
S1322,D/BSE/25/1332,Student_1322,Female,42,D001,1,1,2.5857,0.0,2.5857,86,No,Yes,Eligible,0,Completed,Medium Risk
S1323,D/COE/25/1333,Student_1323,Female,41,D003,2,4,2.5737,2.7789,2.7203,88,No,Yes,Eligible,0,Completed,Medium Risk
S1324,D/COE/25/1334,Student_1324,Female,40,D003,3,6,3.856,3.9259,3.8366,95,No,Yes,Eligible,0,Completed,Low Risk
S1325,D/BCS/25/1335,Student_1325,Male,39,D002,4,7,3.5111,3.6577,3.5716,100,No,Yes,Eligible,0,Completed,Low Risk
S1326,D/ICT/25/1336,Student_1326,Female,40,D005,3,6,4.0,3.64,3.7927,86,No,Yes,Eligible,0,Completed,Low Risk
S1327,D/ICT/25/1337,Student_1327,Female,39,D005,4,7,4.0,4.0,3.8209,91,No,Yes,Eligible,0,Completed,Low Risk
S1328,D/BSE/25/1338,Student_1328,Male,42,D001,1,2,4.0,3.9714,3.9846,77,Yes,Yes,Eligible,0,Completed,Low Risk
S1329,D/ICT/25/1339,Student_1329,Female,42,D005,1,2,3.985,3.9263,3.9564,71,No,Yes,Not Eligible,0,Completed,Low Risk
S1330,D/ICT/25/1340,Student_1330,Male,40,D005,3,6,4.0,3.87,3.6409,87,No,Yes,Eligible,0,Completed,Low Risk
S1331,D/BCS/25/1341,Student_1331,Male,42,D002,1,1,3.9048,0.0,3.9048,98,No,Yes,Eligible,0,Completed,Low Risk
S1332,D/COE/25/1342,Student_1332,Male,42,D003,1,2,3.44,3.2286,3.3317,86,No,Yes,Eligible,0,Completed,Low Risk
S1333,D/DBA/25/1343,Student_1333,Male,39,D004,4,7,3.8385,3.8571,3.9267,91,No,Yes,Eligible,0,Completed,Low Risk
S1334,D/COE/25/1344,Student_1334,Female,42,D003,1,1,3.7952,0.0,3.7952,82,No,Yes,Eligible,0,Completed,Low Risk
S1335,D/COE/25/1345,Student_1335,Male,41,D003,2,3,4.0,3.925,3.975,76,No,Yes,Not Eligible,0,Completed,Low Risk
S1336,D/BSE/25/1346,Student_1336,Male,41,D001,2,4,3.6632,3.57,3.6423,78,No,Yes,Not Eligible,0,Completed,Low Risk
S1337,D/COE/25/1347,Student_1337,Female,41,D003,2,4,3.3421,3.4421,3.2785,84,No,Yes,Eligible,0,Completed,Low Risk
S1338,D/COE/25/1348,Student_1338,Male,39,D003,4,7,3.3,3.536,3.5342,76,No,Yes,Not Eligible,0,Completed,Low Risk
S1339,D/DBA/25/1349,Student_1339,Female,40,D004,3,5,3.1053,3.3429,3.1821,74,Yes,Yes,Eligible,0,Completed,Low Risk
S1340,D/BCS/25/1350,Student_1340,Male,40,D002,3,6,3.5192,3.5923,3.3885,84,No,Yes,Eligible,0,Completed,Low Risk
S1341,D/COE/25/1351,Student_1341,Male,41,D003,2,3,3.1263,3.44,3.33,74,No,Yes,Not Eligible,0,Completed,Low Risk
S1342,D/BCS/25/1352,Student_1342,Male,39,D002,4,7,3.9222,3.8462,3.8885,94,No,Yes,Eligible,0,Completed,Low Risk
S1343,D/ICT/25/1353,Student_1343,Male,42,D005,1,2,3.655,3.5421,3.6,81,No,Yes,Eligible,0,Completed,Low Risk
S1344,D/BSE/25/1354,Student_1344,Male,42,D001,1,1,3.0,0.0,3.0,79,No,Yes,Not Eligible,0,Completed,Low Risk
S1345,D/DBA/25/1355,Student_1345,Female,42,D004,1,2,3.2706,2.9125,3.097,87,No,Yes,Eligible,1,Not Completed,Low Risk
S1346,D/BSE/25/1356,Student_1346,Male,42,D001,1,1,3.219,0.0,3.219,99,No,Yes,Eligible,0,Completed,Low Risk
S1347,D/BCS/25/1357,Student_1347,Male,39,D002,4,7,2.8889,2.7192,2.7426,87,No,No,Not Eligible,2,Not Completed,High Risk
S1348,D/BSE/25/1358,Student_1348,Female,39,D001,4,7,3.9625,3.988,3.8862,79,No,Yes,Not Eligible,0,Completed,Low Risk
S1349,D/BCS/25/1359,Student_1349,Male,39,D002,4,7,3.3667,3.5538,3.377,79,No,Yes,Not Eligible,0,Completed,Low Risk
S1350,D/COE/25/1360,Student_1350,Male,39,D003,4,7,4.0,4.0,3.9862,79,Yes,Yes,Eligible,0,Completed,Low Risk
S1351,D/BSE/25/1361,Student_1351,Male,40,D001,3,5,3.6231,3.8947,3.6375,80,No,Yes,Eligible,0,Completed,Low Risk
S1352,D/ICT/25/1362,Student_1352,Male,39,D005,4,8,2.5667,3.1208,3.2128,78,No,Yes,Not Eligible,0,Completed,Low Risk
S1353,D/ICT/25/1363,Student_1353,Male,42,D005,1,1,3.8421,0.0,3.8421,100,No,No,Not Eligible,0,Completed,Low Risk
S1354,D/BSE/25/1364,Student_1354,Male,39,D001,4,7,3.325,3.552,3.5055,76,No,Yes,Not Eligible,0,Completed,Low Risk
S1355,D/BSE/25/1365,Student_1355,Male,40,D001,3,5,3.6692,3.6158,3.7067,80,No,No,Not Eligible,0,Completed,Low Risk
S1356,D/DBA/25/1366,Student_1356,Female,40,D004,3,6,3.519,3.3,3.5743,100,No,Yes,Eligible,0,Completed,Low Risk
S1357,D/DBA/25/1367,Student_1357,Female,41,D004,2,3,3.4056,3.7235,3.5118,87,No,Yes,Eligible,0,Completed,Low Risk
S1358,D/ICT/25/1368,Student_1358,Female,42,D005,1,1,3.4632,0.0,3.4632,65,No,Yes,Not Eligible,0,Completed,Low Risk
S1359,D/COE/25/1369,Student_1359,Male,40,D003,3,6,3.464,3.7296,3.558,100,No,Yes,Eligible,0,Completed,Low Risk
S1360,D/COE/25/1370,Student_1360,Female,40,D003,3,5,3.6037,3.7421,3.5604,93,No,Yes,Eligible,0,Completed,Low Risk
S1361,D/BSE/25/1371,Student_1361,Male,39,D001,4,8,4.0,3.575,3.2144,92,No,No,Not Eligible,0,Completed,Low Risk
S1362,D/BSE/25/1372,Student_1362,Male,41,D001,2,4,4.0,3.93,3.9821,81,No,Yes,Eligible,0,Completed,Low Risk
S1363,D/DBA/25/1373,Student_1363,Male,40,D004,3,5,3.0842,2.95,3.3298,81,No,Yes,Eligible,0,Completed,Low Risk
S1364,D/ICT/25/1374,Student_1364,Male,42,D005,1,2,3.485,3.5211,3.5026,87,No,Yes,Eligible,0,Completed,Low Risk
S1365,D/DBA/25/1375,Student_1365,Male,41,D004,2,4,3.5286,3.0333,3.1338,83,No,Yes,Eligible,0,Completed,Low Risk
S1366,D/COE/25/1376,Student_1366,Female,41,D003,2,4,3.8895,3.8947,3.9152,86,No,Yes,Eligible,0,Completed,Low Risk
S1367,D/COE/25/1377,Student_1367,Male,42,D003,1,1,3.3333,0.0,3.3333,95,No,Yes,Eligible,0,Completed,Low Risk
S1368,D/COE/25/1378,Student_1368,Male,39,D003,4,7,3.0667,3.38,3.25,80,No,Yes,Eligible,1,Not Completed,Low Risk
S1369,D/BCS/25/1379,Student_1369,Male,41,D002,2,4,2.8895,3.21,3.0744,76,Yes,Yes,Eligible,0,Completed,Low Risk
S1370,D/COE/25/1380,Student_1370,Male,40,D003,3,5,3.2519,3.6632,3.5085,94,No,Yes,Eligible,0,Completed,Low Risk
S1371,D/COE/25/1381,Student_1371,Male,39,D003,4,8,4.0,3.5381,3.6832,77,Yes,No,Not Eligible,0,Completed,Low Risk
S1372,D/BSE/25/1382,Student_1372,Female,41,D001,2,3,3.87,3.9222,3.8983,88,No,Yes,Eligible,0,Completed,Low Risk
S1373,D/COE/25/1383,Student_1373,Male,40,D003,3,6,2.964,3.1,3.174,78,No,Yes,Not Eligible,0,Completed,Low Risk
S1374,D/DBA/25/1384,Student_1374,Male,41,D004,2,4,3.5929,3.3278,3.3508,68,No,Yes,Not Eligible,0,Completed,Low Risk
S1375,D/ICT/25/1385,Student_1375,Male,40,D005,3,6,3.0,3.48,3.3455,78,No,Yes,Not Eligible,0,Completed,Low Risk
S1376,D/BSE/25/1386,Student_1376,Male,42,D001,1,2,3.4833,3.3571,3.4154,60,No,Yes,Not Eligible,0,Completed,Low Risk
S1377,D/ICT/25/1387,Student_1377,Female,40,D005,3,5,4.0,3.9545,3.9394,100,No,Yes,Eligible,0,Completed,Low Risk
S1378,D/ICT/25/1388,Student_1378,Female,40,D005,3,5,3.605,3.2,3.3865,91,No,Yes,Eligible,0,Completed,Low Risk
S1379,D/BCS/25/1389,Student_1379,Male,42,D002,1,2,3.95,3.9714,3.9615,96,No,Yes,Eligible,0,Completed,Low Risk
S1380,D/BSE/25/1390,Student_1380,Female,39,D001,4,8,4.0,3.875,3.8694,84,No,Yes,Eligible,0,Completed,Low Risk
S1381,D/BCS/25/1391,Student_1381,Male,42,D002,1,2,2.4611,3.2286,2.8744,77,Yes,Yes,Eligible,0,Completed,Medium Risk
S1382,D/BCS/25/1392,Student_1382,Female,39,D002,4,8,2.12,2.1444,2.0319,93,No,Yes,Eligible,6,Not Completed,High Risk
S1383,D/DBA/25/1393,Student_1383,Male,40,D004,3,5,3.6368,3.5214,3.606,94,No,Yes,Eligible,0,Completed,Low Risk
S1384,D/BCS/25/1394,Student_1384,Male,41,D002,2,3,3.24,3.3167,3.1932,90,No,Yes,Eligible,0,Completed,Low Risk
S1385,D/BSE/25/1395,Student_1385,Male,41,D001,2,4,3.4737,3.5,3.3667,78,Yes,Yes,Eligible,0,Completed,Low Risk
S1386,D/ICT/25/1396,Student_1386,Male,42,D005,1,2,3.4,3.5632,3.4795,87,No,Yes,Eligible,0,Completed,Low Risk
S1387,D/BCS/25/1397,Student_1387,Male,42,D002,1,2,2.9722,3.6571,3.341,85,No,Yes,Eligible,0,Completed,Low Risk
S1388,D/BSE/25/1398,Student_1388,Male,42,D001,1,1,3.5048,0.0,3.5048,83,No,Yes,Eligible,0,Completed,Low Risk
S1389,D/ICT/25/1399,Student_1389,Male,41,D005,2,3,3.5478,3.88,3.6839,94,No,Yes,Eligible,0,Completed,Low Risk
S1390,D/ICT/25/1400,Student_1390,Female,41,D005,2,4,3.8591,3.8478,3.7024,82,No,Yes,Eligible,0,Completed,Low Risk
S1391,D/ICT/25/1401,Student_1391,Male,40,D005,3,5,2.235,2.9182,2.7106,81,No,Yes,Eligible,3,Not Completed,High Risk
S1392,D/COE/25/1402,Student_1392,Male,39,D003,4,7,3.2143,3.284,3.1428,85,No,Yes,Eligible,0,Completed,Low Risk
S1393,D/BSE/25/1403,Student_1393,Male,41,D001,2,3,3.87,3.8556,3.8966,77,No,No,Not Eligible,0,Completed,Low Risk
S1394,D/BCS/25/1404,Student_1394,Male,39,D002,4,7,3.2222,2.9885,3.1858,60,Yes,Yes,Eligible,0,Completed,Low Risk
S1395,D/ICT/25/1405,Student_1395,Male,40,D005,3,6,4.0,3.985,3.9855,72,No,Yes,Not Eligible,0,Completed,Low Risk
S1396,D/ICT/25/1406,Student_1396,Male,41,D005,2,4,3.3136,3.6435,3.5571,80,No,Yes,Eligible,0,Completed,Low Risk
S1397,D/BCS/25/1407,Student_1397,Male,42,D002,1,2,3.7889,3.6952,3.7385,86,No,Yes,Eligible,0,Completed,Low Risk
S1398,D/BCS/25/1408,Student_1398,Female,41,D002,2,4,3.7368,3.56,3.6782,94,No,Yes,Eligible,0,Completed,Low Risk
S1399,D/DBA/25/1409,Student_1399,Female,41,D004,2,4,3.7929,3.8833,3.8446,80,No,Yes,Eligible,0,Completed,Low Risk
S1400,D/BSE/25/1410,Student_1400,Female,41,D001,2,4,2.8895,3.03,3.0038,72,No,Yes,Not Eligible,1,Not Completed,Low Risk
S1401,D/BCS/25/1411,Student_1401,Male,42,D002,1,2,3.2333,3.5857,3.4231,78,No,Yes,Not Eligible,0,Completed,Low Risk
S1402,D/BSE/25/1412,Student_1402,Female,42,D001,1,2,3.6,3.5762,3.5872,73,Yes,Yes,Eligible,0,Completed,Low Risk
S1403,D/ICT/25/1413,Student_1403,Male,42,D005,1,2,3.27,2.6947,2.9897,92,No,Yes,Eligible,0,Completed,Medium Risk
S1404,D/ICT/25/1414,Student_1404,Male,42,D005,1,1,3.8895,0.0,3.8895,87,No,Yes,Eligible,0,Completed,Low Risk
S1405,D/BCS/25/1415,Student_1405,Male,42,D002,1,1,2.0571,0.0,2.0571,87,No,Yes,Eligible,1,Not Completed,Medium Risk
S1406,D/BSE/25/1416,Student_1406,Male,41,D001,2,4,3.6842,3.81,3.5769,92,No,Yes,Eligible,0,Completed,Low Risk
S1407,D/DBA/25/1417,Student_1407,Female,41,D004,2,3,3.8333,3.7941,3.7549,83,No,Yes,Eligible,0,Completed,Low Risk
S1408,D/COE/25/1418,Student_1408,Male,40,D003,3,6,2.372,2.8185,2.674,89,No,Yes,Eligible,1,Not Completed,Medium Risk
S1409,D/COE/25/1419,Student_1409,Male,40,D003,3,5,2.8407,3.0105,2.7472,86,No,Yes,Eligible,1,Not Completed,Medium Risk
S1410,D/BSE/25/1420,Student_1410,Male,41,D001,2,4,3.5368,3.66,3.4756,95,No,Yes,Eligible,0,Completed,Low Risk
S1411,D/ICT/25/1421,Student_1411,Male,42,D005,1,2,3.41,3.5368,3.4718,84,No,Yes,Eligible,0,Completed,Low Risk
S1412,D/BCS/25/1422,Student_1412,Female,41,D002,2,3,3.9,3.9167,3.9254,100,No,Yes,Eligible,0,Completed,Low Risk
S1413,D/ICT/25/1423,Student_1413,Male,41,D005,2,4,3.2318,2.9435,3.2119,82,No,Yes,Eligible,0,Completed,Low Risk
S1414,D/BSE/25/1424,Student_1414,Female,42,D001,1,1,4.0,0.0,4.0,96,No,Yes,Eligible,0,Completed,Low Risk
S1415,D/BSE/25/1425,Student_1415,Male,39,D001,4,8,4.0,3.7125,3.6425,100,No,Yes,Eligible,0,Completed,Low Risk
S1416,D/DBA/25/1426,Student_1416,Male,41,D004,2,3,3.8389,3.9118,3.9137,66,Yes,Yes,Eligible,0,Completed,Low Risk
S1417,D/COE/25/1427,Student_1417,Male,41,D003,2,3,3.8947,3.955,3.9517,99,No,Yes,Eligible,0,Completed,Low Risk
S1418,D/BSE/25/1428,Student_1418,Male,41,D001,2,4,2.6737,2.5,2.6128,79,No,Yes,Not Eligible,0,Completed,Medium Risk
S1419,D/COE/25/1429,Student_1419,Female,42,D003,1,2,3.66,3.1857,3.4171,98,No,Yes,Eligible,0,Completed,Low Risk
S1420,D/BCS/25/1430,Student_1420,Male,41,D002,2,3,2.17,1.9,2.2203,90,No,Yes,Eligible,2,Not Completed,High Risk
S1421,D/DBA/25/1431,Student_1421,Female,42,D004,1,1,3.0375,0.0,3.0375,100,No,Yes,Eligible,0,Completed,Low Risk
S1422,D/BSE/25/1432,Student_1422,Male,42,D001,1,2,3.3,3.2762,3.2872,82,No,Yes,Eligible,0,Completed,Low Risk
S1423,D/BCS/25/1433,Student_1423,Female,40,D002,3,6,3.7615,3.8308,3.8031,72,Yes,Yes,Eligible,0,Completed,Low Risk
S1424,D/COE/25/1434,Student_1424,Female,42,D003,1,1,4.0,0.0,4.0,86,No,Yes,Eligible,0,Completed,Low Risk
S1425,D/BSE/25/1435,Student_1425,Male,41,D001,2,4,3.1158,3.04,3.0231,91,No,Yes,Eligible,0,Completed,Low Risk
S1426,D/COE/25/1436,Student_1426,Male,39,D003,4,7,3.781,3.812,3.8296,92,No,Yes,Eligible,0,Completed,Low Risk
S1427,D/BCS/25/1437,Student_1427,Male,40,D002,3,6,3.9538,3.8769,3.8823,85,No,Yes,Eligible,0,Completed,Low Risk
S1428,D/ICT/25/1438,Student_1428,Female,41,D005,2,3,2.7957,3.255,3.0161,85,No,Yes,Eligible,0,Completed,Low Risk
S1429,D/COE/25/1439,Student_1429,Male,39,D003,4,8,2.7,3.0619,3.2749,80,No,Yes,Eligible,1,Not Completed,Low Risk
S1430,D/BSE/25/1440,Student_1430,Male,42,D001,1,1,2.6143,0.0,2.6143,97,No,Yes,Eligible,0,Completed,Medium Risk
S1431,D/BCS/25/1441,Student_1431,Male,42,D002,1,2,3.5889,3.8667,3.7385,85,No,Yes,Eligible,0,Completed,Low Risk
S1432,D/BSE/25/1442,Student_1432,Female,41,D001,2,3,3.36,3.5333,3.4,76,No,Yes,Not Eligible,0,Completed,Low Risk
S1433,D/DBA/25/1443,Student_1433,Male,41,D004,2,3,3.2722,2.7941,3.0863,74,No,Yes,Not Eligible,0,Completed,Low Risk
S1434,D/COE/25/1444,Student_1434,Male,40,D003,3,6,2.616,2.7222,2.7656,81,No,Yes,Eligible,0,Completed,Medium Risk
S1435,D/BSE/25/1445,Student_1435,Male,42,D001,1,1,2.9381,0.0,2.9381,79,No,Yes,Not Eligible,0,Completed,Medium Risk
S1436,D/COE/25/1446,Student_1436,Male,41,D003,2,4,3.1474,3.2632,3.1696,93,No,Yes,Eligible,0,Completed,Low Risk
S1437,D/DBA/25/1447,Student_1437,Male,41,D004,2,3,4.0,3.8765,3.9118,91,No,Yes,Eligible,0,Completed,Low Risk
S1438,D/COE/25/1448,Student_1438,Female,42,D003,1,2,2.925,3.0905,3.0098,81,No,Yes,Eligible,0,Completed,Low Risk
S1439,D/BSE/25/1449,Student_1439,Female,42,D001,1,2,3.5,3.519,3.5103,81,No,Yes,Eligible,0,Completed,Low Risk
S1440,D/BSE/25/1450,Student_1440,Male,42,D001,1,2,3.1667,3.0524,3.1051,86,No,Yes,Eligible,0,Completed,Low Risk
S1441,D/DBA/25/1451,Student_1441,Male,39,D004,4,7,3.9769,3.7333,3.8473,92,No,Yes,Eligible,0,Completed,Low Risk
S1442,D/BSE/25/1452,Student_1442,Female,42,D001,1,2,3.4833,3.5714,3.5308,92,No,Yes,Eligible,0,Completed,Low Risk
S1443,D/BSE/25/1453,Student_1443,Male,42,D001,1,1,2.8762,0.0,2.8762,100,No,Yes,Eligible,0,Completed,Medium Risk
S1444,D/BSE/25/1454,Student_1444,Male,41,D001,2,3,2.04,1.6111,1.9153,82,No,Yes,Eligible,4,Not Completed,High Risk
S1445,D/BCS/25/1455,Student_1445,Female,41,D002,2,3,3.58,3.4111,3.4373,81,No,Yes,Eligible,0,Completed,Low Risk
S1446,D/BCS/25/1456,Student_1446,Male,42,D002,1,2,2.3667,2.919,2.6641,85,No,Yes,Eligible,1,Not Completed,Medium Risk
S1447,D/DBA/25/1457,Student_1447,Female,41,D004,2,3,3.0667,3.3,3.1059,87,No,Yes,Eligible,0,Completed,Low Risk
S1448,D/COE/25/1458,Student_1448,Male,41,D003,2,4,3.2789,2.7105,3.0975,81,No,Yes,Eligible,1,Not Completed,Low Risk
S1449,D/DBA/25/1459,Student_1449,Male,41,D004,2,3,3.8,3.6824,3.702,91,No,Yes,Eligible,0,Completed,Low Risk
S1450,D/ICT/25/1460,Student_1450,Male,41,D005,2,4,3.8545,3.8826,3.8762,86,No,Yes,Eligible,0,Completed,Low Risk
S1451,D/BSE/25/1461,Student_1451,Male,41,D001,2,4,2.3474,2.63,2.7423,68,No,Yes,Not Eligible,1,Not Completed,Medium Risk
S1452,D/BCS/25/1462,Student_1452,Male,42,D002,1,1,1.5762,0.0,1.5762,85,No,Yes,Eligible,2,Not Completed,High Risk
S1453,D/COE/25/1463,Student_1453,Male,42,D003,1,1,2.4286,0.0,2.4286,76,Yes,Yes,Eligible,0,Completed,Medium Risk
S1454,D/ICT/25/1464,Student_1454,Female,40,D005,3,6,2.7,3.2,3.4145,100,No,Yes,Eligible,0,Completed,Low Risk
S1455,D/DBA/25/1465,Student_1455,Female,40,D004,3,6,4.0,3.9368,3.9133,83,No,Yes,Eligible,0,Completed,Low Risk
S1456,D/ICT/25/1466,Student_1456,Male,41,D005,2,4,3.6273,3.6217,3.6798,84,No,Yes,Eligible,0,Completed,Low Risk
S1457,D/BSE/25/1467,Student_1457,Male,40,D001,3,5,3.3538,3.4526,3.451,81,No,Yes,Eligible,0,Completed,Low Risk
S1458,D/COE/25/1468,Student_1458,Male,40,D003,3,5,3.5852,3.6368,3.6208,91,No,Yes,Eligible,0,Completed,Low Risk
S1459,D/BSE/25/1469,Student_1459,Female,40,D001,3,5,3.0692,2.7579,3.0385,67,No,Yes,Not Eligible,1,Not Completed,Low Risk
S1460,D/DBA/25/1470,Student_1460,Female,39,D004,4,7,3.5385,3.8333,3.5473,77,Yes,Yes,Eligible,0,Completed,Low Risk
S1461,D/BSE/25/1471,Student_1461,Female,40,D001,3,6,3.624,3.8,3.6581,81,No,Yes,Eligible,0,Completed,Low Risk
S1462,D/BSE/25/1472,Student_1462,Female,42,D001,1,1,3.9714,0.0,3.9714,83,No,Yes,Eligible,0,Completed,Low Risk
S1463,D/BSE/25/1473,Student_1463,Male,40,D001,3,5,3.5154,3.2474,3.3625,100,No,Yes,Eligible,0,Completed,Low Risk
S1464,D/DBA/25/1474,Student_1464,Male,42,D004,1,1,3.2875,0.0,3.2875,88,No,Yes,Eligible,0,Completed,Low Risk
S1465,D/ICT/25/1475,Student_1465,Male,42,D005,1,1,3.7842,0.0,3.7842,70,No,No,Not Eligible,0,Completed,Low Risk
S1466,D/BSE/25/1476,Student_1466,Male,39,D001,4,8,2.46,2.85,2.5844,93,No,Yes,Eligible,2,Not Completed,High Risk
S1467,D/ICT/25/1477,Student_1467,Male,41,D005,2,4,3.9545,4.0,3.9571,76,No,Yes,Not Eligible,0,Completed,Low Risk
S1468,D/COE/25/1478,Student_1468,Female,40,D003,3,6,3.132,2.9667,2.9267,80,No,Yes,Eligible,1,Not Completed,Medium Risk
S1469,D/BCS/25/1479,Student_1469,Female,40,D002,3,5,2.9231,3.6789,3.2635,74,No,Yes,Not Eligible,0,Completed,Low Risk
S1470,D/BCS/25/1480,Student_1470,Female,42,D002,1,1,3.4857,0.0,3.4857,79,No,Yes,Not Eligible,0,Completed,Low Risk
S1471,D/ICT/25/1481,Student_1471,Male,41,D005,2,3,3.7783,3.91,3.8242,77,Yes,Yes,Eligible,0,Completed,Low Risk
S1472,D/BCS/25/1482,Student_1472,Male,42,D002,1,1,3.1381,0.0,3.1381,80,No,Yes,Eligible,0,Completed,Low Risk
S1473,D/BSE/25/1483,Student_1473,Female,39,D001,4,8,4.0,4.0,3.8275,96,No,Yes,Eligible,0,Completed,Low Risk
S1474,D/ICT/25/1484,Student_1474,Female,41,D005,2,4,3.0727,2.2348,2.5143,94,No,Yes,Eligible,1,Not Completed,Medium Risk
S1475,D/BSE/25/1485,Student_1475,Male,42,D001,1,1,3.781,0.0,3.781,82,No,Yes,Eligible,0,Completed,Low Risk
S1476,D/BCS/25/1486,Student_1476,Male,42,D002,1,2,3.25,3.4095,3.3359,81,No,Yes,Eligible,0,Completed,Low Risk
S1477,D/ICT/25/1487,Student_1477,Male,39,D005,4,7,3.025,3.7,3.3022,93,No,Yes,Eligible,0,Completed,Low Risk
S1478,D/BSE/25/1488,Student_1478,Male,40,D001,3,5,3.7692,3.5421,3.8202,76,No,Yes,Not Eligible,0,Completed,Low Risk
S1479,D/ICT/25/1489,Student_1479,Female,42,D005,1,2,3.145,3.4895,3.3128,91,No,Yes,Eligible,0,Completed,Low Risk
S1480,D/COE/25/1490,Student_1480,Male,42,D003,1,1,4.0,0.0,4.0,73,No,Yes,Not Eligible,0,Completed,Low Risk
S1481,D/BSE/25/1491,Student_1481,Male,39,D001,4,8,4.0,3.7125,3.5987,83,No,Yes,Eligible,0,Completed,Low Risk
S1482,D/DBA/25/1492,Student_1482,Male,42,D004,1,1,3.0125,0.0,3.0125,93,No,Yes,Eligible,0,Completed,Low Risk
S1483,D/ICT/25/1493,Student_1483,Female,41,D005,2,3,3.5087,3.895,3.7452,81,No,Yes,Eligible,0,Completed,Low Risk
S1484,D/BCS/25/1494,Student_1484,Female,42,D002,1,1,3.4714,0.0,3.4714,100,No,Yes,Eligible,0,Completed,Low Risk
S1485,D/COE/25/1495,Student_1485,Female,42,D003,1,2,3.615,3.4143,3.5122,96,No,Yes,Eligible,0,Completed,Low Risk
S1486,D/DBA/25/1496,Student_1486,Female,41,D004,2,4,4.0,3.8389,3.8446,97,No,Yes,Eligible,0,Completed,Low Risk
S1487,D/BCS/25/1497,Student_1487,Male,41,D002,2,3,3.47,3.0056,3.3475,87,No,Yes,Eligible,0,Completed,Low Risk
S1488,D/BSE/25/1498,Student_1488,Male,40,D001,3,5,3.4077,3.3632,3.2865,100,No,Yes,Eligible,0,Completed,Low Risk
S1489,D/BCS/25/1499,Student_1489,Female,41,D002,2,4,3.8947,3.49,3.6513,76,No,Yes,Not Eligible,0,Completed,Low Risk
S1490,D/BCS/25/1500,Student_1490,Male,41,D002,2,4,3.2474,3.26,3.4513,77,No,Yes,Not Eligible,0,Completed,Low Risk
S1491,D/DBA/25/1501,Student_1491,Male,42,D004,1,1,2.25,0.0,2.25,84,No,Yes,Eligible,0,Completed,Medium Risk
S1492,D/COE/25/1502,Student_1492,Male,42,D003,1,1,3.5571,0.0,3.5571,71,No,Yes,Not Eligible,0,Completed,Low Risk
S1493,D/BCS/25/1503,Student_1493,Male,41,D002,2,3,3.71,3.6667,3.7644,92,No,Yes,Eligible,0,Completed,Low Risk
S1494,D/BCS/25/1504,Student_1494,Male,41,D002,2,3,3.33,2.7278,3.0797,96,No,Yes,Eligible,0,Completed,Low Risk
S1495,D/DBA/25/1505,Student_1495,Male,42,D004,1,1,3.9438,0.0,3.9438,94,No,Yes,Eligible,0,Completed,Low Risk
S1496,D/BSE/25/1506,Student_1496,Male,41,D001,2,3,3.69,3.8944,3.7678,71,Yes,Yes,Eligible,0,Completed,Low Risk
S1497,D/BCS/25/1507,Student_1497,Male,41,D002,2,4,3.1737,2.98,3.1949,92,No,Yes,Eligible,0,Completed,Low Risk
S1498,D/BSE/25/1508,Student_1498,Female,41,D001,2,3,2.8,2.9722,2.8763,73,Yes,Yes,Eligible,0,Completed,Medium Risk
S1499,D/BSE/25/1509,Student_1499,Male,42,D001,1,1,3.6143,0.0,3.6143,90,No,Yes,Eligible,0,Completed,Low Risk
S1500,D/BCS/25/1510,Student_1500,Male,40,D002,3,5,3.9769,3.8474,3.9135,95,No,Yes,Eligible,0,Completed,Low Risk
S1501,D/BCS/25/1511,Student_1501,Male,42,D002,1,2,2.8167,2.6714,2.7385,100,No,Yes,Eligible,1,Not Completed,Medium Risk
S1502,D/BSE/25/1512,Student_1502,Male,42,D001,1,1,3.9333,0.0,3.9333,94,No,Yes,Eligible,0,Completed,Low Risk
S1503,D/COE/25/1513,Student_1503,Female,42,D003,1,1,3.7952,0.0,3.7952,77,No,Yes,Not Eligible,0,Completed,Low Risk
S1504,D/COE/25/1514,Student_1504,Female,40,D003,3,6,3.916,3.9778,3.8565,90,No,Yes,Eligible,0,Completed,Low Risk
S1505,D/BSE/25/1515,Student_1505,Female,40,D001,3,5,3.6385,3.2316,3.4788,90,No,Yes,Eligible,0,Completed,Low Risk
S1506,D/BSE/25/1516,Student_1506,Female,39,D001,4,7,3.625,3.608,3.6269,93,No,Yes,Eligible,0,Completed,Low Risk
S1507,D/BSE/25/1517,Student_1507,Male,40,D001,3,5,3.0154,3.0474,2.9981,89,No,Yes,Eligible,0,Completed,Medium Risk
S1508,D/DBA/25/1518,Student_1508,Female,41,D004,2,3,2.4667,2.6235,2.4471,86,No,Yes,Eligible,0,Completed,Medium Risk
S1509,D/BSE/25/1519,Student_1509,Female,41,D001,2,4,3.8579,3.81,3.791,79,No,Yes,Not Eligible,0,Completed,Low Risk
S1510,D/BSE/25/1520,Student_1510,Male,39,D001,4,7,2.6625,2.32,2.5814,78,Yes,Yes,Eligible,2,Not Completed,High Risk
S1511,D/BSE/25/1521,Student_1511,Female,42,D001,1,2,3.7056,3.8714,3.7949,100,No,Yes,Eligible,0,Completed,Low Risk
S1512,D/ICT/25/1522,Student_1512,Female,39,D005,4,8,3.9,3.5792,3.7745,88,No,Yes,Eligible,0,Completed,Low Risk
S1513,D/BCS/25/1523,Student_1513,Female,41,D002,2,3,3.37,3.75,3.4271,77,No,Yes,Not Eligible,0,Completed,Low Risk
S1514,D/BCS/25/1524,Student_1514,Female,40,D002,3,6,3.7308,3.7,3.6931,85,No,Yes,Eligible,0,Completed,Low Risk
S1515,D/BCS/25/1525,Student_1515,Male,40,D002,3,5,2.3308,2.0105,2.1269,85,No,Yes,Eligible,4,Not Completed,High Risk
S1516,D/COE/25/1526,Student_1516,Female,42,D003,1,1,3.4571,0.0,3.4571,87,No,Yes,Eligible,0,Completed,Low Risk
S1517,D/COE/25/1527,Student_1517,Female,42,D003,1,2,3.58,3.719,3.6512,94,No,Yes,Eligible,0,Completed,Low Risk
S1518,D/ICT/25/1528,Student_1518,Female,41,D005,2,3,2.787,3.115,2.9613,80,No,No,Not Eligible,0,Completed,Medium Risk
S1519,D/ICT/25/1529,Student_1519,Female,40,D005,3,6,3.0,3.78,3.7482,93,No,Yes,Eligible,0,Completed,Low Risk
S1520,D/BCS/25/1530,Student_1520,Male,39,D002,4,7,3.4889,3.3846,3.3696,100,No,Yes,Eligible,0,Completed,Low Risk
S1521,D/BCS/25/1531,Student_1521,Male,40,D002,3,6,3.5692,3.4923,3.3369,84,No,Yes,Eligible,0,Completed,Low Risk
S1522,D/COE/25/1532,Student_1522,Female,42,D003,1,1,3.9714,0.0,3.9714,82,No,Yes,Eligible,0,Completed,Low Risk
S1523,D/BCS/25/1533,Student_1523,Female,41,D002,2,3,2.54,2.8278,2.7169,82,No,Yes,Eligible,0,Completed,Medium Risk
S1524,D/ICT/25/1534,Student_1524,Female,40,D005,3,6,4.0,3.62,3.7536,95,No,Yes,Eligible,0,Completed,Low Risk
S1525,D/BCS/25/1535,Student_1525,Male,39,D002,4,8,3.88,3.7444,3.7564,88,No,Yes,Eligible,0,Completed,Low Risk
S1526,D/BCS/25/1536,Student_1526,Female,40,D002,3,5,3.8308,3.5211,3.6913,87,No,Yes,Eligible,0,Completed,Low Risk
S1527,D/COE/25/1537,Student_1527,Male,41,D003,2,4,3.8895,3.4526,3.6519,75,Yes,Yes,Eligible,0,Completed,Low Risk
S1528,D/ICT/25/1538,Student_1528,Male,42,D005,1,2,4.0,3.8947,3.9487,82,No,Yes,Eligible,0,Completed,Low Risk
S1529,D/BSE/25/1539,Student_1529,Male,40,D001,3,6,3.728,3.6923,3.7302,77,No,Yes,Not Eligible,0,Completed,Low Risk
S1530,D/BCS/25/1540,Student_1530,Female,41,D002,2,3,2.46,2.25,2.3475,93,No,Yes,Eligible,0,Completed,Medium Risk
S1531,D/DBA/25/1541,Student_1531,Male,42,D004,1,1,1.425,0.0,1.425,94,No,Yes,Eligible,2,Not Completed,High Risk
S1532,D/COE/25/1542,Student_1532,Male,39,D003,4,7,3.2048,3.488,3.3428,79,No,Yes,Not Eligible,0,Completed,Low Risk
S1533,D/COE/25/1543,Student_1533,Male,41,D003,2,3,3.1579,3.405,3.3017,97,No,Yes,Eligible,1,Not Completed,Low Risk
S1534,D/BCS/25/1544,Student_1534,Female,41,D002,2,3,3.74,3.7667,3.7102,79,No,Yes,Not Eligible,0,Completed,Low Risk
S1535,D/BCS/25/1545,Student_1535,Female,41,D002,2,4,2.5684,2.8,2.7808,74,No,Yes,Not Eligible,0,Completed,Medium Risk
S1536,D/BCS/25/1546,Student_1536,Female,40,D002,3,6,3.0846,3.5154,3.2331,86,No,Yes,Eligible,0,Completed,Low Risk
S1537,D/BCS/25/1547,Student_1537,Male,42,D002,1,1,3.5238,0.0,3.5238,95,No,Yes,Eligible,0,Completed,Low Risk
S1538,D/COE/25/1548,Student_1538,Male,40,D003,3,6,3.676,3.4593,3.5435,80,No,Yes,Eligible,0,Completed,Low Risk
S1539,D/COE/25/1549,Student_1539,Female,41,D003,2,3,3.7684,3.64,3.6033,69,No,Yes,Not Eligible,0,Completed,Low Risk
S1540,D/DBA/25/1550,Student_1540,Female,42,D004,1,2,3.3412,3.5375,3.4364,88,No,Yes,Eligible,0,Completed,Low Risk
S1541,D/COE/25/1551,Student_1541,Male,41,D003,2,3,3.8947,3.985,3.8883,86,No,Yes,Eligible,0,Completed,Low Risk
S1542,D/BSE/25/1552,Student_1542,Male,40,D001,3,5,3.1385,2.9211,2.9817,91,No,Yes,Eligible,0,Completed,Medium Risk
S1543,D/BCS/25/1553,Student_1543,Male,42,D002,1,2,4.0,3.7143,3.8462,79,No,Yes,Not Eligible,0,Completed,Low Risk
S1544,D/BSE/25/1554,Student_1544,Male,39,D001,4,8,4.0,3.4,3.4988,91,No,Yes,Eligible,0,Completed,Low Risk
S1545,D/BCS/25/1555,Student_1545,Female,41,D002,2,4,3.5737,3.47,3.3859,82,No,Yes,Eligible,1,Not Completed,Low Risk
S1546,D/BCS/25/1556,Student_1546,Female,39,D002,4,8,4.0,3.8889,3.7503,78,Yes,Yes,Eligible,0,Completed,Low Risk
S1547,D/DBA/25/1557,Student_1547,Female,40,D004,3,6,3.9333,3.8526,3.88,79,No,Yes,Not Eligible,0,Completed,Low Risk
S1548,D/ICT/25/1558,Student_1548,Male,42,D005,1,1,2.9579,0.0,2.9579,84,No,Yes,Eligible,0,Completed,Medium Risk
S1549,D/COE/25/1559,Student_1549,Male,40,D003,3,6,3.572,3.2111,3.4221,76,No,Yes,Not Eligible,0,Completed,Low Risk
S1550,D/BCS/25/1560,Student_1550,Male,40,D002,3,5,3.4769,3.6842,3.7096,81,No,Yes,Eligible,0,Completed,Low Risk
S1551,D/BSE/25/1561,Student_1551,Male,40,D001,3,5,1.8154,1.7421,1.8173,86,No,Yes,Eligible,8,Not Completed,High Risk
S1552,D/ICT/25/1562,Student_1552,Female,40,D005,3,6,4.0,3.82,3.8418,79,No,Yes,Not Eligible,0,Completed,Low Risk
S1553,D/BCS/25/1563,Student_1553,Male,40,D002,3,5,3.8,3.6842,3.7615,94,No,Yes,Eligible,0,Completed,Low Risk
S1554,D/COE/25/1564,Student_1554,Male,41,D003,2,3,2.9684,3.07,2.95,89,No,Yes,Eligible,0,Completed,Medium Risk
S1555,D/BCS/25/1565,Student_1555,Male,40,D002,3,5,2.9385,2.6,2.8423,100,No,Yes,Eligible,1,Not Completed,Medium Risk
S1556,D/ICT/25/1566,Student_1556,Male,40,D005,3,6,4.0,3.94,3.9345,81,No,Yes,Eligible,0,Completed,Low Risk
S1557,D/BSE/25/1567,Student_1557,Female,40,D001,3,5,3.9,3.7474,3.7962,85,No,Yes,Eligible,0,Completed,Low Risk
S1558,D/BCS/25/1568,Student_1558,Male,42,D002,1,1,2.5429,0.0,2.5429,91,No,Yes,Eligible,0,Completed,Medium Risk
S1559,D/BSE/25/1569,Student_1559,Male,39,D001,4,7,3.8375,3.736,3.8455,81,No,Yes,Eligible,0,Completed,Low Risk
S1560,D/BCS/25/1570,Student_1560,Female,40,D002,3,5,3.7538,3.7579,3.7173,92,No,Yes,Eligible,0,Completed,Low Risk
S1561,D/BSE/25/1571,Student_1561,Female,40,D001,3,5,3.7231,3.1579,3.4067,76,No,Yes,Not Eligible,0,Completed,Low Risk
S1562,D/BSE/25/1572,Student_1562,Male,41,D001,2,4,2.6263,2.77,2.8462,82,No,Yes,Eligible,1,Not Completed,Medium Risk
S1563,D/BCS/25/1573,Student_1563,Female,41,D002,2,4,3.4421,3.76,3.7154,100,No,Yes,Eligible,0,Completed,Low Risk
S1564,D/BSE/25/1574,Student_1564,Female,41,D001,2,3,3.05,2.9278,3.0881,82,No,Yes,Eligible,0,Completed,Low Risk
S1565,D/COE/25/1575,Student_1565,Female,42,D003,1,2,3.85,3.7667,3.8073,92,No,Yes,Eligible,0,Completed,Low Risk
S1566,D/DBA/25/1576,Student_1566,Female,41,D004,2,4,2.9429,2.4778,2.7523,81,No,Yes,Eligible,0,Completed,Medium Risk
S1567,D/COE/25/1577,Student_1567,Female,39,D003,4,8,3.72,3.8095,3.8299,94,No,Yes,Eligible,0,Completed,Low Risk
S1568,D/COE/25/1578,Student_1568,Male,41,D003,2,4,3.5263,3.2263,3.1608,90,No,Yes,Eligible,1,Not Completed,Low Risk
S1569,D/COE/25/1579,Student_1569,Male,42,D003,1,2,4.0,3.8714,3.9341,69,Yes,Yes,Eligible,0,Completed,Low Risk
S1570,D/ICT/25/1580,Student_1570,Female,40,D005,3,5,3.72,3.5864,3.7038,84,No,Yes,Eligible,0,Completed,Low Risk
S1571,D/COE/25/1581,Student_1571,Female,42,D003,1,2,3.84,3.9714,3.9073,80,No,Yes,Eligible,0,Completed,Low Risk
S1572,D/BCS/25/1582,Student_1572,Male,41,D002,2,4,3.7684,3.84,3.8231,79,Yes,Yes,Eligible,0,Completed,Low Risk
S1573,D/BSE/25/1583,Student_1573,Female,39,D001,4,7,3.3375,3.524,3.3745,89,No,Yes,Eligible,0,Completed,Low Risk
S1574,D/COE/25/1584,Student_1574,Female,40,D003,3,5,4.0,4.0,3.8425,79,No,Yes,Not Eligible,0,Completed,Low Risk
S1575,D/COE/25/1585,Student_1575,Female,42,D003,1,1,3.8143,0.0,3.8143,75,No,Yes,Not Eligible,0,Completed,Low Risk
S1576,D/BSE/25/1586,Student_1576,Male,42,D001,1,2,3.1167,2.6,2.8385,94,No,Yes,Eligible,0,Completed,Medium Risk
S1577,D/BSE/25/1587,Student_1577,Male,41,D001,2,4,3.7,3.8,3.6397,78,No,Yes,Not Eligible,0,Completed,Low Risk
S1578,D/DBA/25/1588,Student_1578,Male,42,D004,1,1,3.8375,0.0,3.8375,79,No,Yes,Not Eligible,0,Completed,Low Risk
S1579,D/BSE/25/1589,Student_1579,Male,39,D001,4,7,3.5875,3.844,3.6497,97,No,Yes,Eligible,0,Completed,Low Risk
S1580,D/BSE/25/1590,Student_1580,Male,40,D001,3,5,3.9769,4.0,3.974,100,No,Yes,Eligible,0,Completed,Low Risk
S1581,D/BSE/25/1591,Student_1581,Male,40,D001,3,6,3.552,3.2231,3.4612,88,No,Yes,Eligible,0,Completed,Low Risk
S1582,D/COE/25/1592,Student_1582,Male,42,D003,1,1,3.6333,0.0,3.6333,97,No,Yes,Eligible,0,Completed,Low Risk
S1583,D/COE/25/1593,Student_1583,Male,39,D003,4,8,3.82,2.9905,2.9198,80,No,Yes,Eligible,0,Completed,Medium Risk
S1584,D/BSE/25/1594,Student_1584,Male,41,D001,2,4,3.2316,2.73,3.0987,85,No,Yes,Eligible,0,Completed,Low Risk
S1585,D/BSE/25/1595,Student_1585,Male,42,D001,1,2,3.1722,3.3333,3.259,91,No,Yes,Eligible,0,Completed,Low Risk
S1586,D/BSE/25/1596,Student_1586,Female,42,D001,1,1,1.8905,0.0,1.8905,88,No,Yes,Eligible,1,Not Completed,Medium Risk
S1587,D/DBA/25/1597,Student_1587,Male,39,D004,4,7,3.9231,4.0,3.8962,93,No,Yes,Eligible,0,Completed,Low Risk
S1588,D/COE/25/1598,Student_1588,Female,40,D003,3,6,3.116,3.2481,3.3122,84,No,Yes,Eligible,1,Not Completed,Low Risk
S1589,D/BSE/25/1599,Student_1589,Male,42,D001,1,1,3.781,0.0,3.781,75,No,Yes,Not Eligible,0,Completed,Low Risk
S1590,D/BSE/25/1600,Student_1590,Female,41,D001,2,4,3.8789,3.93,3.8872,73,No,Yes,Not Eligible,0,Completed,Low Risk
S1591,D/COE/25/1601,Student_1591,Male,39,D003,4,8,3.48,2.7381,2.721,81,No,Yes,Eligible,1,Not Completed,Medium Risk
S1592,D/BSE/25/1602,Student_1592,Male,41,D001,2,3,1.74,1.7444,2.0254,78,No,Yes,Not Eligible,4,Not Completed,High Risk
S1593,D/BCS/25/1603,Student_1593,Female,40,D002,3,6,3.5269,3.3615,3.4654,94,No,Yes,Eligible,0,Completed,Low Risk
S1594,D/BCS/25/1604,Student_1594,Male,41,D002,2,4,4.0,3.9,3.9372,93,No,Yes,Eligible,0,Completed,Low Risk
S1595,D/BCS/25/1605,Student_1595,Male,42,D002,1,2,3.6278,3.481,3.5487,82,No,Yes,Eligible,0,Completed,Low Risk
S1596,D/BCS/25/1606,Student_1596,Female,42,D002,1,1,3.581,0.0,3.581,100,No,Yes,Eligible,0,Completed,Low Risk
S1597,D/ICT/25/1607,Student_1597,Male,41,D005,2,4,3.3818,2.9913,3.0821,84,No,Yes,Eligible,0,Completed,Low Risk
S1598,D/BSE/25/1608,Student_1598,Male,40,D001,3,6,3.776,3.8692,3.8961,85,No,Yes,Eligible,0,Completed,Low Risk
S1599,D/DBA/25/1609,Student_1599,Female,41,D004,2,4,3.3571,3.6556,3.44,81,No,Yes,Eligible,0,Completed,Low Risk
S1600,D/COE/25/1610,Student_1600,Male,42,D003,1,2,2.425,2.9095,2.6732,67,Yes,Yes,Eligible,0,Completed,Medium Risk
S1601,D/DBA/25/1611,Student_1601,Female,41,D004,2,3,2.4944,3.1118,2.8039,71,No,Yes,Not Eligible,0,Completed,Medium Risk
S1602,D/BCS/25/1612,Student_1602,Male,41,D002,2,3,3.48,3.3389,3.5017,80,No,Yes,Eligible,0,Completed,Low Risk
S1603,D/COE/25/1613,Student_1603,Male,40,D003,3,6,3.388,3.1037,3.3305,89,No,Yes,Eligible,1,Not Completed,Low Risk
S1604,D/COE/25/1614,Student_1604,Male,40,D003,3,5,3.3037,3.4158,3.3755,74,No,Yes,Not Eligible,0,Completed,Low Risk
S1605,D/DBA/25/1615,Student_1605,Male,41,D004,2,3,3.5222,3.9471,3.7471,69,No,Yes,Not Eligible,0,Completed,Low Risk
S1606,D/BSE/25/1616,Student_1606,Male,41,D001,2,3,3.9,3.9833,3.9458,83,No,Yes,Eligible,0,Completed,Low Risk
S1607,D/ICT/25/1617,Student_1607,Female,40,D005,3,6,4.0,4.0,3.9891,91,No,Yes,Eligible,0,Completed,Low Risk
S1608,D/DBA/25/1618,Student_1608,Male,41,D004,2,3,3.95,4.0,3.9549,85,No,Yes,Eligible,0,Completed,Low Risk
S1609,D/BSE/25/1619,Student_1609,Female,42,D001,1,1,3.7905,0.0,3.7905,100,No,Yes,Eligible,0,Completed,Low Risk
S1610,D/COE/25/1620,Student_1610,Male,39,D003,4,8,4.0,3.9048,3.9192,81,No,Yes,Eligible,0,Completed,Low Risk
S1611,D/COE/25/1621,Student_1611,Female,42,D003,1,2,3.025,3.2524,3.1415,95,No,Yes,Eligible,0,Completed,Low Risk
S1612,D/ICT/25/1622,Student_1612,Male,41,D005,2,3,3.4348,3.43,3.5032,79,No,Yes,Not Eligible,0,Completed,Low Risk
S1613,D/BSE/25/1623,Student_1613,Female,40,D001,3,5,3.7769,3.9211,3.8346,86,No,Yes,Eligible,0,Completed,Low Risk
S1614,D/BSE/25/1624,Student_1614,Male,41,D001,2,3,4.0,4.0,4.0,92,No,Yes,Eligible,0,Completed,Low Risk
S1615,D/BCS/25/1625,Student_1615,Male,42,D002,1,2,3.9667,3.9048,3.9333,70,Yes,Yes,Eligible,0,Completed,Low Risk
S1616,D/COE/25/1626,Student_1616,Female,40,D003,3,6,2.64,2.7148,2.7069,73,No,Yes,Not Eligible,2,Not Completed,High Risk
S1617,D/ICT/25/1627,Student_1617,Male,42,D005,1,1,3.7263,0.0,3.7263,80,No,Yes,Eligible,0,Completed,Low Risk
S1618,D/BCS/25/1628,Student_1618,Female,42,D002,1,1,3.4238,0.0,3.4238,75,No,Yes,Not Eligible,0,Completed,Low Risk
S1619,D/BCS/25/1629,Student_1619,Male,40,D002,3,5,2.6231,3.0316,2.7019,89,No,Yes,Eligible,1,Not Completed,Medium Risk
S1620,D/COE/25/1630,Student_1620,Male,40,D003,3,6,3.444,3.1815,3.2748,73,No,Yes,Not Eligible,0,Completed,Low Risk
S1621,D/COE/25/1631,Student_1621,Female,42,D003,1,2,3.34,3.3143,3.3268,82,No,Yes,Eligible,0,Completed,Low Risk
S1622,D/BCS/25/1632,Student_1622,Male,41,D002,2,4,3.9526,3.9,3.9628,100,No,Yes,Eligible,0,Completed,Low Risk
S1623,D/DBA/25/1633,Student_1623,Male,42,D004,1,2,3.3,3.1063,3.2061,94,No,Yes,Eligible,0,Completed,Low Risk
S1624,D/COE/25/1634,Student_1624,Male,40,D003,3,6,2.88,2.5185,2.6954,97,No,Yes,Eligible,2,Not Completed,High Risk
S1625,D/BSE/25/1635,Student_1625,Male,42,D001,1,1,3.4381,0.0,3.4381,93,No,Yes,Eligible,0,Completed,Low Risk
S1626,D/BCS/25/1636,Student_1626,Female,40,D002,3,5,3.6154,3.7316,3.5269,87,No,Yes,Eligible,0,Completed,Low Risk
S1627,D/BCS/25/1637,Student_1627,Male,40,D002,3,6,3.2654,3.2692,3.2946,78,Yes,Yes,Eligible,0,Completed,Low Risk
S1628,D/ICT/25/1638,Student_1628,Male,41,D005,2,3,2.587,3.125,2.7758,92,No,Yes,Eligible,0,Completed,Medium Risk
S1629,D/BSE/25/1639,Student_1629,Male,40,D001,3,5,3.5154,3.4789,3.4173,77,Yes,Yes,Eligible,0,Completed,Low Risk
S1630,D/ICT/25/1640,Student_1630,Male,39,D005,4,7,3.6375,4.0,3.703,97,No,Yes,Eligible,0,Completed,Low Risk
S1631,D/DBA/25/1641,Student_1631,Male,42,D004,1,2,3.8118,3.7125,3.7636,88,No,Yes,Eligible,0,Completed,Low Risk
S1632,D/BCS/25/1642,Student_1632,Male,41,D002,2,4,3.5316,3.21,3.3795,93,No,Yes,Eligible,0,Completed,Low Risk
S1633,D/BSE/25/1643,Student_1633,Male,42,D001,1,1,2.8095,0.0,2.8095,87,No,Yes,Eligible,0,Completed,Medium Risk
S1634,D/BSE/25/1644,Student_1634,Male,40,D001,3,5,3.6462,3.5632,3.499,82,No,Yes,Eligible,0,Completed,Low Risk
S1635,D/BSE/25/1645,Student_1635,Female,42,D001,1,1,3.9333,0.0,3.9333,84,No,Yes,Eligible,0,Completed,Low Risk
S1636,D/DBA/25/1646,Student_1636,Female,39,D004,4,7,3.7923,3.7143,3.7542,75,Yes,Yes,Eligible,0,Completed,Low Risk
S1637,D/COE/25/1647,Student_1637,Male,41,D003,2,3,3.9684,3.94,3.97,81,No,Yes,Eligible,0,Completed,Low Risk
S1638,D/COE/25/1648,Student_1638,Female,40,D003,3,5,3.7259,3.8947,3.833,75,No,Yes,Not Eligible,0,Completed,Low Risk
S1639,D/BSE/25/1649,Student_1639,Female,42,D001,1,1,2.6714,0.0,2.6714,82,No,Yes,Eligible,0,Completed,Medium Risk
S1640,D/BSE/25/1650,Student_1640,Female,39,D001,4,8,3.06,3.375,3.2119,80,No,Yes,Eligible,0,Completed,Low Risk
S1641,D/BSE/25/1651,Student_1641,Male,41,D001,2,3,3.6,3.6167,3.6966,82,No,Yes,Eligible,0,Completed,Low Risk
S1642,D/DBA/25/1652,Student_1642,Male,42,D004,1,2,3.3529,3.3188,3.3364,76,No,Yes,Not Eligible,0,Completed,Low Risk
S1643,D/BCS/25/1653,Student_1643,Female,40,D002,3,6,3.4346,3.6308,3.5408,94,No,Yes,Eligible,0,Completed,Low Risk
S1644,D/ICT/25/1654,Student_1644,Female,42,D005,1,2,3.555,2.9789,3.2744,79,No,Yes,Not Eligible,0,Completed,Low Risk
S1645,D/COE/25/1655,Student_1645,Male,42,D003,1,1,3.0429,0.0,3.0429,95,No,Yes,Eligible,0,Completed,Low Risk
S1646,D/COE/25/1656,Student_1646,Male,41,D003,2,3,3.3579,3.375,3.3683,81,No,Yes,Eligible,0,Completed,Low Risk
S1647,D/DBA/25/1657,Student_1647,Female,41,D004,2,4,4.0,3.7722,3.9369,76,No,Yes,Not Eligible,0,Completed,Low Risk
S1648,D/BCS/25/1658,Student_1648,Female,42,D002,1,2,2.5333,3.0762,2.8256,78,Yes,Yes,Eligible,0,Completed,Medium Risk
S1649,D/ICT/25/1659,Student_1649,Male,41,D005,2,4,3.5727,3.7739,3.5917,72,No,Yes,Not Eligible,0,Completed,Low Risk
S1650,D/COE/25/1660,Student_1650,Male,39,D003,4,7,3.5476,3.356,3.3941,93,No,Yes,Eligible,0,Completed,Low Risk
S1651,D/COE/25/1661,Student_1651,Male,41,D003,2,4,3.5053,2.9737,3.2468,82,No,Yes,Eligible,0,Completed,Low Risk
S1652,D/BCS/25/1662,Student_1652,Female,40,D002,3,5,2.8462,3.4474,3.2356,100,No,Yes,Eligible,0,Completed,Low Risk
S1653,D/BSE/25/1663,Student_1653,Female,42,D001,1,1,2.4333,0.0,2.4333,81,No,Yes,Eligible,0,Completed,Medium Risk
S1654,D/BSE/25/1664,Student_1654,Male,41,D001,2,3,3.28,3.1611,3.2729,92,No,Yes,Eligible,0,Completed,Low Risk
S1655,D/BSE/25/1665,Student_1655,Male,40,D001,3,5,3.3538,3.0737,3.224,71,No,Yes,Not Eligible,0,Completed,Low Risk
S1656,D/BCS/25/1666,Student_1656,Male,40,D002,3,6,3.6923,3.7692,3.6515,90,No,Yes,Eligible,0,Completed,Low Risk
S1657,D/BSE/25/1667,Student_1657,Male,42,D001,1,2,3.6167,3.7429,3.6846,91,No,Yes,Eligible,0,Completed,Low Risk
S1658,D/DBA/25/1668,Student_1658,Male,40,D004,3,5,3.6263,3.7143,3.7524,59,No,Yes,Not Eligible,0,Completed,Low Risk
S1659,D/BCS/25/1669,Student_1659,Female,42,D002,1,2,4.0,3.9333,3.9641,86,No,Yes,Eligible,0,Completed,Low Risk
S1660,D/BSE/25/1670,Student_1660,Female,41,D001,2,3,3.51,3.4667,3.3831,92,No,No,Not Eligible,0,Completed,Low Risk
S1661,D/BCS/25/1671,Student_1661,Male,41,D002,2,3,3.67,3.7556,3.6254,77,No,Yes,Not Eligible,0,Completed,Low Risk
S1662,D/DBA/25/1672,Student_1662,Female,41,D004,2,3,3.1278,2.9059,2.9863,68,No,Yes,Not Eligible,0,Completed,Medium Risk
S1663,D/BCS/25/1673,Student_1663,Male,40,D002,3,5,4.0,4.0,3.95,84,No,Yes,Eligible,0,Completed,Low Risk
S1664,D/COE/25/1674,Student_1664,Female,40,D003,3,5,3.1481,3.4684,3.3387,97,No,Yes,Eligible,1,Not Completed,Low Risk
S1665,D/DBA/25/1675,Student_1665,Male,39,D004,4,8,4.0,3.2846,3.4879,91,No,Yes,Eligible,0,Completed,Low Risk
S1666,D/BSE/25/1676,Student_1666,Male,39,D001,4,8,4.0,3.5375,3.4244,85,No,Yes,Eligible,0,Completed,Low Risk
S1667,D/ICT/25/1677,Student_1667,Male,42,D005,1,2,3.805,3.8789,3.841,96,No,Yes,Eligible,0,Completed,Low Risk
S1668,D/ICT/25/1678,Student_1668,Female,42,D005,1,1,2.1105,0.0,2.1105,90,No,Yes,Eligible,1,Not Completed,Medium Risk
S1669,D/ICT/25/1679,Student_1669,Male,42,D005,1,1,3.3053,0.0,3.3053,93,No,Yes,Eligible,0,Completed,Low Risk
S1670,D/BSE/25/1680,Student_1670,Male,42,D001,1,1,3.6857,0.0,3.6857,94,No,Yes,Eligible,0,Completed,Low Risk
S1671,D/DBA/25/1681,Student_1671,Male,40,D004,3,6,4.0,3.8895,3.9714,72,No,Yes,Not Eligible,0,Completed,Low Risk
S1672,D/BSE/25/1682,Student_1672,Male,39,D001,4,7,3.875,3.816,3.7862,79,No,Yes,Not Eligible,0,Completed,Low Risk
S1673,D/COE/25/1683,Student_1673,Male,41,D003,2,4,3.1474,3.0474,2.9785,75,No,Yes,Not Eligible,0,Completed,Medium Risk
S1674,D/ICT/25/1684,Student_1674,Male,42,D005,1,2,2.945,2.7526,2.8513,84,No,Yes,Eligible,1,Not Completed,Medium Risk
S1675,D/BCS/25/1685,Student_1675,Male,42,D002,1,1,2.9476,0.0,2.9476,80,No,Yes,Eligible,0,Completed,Medium Risk
S1676,D/COE/25/1686,Student_1676,Female,40,D003,3,6,3.896,3.8074,3.7435,84,No,No,Not Eligible,0,Completed,Low Risk
S1677,D/ICT/25/1687,Student_1677,Male,42,D005,1,1,2.5842,0.0,2.5842,78,No,Yes,Not Eligible,0,Completed,Medium Risk
S1678,D/ICT/25/1688,Student_1678,Male,39,D005,4,8,2.7933,2.6167,2.4161,83,No,Yes,Eligible,3,Not Completed,High Risk
S1679,D/ICT/25/1689,Student_1679,Female,42,D005,1,1,2.4895,0.0,2.4895,94,No,Yes,Eligible,0,Completed,Medium Risk
S1680,D/COE/25/1690,Student_1680,Male,40,D003,3,6,3.372,3.4111,3.5977,87,No,Yes,Eligible,0,Completed,Low Risk
S1681,D/BSE/25/1691,Student_1681,Male,41,D001,2,4,3.9211,3.81,3.8282,93,No,Yes,Eligible,0,Completed,Low Risk
S1682,D/BSE/25/1692,Student_1682,Male,39,D001,4,7,2.8375,3.148,2.9055,87,No,Yes,Eligible,0,Completed,Medium Risk
S1683,D/BSE/25/1693,Student_1683,Male,39,D001,4,8,2.82,3.5375,3.2288,75,No,Yes,Not Eligible,0,Completed,Low Risk
S1684,D/BSE/25/1694,Student_1684,Female,42,D001,1,1,3.5238,0.0,3.5238,91,No,Yes,Eligible,0,Completed,Low Risk
S1685,D/ICT/25/1695,Student_1685,Male,41,D005,2,3,2.9261,2.83,2.9113,91,No,Yes,Eligible,0,Completed,Medium Risk
S1686,D/BCS/25/1696,Student_1686,Female,42,D002,1,1,3.3095,0.0,3.3095,87,No,Yes,Eligible,0,Completed,Low Risk
S1687,D/BSE/25/1697,Student_1687,Male,41,D001,2,3,2.68,2.6833,2.7661,89,No,Yes,Eligible,1,Not Completed,Medium Risk
S1688,D/BSE/25/1698,Student_1688,Male,41,D001,2,4,3.3421,3.17,3.2385,91,No,Yes,Eligible,0,Completed,Low Risk
S1689,D/COE/25/1699,Student_1689,Female,40,D003,3,6,3.652,3.5481,3.6794,83,No,Yes,Eligible,0,Completed,Low Risk
S1690,D/BSE/25/1700,Student_1690,Male,42,D001,1,2,3.5111,3.8714,3.7051,98,No,Yes,Eligible,0,Completed,Low Risk
S1691,D/ICT/25/1701,Student_1691,Male,41,D005,2,3,3.6478,3.535,3.65,67,Yes,Yes,Eligible,0,Completed,Low Risk
S1692,D/COE/25/1702,Student_1692,Male,42,D003,1,2,1.735,1.9048,1.822,78,No,No,Not Eligible,3,Not Completed,High Risk
S1693,D/COE/25/1703,Student_1693,Female,42,D003,1,2,3.545,3.3476,3.4439,100,No,Yes,Eligible,0,Completed,Low Risk
S1694,D/DBA/25/1704,Student_1694,Female,41,D004,2,4,3.7929,3.85,3.7785,85,No,Yes,Eligible,0,Completed,Low Risk
S1695,D/BSE/25/1705,Student_1695,Male,41,D001,2,3,3.47,3.7111,3.5407,96,No,Yes,Eligible,0,Completed,Low Risk
S1696,D/BSE/25/1706,Student_1696,Male,40,D001,3,6,3.332,3.1154,3.2853,76,No,Yes,Not Eligible,0,Completed,Low Risk
S1697,D/BSE/25/1707,Student_1697,Female,39,D001,4,7,3.675,3.656,3.5559,82,No,Yes,Eligible,0,Completed,Low Risk
S1698,D/BCS/25/1708,Student_1698,Male,41,D002,2,3,3.36,3.3389,3.2949,95,No,Yes,Eligible,0,Completed,Low Risk
S1699,D/BSE/25/1709,Student_1699,Male,39,D001,4,8,4.0,3.5,3.6837,75,No,Yes,Not Eligible,0,Completed,Low Risk
S1700,D/BCS/25/1710,Student_1700,Male,41,D002,2,4,3.6263,3.2,3.3359,80,No,Yes,Eligible,0,Completed,Low Risk
S1701,D/BCS/25/1711,Student_1701,Female,42,D002,1,2,3.9333,3.9333,3.9333,87,No,Yes,Eligible,0,Completed,Low Risk
S1702,D/BCS/25/1712,Student_1702,Male,39,D002,4,7,3.4778,3.6462,3.573,86,No,Yes,Eligible,0,Completed,Low Risk
S1703,D/DBA/25/1713,Student_1703,Male,41,D004,2,3,3.6111,3.5235,3.5706,86,No,Yes,Eligible,0,Completed,Low Risk
S1704,D/ICT/25/1714,Student_1704,Female,41,D005,2,4,3.5364,3.5565,3.575,67,No,Yes,Not Eligible,0,Completed,Low Risk
S1705,D/ICT/25/1715,Student_1705,Male,40,D005,3,6,4.0,3.87,3.9309,81,No,Yes,Eligible,0,Completed,Low Risk
S1706,D/BSE/25/1716,Student_1706,Male,40,D001,3,6,2.396,2.1,2.0597,85,No,Yes,Eligible,6,Not Completed,High Risk
S1707,D/BCS/25/1717,Student_1707,Male,41,D002,2,3,2.77,2.4111,2.8678,91,No,Yes,Eligible,0,Completed,Medium Risk
S1708,D/BSE/25/1718,Student_1708,Male,40,D001,3,5,3.7308,3.1263,3.5279,81,No,Yes,Eligible,0,Completed,Low Risk
S1709,D/BCS/25/1719,Student_1709,Male,42,D002,1,1,3.5238,0.0,3.5238,69,No,Yes,Not Eligible,0,Completed,Low Risk
S1710,D/COE/25/1720,Student_1710,Female,42,D003,1,2,3.19,3.2286,3.2098,82,No,Yes,Eligible,0,Completed,Low Risk
S1711,D/BSE/25/1721,Student_1711,Female,41,D001,2,4,2.4684,2.23,2.491,87,No,Yes,Eligible,1,Not Completed,Medium Risk
S1712,D/BSE/25/1722,Student_1712,Female,41,D001,2,4,2.4316,2.03,2.2385,100,No,Yes,Eligible,4,Not Completed,High Risk
S1713,D/BCS/25/1723,Student_1713,Male,41,D002,2,4,3.0895,3.3,3.2628,91,No,Yes,Eligible,1,Not Completed,Low Risk
S1714,D/BSE/25/1724,Student_1714,Male,42,D001,1,1,3.2381,0.0,3.2381,93,No,Yes,Eligible,0,Completed,Low Risk
S1715,D/ICT/25/1725,Student_1715,Male,39,D005,4,8,3.54,3.7417,3.6114,75,Yes,Yes,Eligible,0,Completed,Low Risk
S1716,D/COE/25/1726,Student_1716,Male,41,D003,2,4,3.9684,3.9684,3.9848,93,No,Yes,Eligible,0,Completed,Low Risk
S1717,D/DBA/25/1727,Student_1717,Male,41,D004,2,4,4.0,3.8333,3.9538,85,No,Yes,Eligible,0,Completed,Low Risk
S1718,D/COE/25/1728,Student_1718,Female,41,D003,2,4,3.0684,3.5053,3.1203,91,No,Yes,Eligible,1,Not Completed,Low Risk
S1719,D/BSE/25/1729,Student_1719,Male,40,D001,3,5,2.0538,1.9579,1.9567,89,No,Yes,Eligible,6,Not Completed,High Risk
S1720,D/DBA/25/1730,Student_1720,Male,40,D004,3,5,3.3053,3.1571,3.2964,65,No,Yes,Not Eligible,0,Completed,Low Risk
S1721,D/BCS/25/1731,Student_1721,Male,39,D002,4,7,3.7444,3.9231,3.7642,75,No,Yes,Not Eligible,0,Completed,Low Risk
S1722,D/COE/25/1732,Student_1722,Female,41,D003,2,3,3.8526,3.64,3.6967,82,No,Yes,Eligible,0,Completed,Low Risk
S1723,D/BSE/25/1733,Student_1723,Female,42,D001,1,2,2.8,3.1952,3.0128,80,No,Yes,Eligible,0,Completed,Low Risk
S1724,D/ICT/25/1734,Student_1724,Female,41,D005,2,4,3.9182,3.8783,3.8929,87,No,Yes,Eligible,0,Completed,Low Risk
S1725,D/BCS/25/1735,Student_1725,Male,41,D002,2,4,3.3737,3.06,3.2141,82,No,Yes,Eligible,0,Completed,Low Risk
S1726,D/DBA/25/1736,Student_1726,Male,40,D004,3,5,3.4105,3.8143,3.6298,78,Yes,Yes,Eligible,0,Completed,Low Risk
S1727,D/BSE/25/1737,Student_1727,Male,40,D001,3,5,3.4154,3.0632,3.3615,99,No,Yes,Eligible,0,Completed,Low Risk
S1728,D/COE/25/1738,Student_1728,Male,41,D003,2,3,3.2421,2.91,3.0817,81,No,Yes,Eligible,1,Not Completed,Low Risk
S1729,D/BCS/25/1739,Student_1729,Female,41,D002,2,4,2.8105,2.74,3.0256,88,No,Yes,Eligible,0,Completed,Low Risk
S1730,D/BCS/25/1740,Student_1730,Male,39,D002,4,7,2.8333,2.9769,2.9405,86,No,Yes,Eligible,1,Not Completed,Medium Risk
S1731,D/COE/25/1741,Student_1731,Male,39,D003,4,7,3.6476,3.796,3.6757,79,No,Yes,Not Eligible,0,Completed,Low Risk
S1732,D/ICT/25/1742,Student_1732,Female,41,D005,2,3,3.8957,3.965,3.95,74,No,Yes,Not Eligible,0,Completed,Low Risk
S1733,D/ICT/25/1743,Student_1733,Male,41,D005,2,3,2.5478,2.17,2.3726,85,No,No,Not Eligible,3,Not Completed,High Risk
S1734,D/BCS/25/1744,Student_1734,Female,40,D002,3,5,2.3077,1.7579,2.0385,80,No,Yes,Eligible,5,Not Completed,High Risk
S1735,D/DBA/25/1745,Student_1735,Male,41,D004,2,4,3.75,3.5667,3.6354,81,No,Yes,Eligible,0,Completed,Low Risk
S1736,D/BCS/25/1746,Student_1736,Male,40,D002,3,5,2.7846,2.3053,2.5577,89,No,Yes,Eligible,1,Not Completed,Medium Risk
S1737,D/BCS/25/1747,Student_1737,Female,41,D002,2,4,3.9368,3.9,3.8526,100,No,Yes,Eligible,0,Completed,Low Risk
S1738,D/COE/25/1748,Student_1738,Male,40,D003,3,6,3.516,3.2556,3.1893,73,No,No,Not Eligible,0,Completed,Low Risk
S1739,D/BCS/25/1749,Student_1739,Female,40,D002,3,6,3.8231,3.7154,3.7631,94,No,Yes,Eligible,0,Completed,Low Risk
S1740,D/BSE/25/1750,Student_1740,Female,40,D001,3,5,3.6,3.7211,3.7308,84,No,No,Not Eligible,0,Completed,Low Risk
S1741,D/BSE/25/1751,Student_1741,Male,42,D001,1,1,3.8429,0.0,3.8429,85,No,Yes,Eligible,0,Completed,Low Risk
S1742,D/COE/25/1752,Student_1742,Male,41,D003,2,4,3.9526,3.7474,3.7886,100,No,Yes,Eligible,0,Completed,Low Risk
S1743,D/BCS/25/1753,Student_1743,Male,39,D002,4,8,3.18,3.4,3.181,79,Yes,Yes,Eligible,0,Completed,Low Risk
S1744,D/COE/25/1754,Student_1744,Female,41,D003,2,4,2.3737,3.0895,2.6861,88,No,Yes,Eligible,0,Completed,Medium Risk
S1745,D/BSE/25/1755,Student_1745,Female,41,D001,2,4,3.6158,3.78,3.6564,62,No,Yes,Not Eligible,0,Completed,Low Risk
S1746,D/DBA/25/1756,Student_1746,Male,41,D004,2,4,2.5214,2.6667,2.5169,100,No,Yes,Eligible,1,Not Completed,Medium Risk
S1747,D/BSE/25/1757,Student_1747,Male,42,D001,1,1,3.2857,0.0,3.2857,79,Yes,Yes,Eligible,0,Completed,Low Risk
S1748,D/BCS/25/1758,Student_1748,Male,42,D002,1,1,3.9333,0.0,3.9333,89,No,Yes,Eligible,0,Completed,Low Risk
S1749,D/ICT/25/1759,Student_1749,Male,41,D005,2,3,3.913,3.905,3.8661,84,No,Yes,Eligible,0,Completed,Low Risk
S1750,D/DBA/25/1760,Student_1750,Male,42,D004,1,1,3.9125,0.0,3.9125,83,No,Yes,Eligible,0,Completed,Low Risk
S1751,D/DBA/25/1761,Student_1751,Female,40,D004,3,5,3.1474,3.5071,3.2369,79,No,Yes,Not Eligible,0,Completed,Low Risk
S1752,D/BSE/25/1762,Student_1752,Female,42,D001,1,1,2.9714,0.0,2.9714,89,No,Yes,Eligible,0,Completed,Medium Risk
S1753,D/BCS/25/1763,Student_1753,Male,42,D002,1,1,3.6667,0.0,3.6667,88,No,Yes,Eligible,0,Completed,Low Risk
S1754,D/BCS/25/1764,Student_1754,Male,42,D002,1,1,3.0905,0.0,3.0905,83,No,Yes,Eligible,0,Completed,Low Risk
S1755,D/BSE/25/1765,Student_1755,Female,41,D001,2,4,3.6474,3.74,3.6218,87,No,Yes,Eligible,0,Completed,Low Risk
S1756,D/BSE/25/1766,Student_1756,Male,41,D001,2,4,3.8579,3.6,3.7462,78,No,Yes,Not Eligible,0,Completed,Low Risk
S1757,D/BCS/25/1767,Student_1757,Male,40,D002,3,5,3.2846,3.1474,3.05,80,No,Yes,Eligible,0,Completed,Low Risk
S1758,D/BCS/25/1768,Student_1758,Female,42,D002,1,2,3.3056,3.019,3.1513,85,No,Yes,Eligible,0,Completed,Low Risk
S1759,D/BSE/25/1769,Student_1759,Female,41,D001,2,3,3.04,2.2167,2.6271,76,No,Yes,Not Eligible,1,Not Completed,Medium Risk
S1760,D/COE/25/1770,Student_1760,Male,42,D003,1,2,3.82,3.7095,3.7634,95,No,Yes,Eligible,0,Completed,Low Risk
S1761,D/ICT/25/1771,Student_1761,Male,41,D005,2,4,3.8364,4.0,3.9321,92,No,Yes,Eligible,0,Completed,Low Risk
S1762,D/BCS/25/1772,Student_1762,Male,39,D002,4,8,4.0,3.9222,3.9055,76,No,Yes,Not Eligible,0,Completed,Low Risk
S1763,D/COE/25/1773,Student_1763,Female,41,D003,2,3,2.8,2.875,2.8983,81,No,Yes,Eligible,0,Completed,Medium Risk
S1764,D/BSE/25/1774,Student_1764,Female,39,D001,4,7,3.5125,3.272,3.4517,91,No,Yes,Eligible,0,Completed,Low Risk
S1765,D/COE/25/1775,Student_1765,Female,40,D003,3,5,3.9222,3.4421,3.533,92,No,No,Not Eligible,0,Completed,Low Risk
S1766,D/ICT/25/1776,Student_1766,Female,42,D005,1,2,3.585,3.6211,3.6026,73,No,Yes,Not Eligible,0,Completed,Low Risk
S1767,D/BCS/25/1777,Student_1767,Male,39,D002,4,7,3.6222,3.7577,3.6541,79,Yes,Yes,Eligible,0,Completed,Low Risk
S1768,D/COE/25/1778,Student_1768,Male,40,D003,3,5,3.6815,3.6211,3.6774,93,No,Yes,Eligible,0,Completed,Low Risk
S1769,D/COE/25/1779,Student_1769,Female,40,D003,3,5,2.9815,3.6947,3.3302,100,No,Yes,Eligible,0,Completed,Low Risk
S1770,D/COE/25/1780,Student_1770,Female,41,D003,2,3,3.4053,3.135,3.28,65,No,Yes,Not Eligible,0,Completed,Low Risk
S1771,D/COE/25/1781,Student_1771,Male,40,D003,3,6,3.896,3.8815,3.9397,99,No,Yes,Eligible,0,Completed,Low Risk
S1772,D/COE/25/1782,Student_1772,Female,40,D003,3,6,2.276,2.337,2.2473,90,No,Yes,Eligible,5,Not Completed,High Risk
S1773,D/BSE/25/1783,Student_1773,Female,41,D001,2,3,3.57,3.9667,3.6915,95,No,Yes,Eligible,0,Completed,Low Risk
S1774,D/BSE/25/1784,Student_1774,Male,39,D001,4,7,3.1375,3.308,3.2159,89,No,Yes,Eligible,0,Completed,Low Risk
S1775,D/COE/25/1785,Student_1775,Male,40,D003,3,5,3.4778,3.5105,3.5453,75,Yes,Yes,Eligible,0,Completed,Low Risk
S1776,D/COE/25/1786,Student_1776,Male,41,D003,2,3,3.5053,3.695,3.6367,84,No,Yes,Eligible,0,Completed,Low Risk
S1777,D/ICT/25/1787,Student_1777,Male,42,D005,1,2,2.805,2.1947,2.5077,83,No,Yes,Eligible,0,Completed,Medium Risk
S1778,D/COE/25/1788,Student_1778,Male,41,D003,2,3,3.8,3.31,3.615,80,No,Yes,Eligible,0,Completed,Low Risk
S1779,D/ICT/25/1789,Student_1779,Male,41,D005,2,3,2.987,2.94,3.1081,84,No,Yes,Eligible,0,Completed,Low Risk
S1780,D/ICT/25/1790,Student_1780,Female,41,D005,2,3,3.8696,3.895,3.9177,89,No,Yes,Eligible,0,Completed,Low Risk
S1781,D/BCS/25/1791,Student_1781,Female,42,D002,1,1,3.6619,0.0,3.6619,91,No,Yes,Eligible,0,Completed,Low Risk
S1782,D/ICT/25/1792,Student_1782,Female,42,D005,1,1,3.5211,0.0,3.5211,75,No,Yes,Not Eligible,0,Completed,Low Risk
S1783,D/BSE/25/1793,Student_1783,Male,40,D001,3,6,3.28,2.8538,3.238,90,No,Yes,Eligible,0,Completed,Low Risk
S1784,D/BSE/25/1794,Student_1784,Male,39,D001,4,8,2.74,3.3375,3.0044,82,No,Yes,Eligible,0,Completed,Low Risk
S1785,D/BCS/25/1795,Student_1785,Male,41,D002,2,3,3.58,3.7889,3.7085,81,No,Yes,Eligible,0,Completed,Low Risk
S1786,D/ICT/25/1796,Student_1786,Male,40,D005,3,5,3.13,2.7364,3.1635,85,No,Yes,Eligible,1,Not Completed,Low Risk
S1787,D/BCS/25/1797,Student_1787,Male,41,D002,2,3,3.17,3.7167,3.2644,100,No,Yes,Eligible,0,Completed,Low Risk
S1788,D/BSE/25/1798,Student_1788,Male,39,D001,4,8,3.4,2.2875,2.7344,82,No,Yes,Eligible,2,Not Completed,High Risk
S1789,D/BCS/25/1799,Student_1789,Male,42,D002,1,2,3.1333,3.4286,3.2923,94,No,Yes,Eligible,0,Completed,Low Risk
S1790,D/BCS/25/1800,Student_1790,Female,40,D002,3,5,2.5154,2.2105,2.3519,77,No,Yes,Not Eligible,2,Not Completed,High Risk
S1791,D/BCS/25/1801,Student_1791,Male,41,D002,2,3,3.77,3.8333,3.7153,82,No,Yes,Eligible,0,Completed,Low Risk
S1792,D/ICT/25/1802,Student_1792,Male,41,D005,2,4,3.9409,4.0,3.8345,94,No,Yes,Eligible,0,Completed,Low Risk
S1793,D/ICT/25/1803,Student_1793,Male,40,D005,3,6,0.0,2.275,2.15,98,No,Yes,Eligible,5,Not Completed,High Risk
S1794,D/ICT/25/1804,Student_1794,Male,42,D005,1,2,2.605,3.2474,2.9179,80,No,Yes,Eligible,0,Completed,Medium Risk
S1795,D/COE/25/1805,Student_1795,Male,42,D003,1,1,3.7095,0.0,3.7095,99,No,Yes,Eligible,0,Completed,Low Risk
S1796,D/BSE/25/1806,Student_1796,Male,41,D001,2,4,2.5421,2.9,2.5487,94,No,Yes,Eligible,0,Completed,Medium Risk
S1797,D/DBA/25/1807,Student_1797,Female,42,D004,1,1,2.925,0.0,2.925,74,No,Yes,Not Eligible,0,Completed,Medium Risk
S1798,D/ICT/25/1808,Student_1798,Male,41,D005,2,3,3.0217,3.28,3.2242,82,No,Yes,Eligible,0,Completed,Low Risk
S1799,D/BSE/25/1809,Student_1799,Male,39,D001,4,8,4.0,3.7125,3.7388,70,No,Yes,Not Eligible,0,Completed,Low Risk
S1800,D/COE/25/1810,Student_1800,Male,39,D003,4,7,3.7667,3.84,3.8132,84,No,Yes,Eligible,0,Completed,Low Risk
S1801,D/ICT/25/1811,Student_1801,Male,42,D005,1,2,3.355,3.4,3.3769,73,No,Yes,Not Eligible,0,Completed,Low Risk
S1802,D/COE/25/1812,Student_1802,Male,39,D003,4,7,3.5524,3.324,3.4645,81,No,Yes,Eligible,0,Completed,Low Risk
S1803,D/COE/25/1813,Student_1803,Male,41,D003,2,3,2.8,2.885,2.865,89,No,Yes,Eligible,1,Not Completed,Medium Risk
S1804,D/BCS/25/1814,Student_1804,Male,40,D002,3,5,3.5154,3.4263,3.4971,71,No,Yes,Not Eligible,0,Completed,Low Risk
S1805,D/BCS/25/1815,Student_1805,Male,41,D002,2,3,3.5,3.7056,3.5831,86,No,Yes,Eligible,0,Completed,Low Risk
S1806,D/ICT/25/1816,Student_1806,Male,41,D005,2,3,3.8696,3.54,3.6468,71,No,Yes,Not Eligible,0,Completed,Low Risk
S1807,D/BCS/25/1817,Student_1807,Male,39,D002,4,8,3.58,3.7556,3.6779,82,No,Yes,Eligible,0,Completed,Low Risk
S1808,D/BSE/25/1818,Student_1808,Male,41,D001,2,3,3.84,3.7444,3.7305,78,No,Yes,Not Eligible,0,Completed,Low Risk
S1809,D/BSE/25/1819,Student_1809,Male,39,D001,4,8,3.42,3.7125,3.7156,92,No,Yes,Eligible,0,Completed,Low Risk
S1810,D/BCS/25/1820,Student_1810,Male,40,D002,3,5,2.8538,2.9579,2.8269,83,No,Yes,Eligible,0,Completed,Medium Risk
S1811,D/ICT/25/1821,Student_1811,Female,41,D005,2,4,3.8227,3.8957,3.8405,90,No,Yes,Eligible,0,Completed,Low Risk
S1812,D/BSE/25/1822,Student_1812,Male,41,D001,2,4,3.6053,3.8,3.7744,85,No,Yes,Eligible,0,Completed,Low Risk
S1813,D/BCS/25/1823,Student_1813,Male,42,D002,1,1,3.3714,0.0,3.3714,74,No,Yes,Not Eligible,0,Completed,Low Risk
S1814,D/BSE/25/1824,Student_1814,Male,40,D001,3,5,3.3846,3.9053,3.7019,57,No,Yes,Not Eligible,0,Completed,Low Risk
S1815,D/ICT/25/1825,Student_1815,Male,42,D005,1,1,2.9316,0.0,2.9316,78,No,Yes,Not Eligible,0,Completed,Medium Risk
S1816,D/DBA/25/1826,Student_1816,Male,42,D004,1,1,3.3688,0.0,3.3688,100,No,Yes,Eligible,0,Completed,Low Risk
S1817,D/BCS/25/1827,Student_1817,Male,42,D002,1,2,2.3722,2.9286,2.6718,100,No,Yes,Eligible,0,Completed,Medium Risk
S1818,D/BCS/25/1828,Student_1818,Male,42,D002,1,2,2.45,2.3381,2.3897,72,No,Yes,Not Eligible,0,Completed,Medium Risk
S1819,D/BCS/25/1829,Student_1819,Male,40,D002,3,6,3.4423,3.5308,3.2685,94,No,Yes,Eligible,0,Completed,Low Risk
S1820,D/BSE/25/1830,Student_1820,Male,42,D001,1,2,4.0,3.9714,3.9846,87,No,Yes,Eligible,0,Completed,Low Risk
S1821,D/DBA/25/1831,Student_1821,Male,42,D004,1,1,3.7375,0.0,3.7375,89,No,Yes,Eligible,0,Completed,Low Risk
S1822,D/COE/25/1832,Student_1822,Male,41,D003,2,4,3.1053,3.2474,3.243,100,No,Yes,Eligible,0,Completed,Low Risk
S1823,D/COE/25/1833,Student_1823,Female,40,D003,3,5,3.9778,3.8789,3.9472,83,No,Yes,Eligible,0,Completed,Low Risk
S1824,D/BSE/25/1834,Student_1824,Male,42,D001,1,2,3.6167,3.681,3.6513,86,No,Yes,Eligible,0,Completed,Low Risk
S1825,D/BCS/25/1835,Student_1825,Female,41,D002,2,3,4.0,4.0,4.0,84,No,Yes,Eligible,0,Completed,Low Risk
S1826,D/COE/25/1836,Student_1826,Male,41,D003,2,4,3.1526,3.3211,3.2203,84,No,Yes,Eligible,0,Completed,Low Risk
S1827,D/COE/25/1837,Student_1827,Male,42,D003,1,1,3.7095,0.0,3.7095,95,No,Yes,Eligible,0,Completed,Low Risk
S1828,D/BSE/25/1838,Student_1828,Female,40,D001,3,5,3.3154,3.7421,3.5942,78,Yes,Yes,Eligible,0,Completed,Low Risk
S1829,D/BCS/25/1839,Student_1829,Male,41,D002,2,4,3.1789,2.87,2.9654,83,No,Yes,Eligible,0,Completed,Medium Risk
S1830,D/ICT/25/1840,Student_1830,Male,41,D005,2,3,3.8304,3.955,3.8097,69,Yes,Yes,Eligible,0,Completed,Low Risk
S1831,D/COE/25/1841,Student_1831,Male,42,D003,1,1,3.8905,0.0,3.8905,97,No,Yes,Eligible,0,Completed,Low Risk
S1832,D/BCS/25/1842,Student_1832,Female,40,D002,3,5,3.6615,3.9684,3.7625,89,No,Yes,Eligible,0,Completed,Low Risk
S1833,D/BSE/25/1843,Student_1833,Male,39,D001,4,7,3.7125,3.64,3.6938,97,No,Yes,Eligible,0,Completed,Low Risk
S1834,D/DBA/25/1844,Student_1834,Male,40,D004,3,6,3.2667,3.0105,2.9762,80,No,Yes,Eligible,0,Completed,Medium Risk
S1835,D/COE/25/1845,Student_1835,Male,42,D003,1,1,3.6143,0.0,3.6143,87,No,Yes,Eligible,0,Completed,Low Risk
S1836,D/BSE/25/1846,Student_1836,Male,40,D001,3,6,3.976,3.9,3.8333,92,No,Yes,Eligible,0,Completed,Low Risk
S1837,D/ICT/25/1847,Student_1837,Male,40,D005,3,6,3.7,2.96,2.97,73,Yes,No,Not Eligible,0,Completed,Medium Risk
S1838,D/BCS/25/1848,Student_1838,Female,42,D002,1,1,3.519,0.0,3.519,83,No,Yes,Eligible,0,Completed,Low Risk
S1839,D/BSE/25/1849,Student_1839,Female,41,D001,2,4,2.7474,2.9,3.1436,92,No,Yes,Eligible,1,Not Completed,Low Risk
S1840,D/DBA/25/1850,Student_1840,Male,41,D004,2,3,3.9667,3.7941,3.849,80,No,Yes,Eligible,0,Completed,Low Risk
S1841,D/COE/25/1851,Student_1841,Female,40,D003,3,5,3.8815,3.7316,3.8387,83,No,Yes,Eligible,0,Completed,Low Risk
S1842,D/COE/25/1852,Student_1842,Male,39,D003,4,8,3.12,3.0429,3.1144,69,Yes,Yes,Eligible,0,Completed,Low Risk
S1843,D/BCS/25/1853,Student_1843,Male,41,D002,2,3,3.43,3.3889,3.2254,89,No,Yes,Eligible,0,Completed,Low Risk
S1844,D/DBA/25/1854,Student_1844,Male,42,D004,1,2,3.5,3.4688,3.4848,83,No,Yes,Eligible,0,Completed,Low Risk
S1845,D/DBA/25/1855,Student_1845,Male,41,D004,2,4,3.9357,3.95,3.9185,77,No,Yes,Not Eligible,0,Completed,Low Risk
S1846,D/DBA/25/1856,Student_1846,Female,40,D004,3,5,2.7158,3.45,3.2857,83,No,Yes,Eligible,0,Completed,Low Risk
S1847,D/BCS/25/1857,Student_1847,Male,42,D002,1,2,3.7611,3.8619,3.8154,92,No,Yes,Eligible,0,Completed,Low Risk
S1848,D/DBA/25/1858,Student_1848,Male,40,D004,3,6,3.4619,3.3526,3.4876,94,No,Yes,Eligible,0,Completed,Low Risk
S1849,D/BSE/25/1859,Student_1849,Male,40,D001,3,5,3.5231,3.3474,3.4923,88,No,Yes,Eligible,0,Completed,Low Risk
S1850,D/BSE/25/1860,Student_1850,Female,42,D001,1,1,3.7524,0.0,3.7524,86,No,Yes,Eligible,0,Completed,Low Risk
S1851,D/BCS/25/1861,Student_1851,Female,40,D002,3,6,3.0423,3.5385,3.28,84,No,Yes,Eligible,0,Completed,Low Risk
S1852,D/COE/25/1862,Student_1852,Female,42,D003,1,1,1.581,0.0,1.581,69,No,Yes,Not Eligible,3,Not Completed,High Risk
S1853,D/DBA/25/1863,Student_1853,Female,41,D004,2,4,3.85,3.95,3.94,81,No,Yes,Eligible,0,Completed,Low Risk
S1854,D/BSE/25/1864,Student_1854,Male,41,D001,2,4,3.4526,2.92,3.0897,77,No,Yes,Not Eligible,0,Completed,Low Risk
S1855,D/BSE/25/1865,Student_1855,Female,41,D001,2,4,3.5579,3.57,3.5154,89,No,Yes,Eligible,0,Completed,Low Risk
S1856,D/BCS/25/1866,Student_1856,Male,40,D002,3,5,3.9538,3.4947,3.699,84,No,Yes,Eligible,0,Completed,Low Risk
S1857,D/ICT/25/1867,Student_1857,Female,42,D005,1,1,3.5579,0.0,3.5579,69,Yes,No,Not Eligible,0,Completed,Low Risk
S1858,D/DBA/25/1868,Student_1858,Male,40,D004,3,5,3.7789,3.7857,3.8345,100,No,Yes,Eligible,0,Completed,Low Risk
S1859,D/ICT/25/1869,Student_1859,Female,42,D005,1,2,3.285,3.1947,3.241,72,No,Yes,Not Eligible,0,Completed,Low Risk
S1860,D/COE/25/1870,Student_1860,Female,40,D003,3,5,3.6148,3.6368,3.4217,79,No,Yes,Not Eligible,0,Completed,Low Risk
S1861,D/BCS/25/1871,Student_1861,Male,39,D002,4,7,3.5111,3.0962,3.3459,84,No,Yes,Eligible,0,Completed,Low Risk
S1862,D/COE/25/1872,Student_1862,Male,40,D003,3,6,3.432,3.637,3.5817,72,No,Yes,Not Eligible,0,Completed,Low Risk
S1863,D/BCS/25/1873,Student_1863,Female,42,D002,1,2,3.0444,3.1476,3.1,81,No,Yes,Eligible,0,Completed,Low Risk
S1864,D/BSE/25/1874,Student_1864,Male,41,D001,2,3,3.6,3.7389,3.6661,97,No,Yes,Eligible,0,Completed,Low Risk
S1865,D/DBA/25/1875,Student_1865,Male,42,D004,1,1,4.0,0.0,4.0,81,No,Yes,Eligible,0,Completed,Low Risk
S1866,D/ICT/25/1876,Student_1866,Male,42,D005,1,1,3.6053,0.0,3.6053,91,No,Yes,Eligible,0,Completed,Low Risk
S1867,D/COE/25/1877,Student_1867,Male,42,D003,1,2,3.66,3.9,3.7829,83,No,Yes,Eligible,0,Completed,Low Risk
S1868,D/COE/25/1878,Student_1868,Male,41,D003,2,3,3.8579,3.85,3.8033,82,No,Yes,Eligible,0,Completed,Low Risk
S1869,D/BCS/25/1879,Student_1869,Female,40,D002,3,5,2.3077,1.8053,2.399,93,No,Yes,Eligible,3,Not Completed,High Risk
S1870,D/COE/25/1880,Student_1870,Female,42,D003,1,1,2.6667,0.0,2.6667,88,No,Yes,Eligible,0,Completed,Medium Risk
S1871,D/BSE/25/1881,Student_1871,Female,39,D001,4,7,2.825,2.98,2.9331,100,No,Yes,Eligible,0,Completed,Medium Risk
S1872,D/COE/25/1882,Student_1872,Male,40,D003,3,6,3.02,2.6407,2.8878,97,No,Yes,Eligible,0,Completed,Medium Risk
S1873,D/BCS/25/1883,Student_1873,Female,42,D002,1,2,2.9667,2.6,2.7692,81,No,Yes,Eligible,0,Completed,Medium Risk
S1874,D/COE/25/1884,Student_1874,Female,40,D003,3,5,3.2481,2.7421,2.8236,89,No,Yes,Eligible,0,Completed,Medium Risk
S1875,D/BSE/25/1885,Student_1875,Male,40,D001,3,6,3.412,3.6462,3.4233,81,No,Yes,Eligible,0,Completed,Low Risk
S1876,D/DBA/25/1886,Student_1876,Female,40,D004,3,5,3.8421,4.0,3.9536,100,No,Yes,Eligible,0,Completed,Low Risk
S1877,D/BCS/25/1887,Student_1877,Female,40,D002,3,6,3.2154,3.2,3.2377,73,No,Yes,Not Eligible,0,Completed,Low Risk
S1878,D/BSE/25/1888,Student_1878,Female,41,D001,2,3,2.65,3.1333,2.7441,96,No,Yes,Eligible,0,Completed,Medium Risk
S1879,D/COE/25/1889,Student_1879,Male,41,D003,2,4,3.5421,2.9947,3.2405,89,No,Yes,Eligible,0,Completed,Low Risk
S1880,D/COE/25/1890,Student_1880,Male,41,D003,2,4,3.4263,3.6158,3.4861,89,No,Yes,Eligible,0,Completed,Low Risk
S1881,D/COE/25/1891,Student_1881,Female,39,D003,4,7,3.9429,3.92,3.8586,73,No,Yes,Not Eligible,0,Completed,Low Risk
S1882,D/BCS/25/1892,Student_1882,Female,42,D002,1,1,3.9714,0.0,3.9714,84,No,Yes,Eligible,0,Completed,Low Risk
S1883,D/DBA/25/1893,Student_1883,Male,40,D004,3,6,2.0571,2.9368,2.6476,100,No,Yes,Eligible,0,Completed,Medium Risk
S1884,D/BSE/25/1894,Student_1884,Male,41,D001,2,4,3.6895,3.8,3.6513,82,No,Yes,Eligible,0,Completed,Low Risk
S1885,D/BCS/25/1895,Student_1885,Male,39,D002,4,8,3.42,2.9444,3.1196,86,No,Yes,Eligible,0,Completed,Low Risk
S1886,D/ICT/25/1896,Student_1886,Female,42,D005,1,2,4.0,3.9684,3.9846,81,No,Yes,Eligible,0,Completed,Low Risk
S1887,D/COE/25/1897,Student_1887,Male,40,D003,3,6,3.896,3.9037,3.9183,84,No,Yes,Eligible,0,Completed,Low Risk
S1888,D/COE/25/1898,Student_1888,Male,41,D003,2,3,3.6158,3.545,3.4317,86,No,No,Not Eligible,0,Completed,Low Risk
S1889,D/BSE/25/1899,Student_1889,Male,41,D001,2,3,3.63,3.2556,3.5254,89,No,Yes,Eligible,0,Completed,Low Risk
S1890,D/ICT/25/1900,Student_1890,Female,39,D005,4,8,3.6067,3.7917,3.7054,80,No,Yes,Eligible,0,Completed,Low Risk
S1891,D/COE/25/1901,Student_1891,Male,40,D003,3,5,3.5222,3.4263,3.4,76,No,No,Not Eligible,0,Completed,Low Risk
S1892,D/ICT/25/1902,Student_1892,Female,40,D005,3,6,2.7,2.275,2.3755,94,No,Yes,Eligible,1,Not Completed,Medium Risk
S1893,D/ICT/25/1903,Student_1893,Male,40,D005,3,6,2.3,3.445,3.2582,83,No,Yes,Eligible,0,Completed,Low Risk
S1894,D/COE/25/1904,Student_1894,Female,40,D003,3,5,1.6519,1.8789,2.0349,86,No,Yes,Eligible,8,Not Completed,High Risk
S1895,D/ICT/25/1905,Student_1895,Male,41,D005,2,3,3.5,2.815,3.0823,87,No,Yes,Eligible,0,Completed,Low Risk
S1896,D/BCS/25/1906,Student_1896,Male,42,D002,1,2,3.2,3.2762,3.241,94,No,Yes,Eligible,0,Completed,Low Risk
S1897,D/COE/25/1907,Student_1897,Male,42,D003,1,2,3.46,3.4524,3.4561,90,No,Yes,Eligible,0,Completed,Low Risk
S1898,D/ICT/25/1908,Student_1898,Female,42,D005,1,1,3.4895,0.0,3.4895,79,No,Yes,Not Eligible,0,Completed,Low Risk
S1899,D/COE/25/1909,Student_1899,Male,41,D003,2,3,3.6842,3.56,3.6133,75,No,Yes,Not Eligible,0,Completed,Low Risk
S1900,D/BSE/25/1910,Student_1900,Female,41,D001,2,4,3.8316,3.91,3.7872,88,No,Yes,Eligible,0,Completed,Low Risk
S1901,D/COE/25/1911,Student_1901,Female,39,D003,4,8,4.0,3.3476,3.5838,83,No,Yes,Eligible,0,Completed,Low Risk
S1902,D/COE/25/1912,Student_1902,Male,42,D003,1,2,3.88,3.7429,3.8098,80,No,Yes,Eligible,0,Completed,Low Risk
S1903,D/BCS/25/1913,Student_1903,Female,41,D002,2,4,3.2789,2.82,3.1615,69,No,Yes,Not Eligible,0,Completed,Low Risk
S1904,D/COE/25/1914,Student_1904,Male,41,D003,2,4,3.4105,3.2947,3.3671,69,No,Yes,Not Eligible,0,Completed,Low Risk
S1905,D/BSE/25/1915,Student_1905,Male,40,D001,3,6,3.376,3.2308,3.2829,78,No,Yes,Not Eligible,0,Completed,Low Risk
S1906,D/BCS/25/1916,Student_1906,Male,40,D002,3,5,3.8538,3.6316,3.7817,70,No,Yes,Not Eligible,0,Completed,Low Risk
S1907,D/ICT/25/1917,Student_1907,Male,39,D005,4,8,3.96,3.9625,3.9456,87,No,Yes,Eligible,0,Completed,Low Risk
S1908,D/BCS/25/1918,Student_1908,Male,40,D002,3,5,3.3692,3.7368,3.5635,73,No,No,Not Eligible,0,Completed,Low Risk
S1909,D/BSE/25/1919,Student_1909,Male,41,D001,2,3,3.7,3.45,3.578,91,No,Yes,Eligible,0,Completed,Low Risk
S1910,D/ICT/25/1920,Student_1910,Male,42,D005,1,1,3.9684,0.0,3.9684,94,No,Yes,Eligible,0,Completed,Low Risk
S1911,D/COE/25/1921,Student_1911,Male,41,D003,2,3,3.6053,3.325,3.4683,88,No,Yes,Eligible,0,Completed,Low Risk
S1912,D/COE/25/1922,Student_1912,Male,40,D003,3,6,3.9,3.9778,3.9611,76,No,Yes,Not Eligible,0,Completed,Low Risk
S1913,D/BSE/25/1923,Student_1913,Female,42,D001,1,2,3.5389,3.381,3.4538,77,Yes,Yes,Eligible,0,Completed,Low Risk
S1914,D/ICT/25/1924,Student_1914,Female,42,D005,1,1,3.6632,0.0,3.6632,86,No,Yes,Eligible,0,Completed,Low Risk
S1915,D/COE/25/1925,Student_1915,Male,41,D003,2,3,3.1579,3.47,3.145,86,No,Yes,Eligible,0,Completed,Low Risk
S1916,D/COE/25/1926,Student_1916,Male,41,D003,2,3,2.2684,2.03,2.0533,93,No,Yes,Eligible,0,Completed,Medium Risk
S1917,D/BSE/25/1927,Student_1917,Male,42,D001,1,1,3.3476,0.0,3.3476,89,No,Yes,Eligible,0,Completed,Low Risk
S1918,D/BCS/25/1928,Student_1918,Male,42,D002,1,1,3.6714,0.0,3.6714,90,No,Yes,Eligible,0,Completed,Low Risk
S1919,D/COE/25/1929,Student_1919,Male,41,D003,2,3,3.5526,3.775,3.7267,75,No,Yes,Not Eligible,0,Completed,Low Risk
S1920,D/BCS/25/1930,Student_1920,Female,40,D002,3,6,3.6923,3.5615,3.6185,80,No,Yes,Eligible,0,Completed,Low Risk
S1921,D/BCS/25/1931,Student_1921,Male,39,D002,4,7,3.0667,2.7115,3.1047,84,No,Yes,Eligible,0,Completed,Low Risk
S1922,D/BCS/25/1932,Student_1922,Male,42,D002,1,2,3.7722,3.4143,3.5795,78,No,Yes,Not Eligible,0,Completed,Low Risk
S1923,D/COE/25/1933,Student_1923,Female,40,D003,3,5,2.2444,1.7211,2.1406,89,No,Yes,Eligible,5,Not Completed,High Risk
S1924,D/ICT/25/1934,Student_1924,Female,39,D005,4,8,2.6133,2.9708,2.9208,88,No,Yes,Eligible,0,Completed,Medium Risk
S1925,D/BCS/25/1935,Student_1925,Female,41,D002,2,3,3.63,3.7556,3.5898,96,No,Yes,Eligible,0,Completed,Low Risk
S1926,D/ICT/25/1936,Student_1926,Female,41,D005,2,3,2.0783,2.82,2.5339,86,No,Yes,Eligible,1,Not Completed,Medium Risk
S1927,D/ICT/25/1937,Student_1927,Female,42,D005,1,1,3.7421,0.0,3.7421,85,No,Yes,Eligible,0,Completed,Low Risk
S1928,D/COE/25/1938,Student_1928,Female,40,D003,3,5,3.7778,4.0,3.8047,88,No,Yes,Eligible,0,Completed,Low Risk
S1929,D/ICT/25/1939,Student_1929,Male,39,D005,4,7,3.6792,4.0,3.8284,83,No,Yes,Eligible,0,Completed,Low Risk
S1930,D/COE/25/1940,Student_1930,Female,42,D003,1,2,4.0,3.6286,3.8098,72,No,Yes,Not Eligible,0,Completed,Low Risk
S1931,D/ICT/25/1941,Student_1931,Male,41,D005,2,3,3.2304,3.325,3.3548,100,No,Yes,Eligible,0,Completed,Low Risk
S1932,D/BCS/25/1942,Student_1932,Female,41,D002,2,3,3.14,3.2333,3.1627,84,No,Yes,Eligible,0,Completed,Low Risk
S1933,D/BSE/25/1943,Student_1933,Female,42,D001,1,2,3.7056,3.8571,3.7872,90,No,Yes,Eligible,0,Completed,Low Risk
S1934,D/BCS/25/1944,Student_1934,Male,41,D002,2,3,3.53,3.4333,3.4593,74,No,Yes,Not Eligible,0,Completed,Low Risk
S1935,D/COE/25/1945,Student_1935,Female,39,D003,4,7,3.1762,3.004,2.923,83,No,Yes,Eligible,1,Not Completed,Medium Risk
S1936,D/BCS/25/1946,Student_1936,Male,40,D002,3,5,2.5077,2.6368,2.6635,81,No,Yes,Eligible,1,Not Completed,Medium Risk
S1937,D/COE/25/1947,Student_1937,Female,42,D003,1,2,3.71,3.6619,3.6854,94,No,Yes,Eligible,0,Completed,Low Risk
S1938,D/COE/25/1948,Student_1938,Male,41,D003,2,3,3.8474,3.785,3.595,85,No,No,Not Eligible,0,Completed,Low Risk
S1939,D/BCS/25/1949,Student_1939,Male,41,D002,2,3,3.87,3.6944,3.6356,71,No,Yes,Not Eligible,0,Completed,Low Risk
S1940,D/BSE/25/1950,Student_1940,Male,42,D001,1,2,2.8389,2.6381,2.7308,78,No,Yes,Not Eligible,1,Not Completed,Medium Risk
S1941,D/DBA/25/1951,Student_1941,Male,42,D004,1,2,3.7941,4.0,3.8939,79,No,Yes,Not Eligible,0,Completed,Low Risk
S1942,D/ICT/25/1952,Student_1942,Male,40,D005,3,5,3.19,2.9864,3.2231,88,No,Yes,Eligible,0,Completed,Low Risk
S1943,D/BCS/25/1953,Student_1943,Male,42,D002,1,2,3.4889,3.9286,3.7256,76,No,Yes,Not Eligible,0,Completed,Low Risk
S1944,D/ICT/25/1954,Student_1944,Male,42,D005,1,2,3.585,3.1789,3.3872,95,No,Yes,Eligible,0,Completed,Low Risk
S1945,D/ICT/25/1955,Student_1945,Male,42,D005,1,1,3.2895,0.0,3.2895,81,No,Yes,Eligible,0,Completed,Low Risk
S1946,D/BSE/25/1956,Student_1946,Male,42,D001,1,1,3.0381,0.0,3.0381,86,No,Yes,Eligible,0,Completed,Low Risk
S1947,D/BSE/25/1957,Student_1947,Male,42,D001,1,1,3.6333,0.0,3.6333,81,No,Yes,Eligible,0,Completed,Low Risk
S1948,D/ICT/25/1958,Student_1948,Male,42,D005,1,2,2.23,2.2684,2.2487,85,No,Yes,Eligible,0,Completed,Medium Risk
S1949,D/BCS/25/1959,Student_1949,Male,41,D002,2,3,3.73,3.6444,3.5966,84,No,Yes,Eligible,0,Completed,Low Risk
S1950,D/BCS/25/1960,Student_1950,Male,42,D002,1,2,3.3778,3.3381,3.3564,83,No,Yes,Eligible,0,Completed,Low Risk
S1951,D/COE/25/1961,Student_1951,Female,42,D003,1,2,3.705,3.4952,3.5976,92,No,Yes,Eligible,0,Completed,Low Risk
S1952,D/BSE/25/1962,Student_1952,Male,39,D001,4,8,4.0,3.6375,3.5162,79,Yes,Yes,Eligible,0,Completed,Low Risk
S1953,D/BSE/25/1963,Student_1953,Male,41,D001,2,4,2.6105,2.3,2.3821,89,No,Yes,Eligible,1,Not Completed,Medium Risk
S1954,D/BSE/25/1964,Student_1954,Female,41,D001,2,4,3.3789,3.8,3.641,83,No,Yes,Eligible,0,Completed,Low Risk
S1955,D/DBA/25/1965,Student_1955,Male,42,D004,1,2,2.9353,2.9062,2.9212,74,No,Yes,Not Eligible,0,Completed,Medium Risk
S1956,D/ICT/25/1966,Student_1956,Male,39,D005,4,8,2.8933,3.6583,3.3913,89,No,Yes,Eligible,0,Completed,Low Risk
S1957,D/BCS/25/1967,Student_1957,Female,42,D002,1,2,3.4833,3.4048,3.441,82,No,Yes,Eligible,0,Completed,Low Risk
S1958,D/DBA/25/1968,Student_1958,Male,41,D004,2,4,3.4357,3.95,3.6154,83,No,Yes,Eligible,0,Completed,Low Risk
S1959,D/BCS/25/1969,Student_1959,Female,41,D002,2,4,3.1368,3.68,3.391,95,No,Yes,Eligible,0,Completed,Low Risk
S1960,D/BSE/25/1970,Student_1960,Female,40,D001,3,5,2.9231,2.4474,2.6846,83,No,Yes,Eligible,1,Not Completed,Medium Risk
S1961,D/BSE/25/1971,Student_1961,Male,40,D001,3,6,3.976,3.9769,3.9744,77,No,Yes,Not Eligible,0,Completed,Low Risk
S1962,D/COE/25/1972,Student_1962,Male,39,D003,4,7,3.9714,3.964,3.9711,79,No,Yes,Not Eligible,0,Completed,Low Risk
S1963,D/BSE/25/1973,Student_1963,Male,39,D001,4,8,3.7,3.3125,3.06,91,No,Yes,Eligible,2,Not Completed,Medium Risk
S1964,D/BCS/25/1974,Student_1964,Male,39,D002,4,7,2.9667,2.9808,2.9331,82,No,Yes,Eligible,3,Not Completed,High Risk
S1965,D/ICT/25/1975,Student_1965,Male,39,D005,4,8,3.96,4.0,3.9,92,No,Yes,Eligible,0,Completed,Low Risk
S1966,D/COE/25/1976,Student_1966,Male,39,D003,4,7,3.2714,2.884,3.1539,91,No,Yes,Eligible,1,Not Completed,Low Risk
S1967,D/BCS/25/1977,Student_1967,Female,39,D002,4,7,3.7778,3.4115,3.4682,88,No,Yes,Eligible,0,Completed,Low Risk
S1968,D/BCS/25/1978,Student_1968,Male,41,D002,2,4,1.8632,2.63,2.4756,85,No,Yes,Eligible,3,Not Completed,High Risk
S1969,D/ICT/25/1979,Student_1969,Female,41,D005,2,3,4.0,4.0,3.9532,100,No,Yes,Eligible,0,Completed,Low Risk
S1970,D/BCS/25/1980,Student_1970,Female,39,D002,4,7,3.1889,3.5038,3.4108,78,No,Yes,Not Eligible,0,Completed,Low Risk
S1971,D/BSE/25/1981,Student_1971,Female,42,D001,1,2,3.6222,3.6143,3.6179,83,No,Yes,Eligible,0,Completed,Low Risk
S1972,D/BSE/25/1982,Student_1972,Female,42,D001,1,1,3.6571,0.0,3.6571,84,No,Yes,Eligible,0,Completed,Low Risk
S1973,D/ICT/25/1983,Student_1973,Female,40,D005,3,6,2.7,2.44,2.3673,66,No,Yes,Not Eligible,2,Not Completed,High Risk
S1974,D/BSE/25/1984,Student_1974,Male,42,D001,1,1,3.0095,0.0,3.0095,100,No,Yes,Eligible,0,Completed,Low Risk
S1975,D/BSE/25/1985,Student_1975,Female,42,D001,1,2,4.0,3.6381,3.8051,84,No,Yes,Eligible,0,Completed,Low Risk
S1976,D/DBA/25/1986,Student_1976,Male,40,D004,3,6,3.0714,2.8632,2.9076,82,No,Yes,Eligible,0,Completed,Medium Risk
S1977,D/DBA/25/1987,Student_1977,Male,42,D004,1,2,3.6647,3.9438,3.8,93,No,Yes,Eligible,0,Completed,Low Risk
S1978,D/COE/25/1988,Student_1978,Female,39,D003,4,8,3.4,3.6476,3.5988,81,No,Yes,Eligible,0,Completed,Low Risk
S1979,D/BSE/25/1989,Student_1979,Female,42,D001,1,1,3.8095,0.0,3.8095,96,No,Yes,Eligible,0,Completed,Low Risk
S1980,D/COE/25/1990,Student_1980,Female,42,D003,1,1,3.8381,0.0,3.8381,91,No,Yes,Eligible,0,Completed,Low Risk
S1981,D/DBA/25/1991,Student_1981,Male,42,D004,1,2,3.4059,3.6938,3.5455,81,No,Yes,Eligible,0,Completed,Low Risk
S1982,D/BSE/25/1992,Student_1982,Female,40,D001,3,5,2.9077,3.6,3.15,88,No,Yes,Eligible,0,Completed,Low Risk
S1983,D/ICT/25/1993,Student_1983,Female,40,D005,3,5,3.175,3.3091,3.3875,82,No,Yes,Eligible,0,Completed,Low Risk
S1984,D/ICT/25/1994,Student_1984,Male,40,D005,3,6,2.7,2.915,2.7964,83,No,Yes,Eligible,0,Completed,Medium Risk
S1985,D/DBA/25/1995,Student_1985,Male,40,D004,3,6,2.4048,3.0789,2.8838,74,No,Yes,Not Eligible,0,Completed,Medium Risk
S1986,D/BCS/25/1996,Student_1986,Female,39,D002,4,8,2.98,3.6444,3.3871,92,No,Yes,Eligible,0,Completed,Low Risk
S1987,D/ICT/25/1997,Student_1987,Male,39,D005,4,8,3.5333,2.9375,3.2141,73,No,Yes,Not Eligible,0,Completed,Low Risk
S1988,D/ICT/25/1998,Student_1988,Female,41,D005,2,4,3.9136,3.5435,3.806,81,No,Yes,Eligible,0,Completed,Low Risk
S1989,D/ICT/25/1999,Student_1989,Male,42,D005,1,2,3.645,3.2895,3.4718,88,No,Yes,Eligible,0,Completed,Low Risk
S1990,D/BSE/25/2000,Student_1990,Male,40,D001,3,6,3.792,4.0,3.8798,84,No,Yes,Eligible,0,Completed,Low Risk
S1991,D/COE/25/2001,Student_1991,Male,40,D003,3,5,2.8111,3.5632,3.2755,95,No,Yes,Eligible,1,Not Completed,Low Risk
S1992,D/COE/25/2002,Student_1992,Male,41,D003,2,4,3.9684,3.9263,3.9671,88,No,Yes,Eligible,0,Completed,Low Risk
S1993,D/BCS/25/2003,Student_1993,Female,40,D002,3,5,3.8538,3.7895,3.8221,86,No,Yes,Eligible,0,Completed,Low Risk
S1994,D/COE/25/2004,Student_1994,Male,39,D003,4,8,3.82,4.0,3.888,98,No,Yes,Eligible,0,Completed,Low Risk
S1995,D/BSE/25/2005,Student_1995,Male,41,D001,2,4,3.3895,3.81,3.7359,92,No,Yes,Eligible,0,Completed,Low Risk
S1996,D/COE/25/2006,Student_1996,Male,40,D003,3,6,3.064,3.4111,3.2023,82,No,Yes,Eligible,0,Completed,Low Risk
S1997,D/ICT/25/2007,Student_1997,Female,39,D005,4,7,3.1708,3.0,3.1627,81,No,Yes,Eligible,0,Completed,Low Risk
S1998,D/BCS/25/2008,Student_1998,Female,42,D002,1,1,3.4429,0.0,3.4429,69,No,Yes,Not Eligible,0,Completed,Low Risk
S1999,D/COE/25/2009,Student_1999,Male,42,D003,1,2,3.39,3.5238,3.4585,82,No,Yes,Eligible,0,Completed,Low Risk
S2000,D/ICT/25/2010,Student_2000,Male,39,D005,4,7,3.5417,4.0,3.5246,71,No,Yes,Not Eligible,0,Completed,Low Risk
S2001,D/BCS/25/2011,Student_2001,Male,40,D002,3,5,3.6615,3.8895,3.7087,79,No,Yes,Not Eligible,0,Completed,Low Risk
S2002,D/BSE/25/2012,Student_2002,Female,42,D001,1,1,1.9,0.0,1.9,87,No,No,Not Eligible,3,Not Completed,High Risk
S2003,D/ICT/25/2013,Student_2003,Male,42,D005,1,2,3.39,3.1474,3.2718,78,No,Yes,Not Eligible,0,Completed,Low Risk
S2004,D/BSE/25/2014,Student_2004,Male,42,D001,1,2,3.6556,3.8714,3.7718,76,No,Yes,Not Eligible,0,Completed,Low Risk
S2005,D/ICT/25/2015,Student_2005,Male,39,D005,4,8,3.9,3.975,3.8826,69,No,Yes,Not Eligible,0,Completed,Low Risk
S2006,D/BSE/25/2016,Student_2006,Female,42,D001,1,1,3.1143,0.0,3.1143,92,No,Yes,Eligible,0,Completed,Low Risk
S2007,D/ICT/25/2017,Student_2007,Male,39,D005,4,8,1.98,2.4333,2.447,95,No,Yes,Eligible,2,Not Completed,High Risk
S2008,D/DBA/25/2018,Student_2008,Female,42,D004,1,2,3.9471,3.5187,3.7394,75,Yes,Yes,Eligible,0,Completed,Low Risk
S2009,D/ICT/25/2019,Student_2009,Female,40,D005,3,6,2.3,2.74,2.7391,83,No,Yes,Eligible,0,Completed,Medium Risk
S2010,D/BSE/25/2020,Student_2010,Male,42,D001,1,2,2.0833,2.7762,2.4564,88,No,Yes,Eligible,1,Not Completed,Medium Risk
S2011,D/ICT/25/2021,Student_2011,Male,40,D005,3,5,2.44,2.6591,2.6644,100,No,Yes,Eligible,2,Not Completed,High Risk
S2012,D/BSE/25/2022,Student_2012,Male,41,D001,2,4,3.6579,3.64,3.5295,83,No,Yes,Eligible,0,Completed,Low Risk
S2013,D/BSE/25/2023,Student_2013,Male,41,D001,2,4,4.0,3.93,3.9744,90,No,Yes,Eligible,0,Completed,Low Risk
S2014,D/DBA/25/2024,Student_2014,Female,41,D004,2,3,3.85,3.5294,3.7569,81,No,Yes,Eligible,0,Completed,Low Risk
S2015,D/COE/25/2025,Student_2015,Male,39,D003,4,7,3.7381,3.62,3.6184,63,Yes,Yes,Eligible,0,Completed,Low Risk
S2016,D/ICT/25/2026,Student_2016,Male,42,D005,1,1,1.6211,0.0,1.6211,100,No,Yes,Eligible,2,Not Completed,High Risk
S2017,D/BSE/25/2027,Student_2017,Male,40,D001,3,5,3.9231,3.8947,3.9212,82,No,Yes,Eligible,0,Completed,Low Risk
S2018,D/ICT/25/2028,Student_2018,Female,42,D005,1,1,3.7211,0.0,3.7211,81,No,Yes,Eligible,0,Completed,Low Risk
S2019,D/BSE/25/2029,Student_2019,Male,41,D001,2,3,3.73,3.85,3.8271,86,No,Yes,Eligible,0,Completed,Low Risk
S2020,D/BSE/25/2030,Student_2020,Female,40,D001,3,6,3.92,3.8769,3.9023,92,No,Yes,Eligible,0,Completed,Low Risk
S2021,D/BSE/25/2031,Student_2021,Male,41,D001,2,4,3.0842,3.3,3.2628,78,Yes,Yes,Eligible,0,Completed,Low Risk
S2022,D/BCS/25/2032,Student_2022,Female,42,D002,1,1,3.4952,0.0,3.4952,72,Yes,Yes,Eligible,0,Completed,Low Risk
S2023,D/BSE/25/2033,Student_2023,Male,42,D001,1,2,3.5667,3.3952,3.4744,85,No,Yes,Eligible,0,Completed,Low Risk
S2024,D/BCS/25/2034,Student_2024,Female,39,D002,4,8,4.0,3.8556,3.9319,56,Yes,Yes,Eligible,0,Completed,Low Risk
S2025,D/DBA/25/2035,Student_2025,Male,41,D004,2,3,3.4056,3.3647,3.3569,89,No,Yes,Eligible,0,Completed,Low Risk
S2026,D/DBA/25/2036,Student_2026,Male,41,D004,2,3,3.8833,4.0,3.798,83,No,Yes,Eligible,0,Completed,Low Risk
S2027,D/COE/25/2037,Student_2027,Male,41,D003,2,3,2.4105,2.21,2.36,67,Yes,Yes,Eligible,2,Not Completed,High Risk
S2028,D/DBA/25/2038,Student_2028,Female,40,D004,3,5,3.3842,3.5643,3.5357,75,Yes,Yes,Eligible,0,Completed,Low Risk
S2029,D/BCS/25/2039,Student_2029,Male,41,D002,2,4,4.0,3.7,3.7436,94,No,Yes,Eligible,0,Completed,Low Risk
S2030,D/BCS/25/2040,Student_2030,Female,42,D002,1,2,3.4778,3.4571,3.4667,89,No,Yes,Eligible,0,Completed,Low Risk
S2031,D/BSE/25/2041,Student_2031,Male,41,D001,2,3,3.83,3.7944,3.7797,78,No,Yes,Not Eligible,0,Completed,Low Risk
S2032,D/COE/25/2042,Student_2032,Female,42,D003,1,2,2.68,2.7762,2.7293,65,No,Yes,Not Eligible,0,Completed,Medium Risk
S2033,D/BCS/25/2043,Student_2033,Female,41,D002,2,3,3.67,3.6056,3.6847,62,No,Yes,Not Eligible,0,Completed,Low Risk
S2034,D/BSE/25/2044,Student_2034,Male,41,D001,2,4,3.8737,3.6,3.7218,97,No,Yes,Eligible,0,Completed,Low Risk
S2035,D/BSE/25/2045,Student_2035,Male,39,D001,4,7,3.8375,3.92,3.8138,65,Yes,Yes,Eligible,0,Completed,Low Risk
S2036,D/ICT/25/2046,Student_2036,Male,41,D005,2,3,2.7174,2.555,2.7597,85,No,Yes,Eligible,0,Completed,Medium Risk
S2037,D/COE/25/2047,Student_2037,Male,40,D003,3,6,3.112,3.1111,3.129,91,No,Yes,Eligible,0,Completed,Low Risk
S2038,D/COE/25/2048,Student_2038,Male,41,D003,2,4,3.7263,3.3526,3.5949,90,No,Yes,Eligible,0,Completed,Low Risk
S2039,D/BSE/25/2049,Student_2039,Male,42,D001,1,2,3.7,3.5905,3.641,86,No,Yes,Eligible,0,Completed,Low Risk
S2040,D/BSE/25/2050,Student_2040,Male,42,D001,1,1,3.8,0.0,3.8,91,No,Yes,Eligible,0,Completed,Low Risk
S2041,D/ICT/25/2051,Student_2041,Female,41,D005,2,4,2.6727,3.1913,3.0798,65,Yes,Yes,Eligible,0,Completed,Low Risk
S2042,D/COE/25/2052,Student_2042,Female,40,D003,3,5,2.7667,3.5105,3.0623,73,Yes,Yes,Eligible,1,Not Completed,Low Risk
S2043,D/BSE/25/2053,Student_2043,Male,42,D001,1,1,3.4952,0.0,3.4952,71,No,Yes,Not Eligible,0,Completed,Low Risk
S2044,D/BCS/25/2054,Student_2044,Male,41,D002,2,3,3.53,3.5556,3.5085,80,No,Yes,Eligible,0,Completed,Low Risk
S2045,D/DBA/25/2055,Student_2045,Male,40,D004,3,6,2.6476,2.7684,2.8762,100,No,Yes,Eligible,1,Not Completed,Medium Risk
S2046,D/COE/25/2056,Student_2046,Male,41,D003,2,3,3.1316,3.265,3.2767,87,No,Yes,Eligible,0,Completed,Low Risk
S2047,D/BSE/25/2057,Student_2047,Male,42,D001,1,1,3.1381,0.0,3.1381,65,Yes,Yes,Eligible,0,Completed,Low Risk
S2048,D/DBA/25/2058,Student_2048,Male,41,D004,2,3,2.7667,3.0941,3.0412,91,No,Yes,Eligible,0,Completed,Low Risk
S2049,D/BSE/25/2059,Student_2049,Male,41,D001,2,4,3.8579,3.81,3.8346,86,No,Yes,Eligible,0,Completed,Low Risk
S2050,D/DBA/25/2060,Student_2050,Male,42,D004,1,1,3.6312,0.0,3.6312,91,No,Yes,Eligible,0,Completed,Low Risk
S2051,D/BCS/25/2061,Student_2051,Female,40,D002,3,6,3.9769,3.9,3.9269,100,No,Yes,Eligible,0,Completed,Low Risk
S2052,D/ICT/25/2062,Student_2052,Male,40,D005,3,5,3.37,2.95,3.2788,88,No,Yes,Eligible,0,Completed,Low Risk
S2053,D/BSE/25/2063,Student_2053,Male,42,D001,1,2,3.4389,3.8286,3.6487,97,No,Yes,Eligible,0,Completed,Low Risk
S2054,D/BSE/25/2064,Student_2054,Male,40,D001,3,6,3.584,3.6692,3.5023,70,Yes,Yes,Eligible,0,Completed,Low Risk
S2055,D/BCS/25/2065,Student_2055,Female,41,D002,2,3,3.1,3.4667,3.3017,100,No,Yes,Eligible,0,Completed,Low Risk
S2056,D/COE/25/2066,Student_2056,Male,41,D003,2,4,3.5947,3.5105,3.5785,94,No,Yes,Eligible,0,Completed,Low Risk
S2057,D/ICT/25/2067,Student_2057,Male,41,D005,2,4,2.2318,1.8522,2.1095,88,No,Yes,Eligible,2,Not Completed,High Risk
S2058,D/ICT/25/2068,Student_2058,Female,40,D005,3,5,3.245,3.7045,3.674,87,No,Yes,Eligible,0,Completed,Low Risk
S2059,D/COE/25/2069,Student_2059,Female,40,D003,3,6,2.904,3.163,3.0824,93,No,Yes,Eligible,0,Completed,Low Risk
S2060,D/COE/25/2070,Student_2060,Female,40,D003,3,5,3.9037,3.6842,3.7358,89,No,Yes,Eligible,0,Completed,Low Risk
S2061,D/BCS/25/2071,Student_2061,Male,41,D002,2,4,3.7684,3.59,3.7013,83,No,Yes,Eligible,0,Completed,Low Risk
S2062,D/DBA/25/2072,Student_2062,Female,42,D004,1,1,2.6125,0.0,2.6125,81,No,Yes,Eligible,0,Completed,Medium Risk
S2063,D/ICT/25/2073,Student_2063,Male,42,D005,1,2,3.88,4.0,3.9385,81,No,Yes,Eligible,0,Completed,Low Risk
S2064,D/BSE/25/2074,Student_2064,Female,40,D001,3,5,2.9692,2.6842,2.9404,96,No,Yes,Eligible,1,Not Completed,Medium Risk
S2065,D/BSE/25/2075,Student_2065,Male,40,D001,3,5,3.2769,3.4684,3.2663,88,No,Yes,Eligible,1,Not Completed,Low Risk
S2066,D/COE/25/2076,Student_2066,Male,42,D003,1,1,3.081,0.0,3.081,82,No,Yes,Eligible,0,Completed,Low Risk
S2067,D/BSE/25/2077,Student_2067,Male,42,D001,1,2,2.8667,2.719,2.7872,88,No,Yes,Eligible,0,Completed,Medium Risk
S2068,D/COE/25/2078,Student_2068,Male,42,D003,1,2,3.65,3.8048,3.7293,78,No,Yes,Not Eligible,0,Completed,Low Risk
S2069,D/ICT/25/2079,Student_2069,Female,42,D005,1,2,3.18,2.9,3.0436,78,No,Yes,Not Eligible,0,Completed,Low Risk
S2070,D/ICT/25/2080,Student_2070,Male,41,D005,2,4,3.2227,3.1957,3.3345,76,No,Yes,Not Eligible,0,Completed,Low Risk
S2071,D/DBA/25/2081,Student_2071,Female,41,D004,2,3,2.2833,2.7176,2.4922,96,No,Yes,Eligible,2,Not Completed,High Risk
S2072,D/BSE/25/2082,Student_2072,Female,40,D001,3,5,2.7846,2.9526,2.8221,100,No,Yes,Eligible,0,Completed,Medium Risk
S2073,D/ICT/25/2083,Student_2073,Female,39,D005,4,7,3.925,4.0,3.8172,90,No,Yes,Eligible,0,Completed,Low Risk
S2074,D/ICT/25/2084,Student_2074,Male,41,D005,2,3,3.6174,3.425,3.5177,81,No,Yes,Eligible,0,Completed,Low Risk
S2075,D/COE/25/2085,Student_2075,Male,42,D003,1,1,3.0381,0.0,3.0381,91,No,Yes,Eligible,0,Completed,Low Risk
S2076,D/ICT/25/2086,Student_2076,Male,42,D005,1,1,3.5421,0.0,3.5421,80,No,Yes,Eligible,0,Completed,Low Risk
S2077,D/BCS/25/2087,Student_2077,Male,41,D002,2,4,3.7105,3.54,3.5026,75,Yes,Yes,Eligible,0,Completed,Low Risk
S2078,D/ICT/25/2088,Student_2078,Male,39,D005,4,7,3.6292,3.3,3.5948,78,Yes,Yes,Eligible,0,Completed,Low Risk
S2079,D/COE/25/2089,Student_2079,Male,41,D003,2,3,3.9211,4.0,3.975,74,No,Yes,Not Eligible,0,Completed,Low Risk
S2080,D/BSE/25/2090,Student_2080,Male,39,D001,4,8,3.82,3.5125,3.4412,81,No,Yes,Eligible,0,Completed,Low Risk
S2081,D/COE/25/2091,Student_2081,Male,42,D003,1,1,2.9381,0.0,2.9381,87,No,Yes,Eligible,0,Completed,Medium Risk
S2082,D/BCS/25/2092,Student_2082,Female,41,D002,2,3,3.34,3.2889,3.178,89,No,Yes,Eligible,0,Completed,Low Risk
S2083,D/ICT/25/2093,Student_2083,Female,41,D005,2,4,3.8227,3.9217,3.7881,84,No,Yes,Eligible,0,Completed,Low Risk
S2084,D/ICT/25/2094,Student_2084,Male,40,D005,3,6,3.0,3.47,3.2136,100,No,Yes,Eligible,0,Completed,Low Risk
S2085,D/BCS/25/2095,Student_2085,Female,41,D002,2,3,3.1,2.8,3.022,73,No,Yes,Not Eligible,0,Completed,Low Risk
S2086,D/BSE/25/2096,Student_2086,Female,42,D001,1,2,2.9167,2.9143,2.9154,92,No,Yes,Eligible,0,Completed,Medium Risk
S2087,D/BSE/25/2097,Student_2087,Male,41,D001,2,4,3.3053,3.73,3.6679,90,No,Yes,Eligible,0,Completed,Low Risk
S2088,D/BCS/25/2098,Student_2088,Male,41,D002,2,4,3.9684,4.0,3.9667,100,No,Yes,Eligible,0,Completed,Low Risk
S2089,D/COE/25/2099,Student_2089,Female,39,D003,4,7,3.9333,3.816,3.8868,87,No,Yes,Eligible,0,Completed,Low Risk
S2090,D/ICT/25/2100,Student_2090,Male,39,D005,4,8,3.62,3.9125,3.8517,79,No,No,Not Eligible,0,Completed,Low Risk
S2091,D/BCS/25/2101,Student_2091,Male,42,D002,1,1,2.5286,0.0,2.5286,85,No,Yes,Eligible,0,Completed,Medium Risk
S2092,D/BSE/25/2102,Student_2092,Male,42,D001,1,2,2.8056,2.5381,2.6615,86,No,Yes,Eligible,0,Completed,Medium Risk
S2093,D/BSE/25/2103,Student_2093,Male,40,D001,3,5,3.5615,3.4947,3.4567,95,No,Yes,Eligible,0,Completed,Low Risk
S2094,D/BCS/25/2104,Student_2094,Male,42,D002,1,2,2.9722,3.3143,3.1564,76,Yes,Yes,Eligible,0,Completed,Low Risk
S2095,D/BSE/25/2105,Student_2095,Male,41,D001,2,4,1.9053,2.31,2.1321,93,No,Yes,Eligible,4,Not Completed,High Risk
S2096,D/BCS/25/2106,Student_2096,Female,39,D002,4,8,4.0,4.0,3.9945,89,No,Yes,Eligible,0,Completed,Low Risk
S2097,D/BCS/25/2107,Student_2097,Female,39,D002,4,7,3.5556,3.6538,3.5426,79,No,Yes,Not Eligible,0,Completed,Low Risk
S2098,D/COE/25/2108,Student_2098,Male,39,D003,4,7,3.6762,3.052,3.3941,82,No,Yes,Eligible,0,Completed,Low Risk
S2099,D/BCS/25/2109,Student_2099,Male,41,D002,2,3,3.84,3.95,3.8593,90,No,Yes,Eligible,0,Completed,Low Risk
S2100,D/ICT/25/2110,Student_2100,Male,40,D005,3,5,3.545,3.3182,3.3375,91,No,Yes,Eligible,0,Completed,Low Risk
S2101,D/ICT/25/2111,Student_2101,Male,40,D005,3,6,2.3,2.875,2.8309,76,No,Yes,Not Eligible,1,Not Completed,Medium Risk
S2102,D/DBA/25/2112,Student_2102,Male,42,D004,1,1,3.775,0.0,3.775,86,No,Yes,Eligible,0,Completed,Low Risk
S2103,D/BCS/25/2113,Student_2103,Male,41,D002,2,4,3.7526,3.83,3.8628,83,No,Yes,Eligible,0,Completed,Low Risk
S2104,D/BCS/25/2114,Student_2104,Male,39,D002,4,7,3.7111,3.8423,3.6764,89,No,No,Not Eligible,0,Completed,Low Risk
S2105,D/COE/25/2115,Student_2105,Female,41,D003,2,3,3.4421,3.385,3.3183,89,No,Yes,Eligible,0,Completed,Low Risk
S2106,D/BSE/25/2116,Student_2106,Male,40,D001,3,6,3.684,3.4846,3.6101,95,No,Yes,Eligible,0,Completed,Low Risk
S2107,D/DBA/25/2117,Student_2107,Male,41,D004,2,3,3.8167,3.8,3.8431,69,No,Yes,Not Eligible,0,Completed,Low Risk
S2108,D/DBA/25/2118,Student_2108,Female,40,D004,3,5,3.3474,3.0357,3.3929,87,No,Yes,Eligible,0,Completed,Low Risk
S2109,D/BSE/25/2119,Student_2109,Male,42,D001,1,1,3.3095,0.0,3.3095,84,No,Yes,Eligible,0,Completed,Low Risk
S2110,D/BSE/25/2120,Student_2110,Male,41,D001,2,4,2.3632,2.6,2.5269,83,No,Yes,Eligible,2,Not Completed,High Risk
S2111,D/BSE/25/2121,Student_2111,Female,41,D001,2,4,3.1632,3.33,3.4,75,No,Yes,Not Eligible,0,Completed,Low Risk
S2112,D/BCS/25/2122,Student_2112,Female,42,D002,1,2,3.45,3.3048,3.3718,92,No,Yes,Eligible,0,Completed,Low Risk
S2113,D/COE/25/2123,Student_2113,Male,39,D003,4,7,3.8762,3.976,3.9217,85,No,Yes,Eligible,0,Completed,Low Risk
S2114,D/BSE/25/2124,Student_2114,Male,41,D001,2,4,2.8632,2.78,2.8577,83,No,Yes,Eligible,0,Completed,Medium Risk
S2115,D/COE/25/2125,Student_2115,Male,40,D003,3,6,3.148,2.7296,2.9145,88,No,Yes,Eligible,0,Completed,Medium Risk
S2116,D/BSE/25/2126,Student_2116,Male,42,D001,1,2,3.9222,3.9381,3.9308,68,Yes,Yes,Eligible,0,Completed,Low Risk
S2117,D/DBA/25/2127,Student_2117,Female,41,D004,2,4,3.4929,3.7667,3.6969,76,No,Yes,Not Eligible,0,Completed,Low Risk
S2118,D/BSE/25/2128,Student_2118,Female,42,D001,1,2,2.6778,2.1429,2.3897,79,Yes,Yes,Eligible,1,Not Completed,Medium Risk
S2119,D/BCS/25/2129,Student_2119,Female,41,D002,2,4,3.9684,3.91,3.8795,90,No,Yes,Eligible,0,Completed,Low Risk
S2120,D/ICT/25/2130,Student_2120,Female,42,D005,1,2,3.965,3.8789,3.9231,89,No,Yes,Eligible,0,Completed,Low Risk
S2121,D/BSE/25/2131,Student_2121,Female,42,D001,1,2,2.6111,2.9762,2.8077,90,No,No,Not Eligible,0,Completed,Medium Risk
S2122,D/ICT/25/2132,Student_2122,Male,40,D005,3,6,4.0,3.13,3.1745,91,No,Yes,Eligible,0,Completed,Low Risk
S2123,D/DBA/25/2133,Student_2123,Male,42,D004,1,2,4.0,3.9062,3.9545,87,No,Yes,Eligible,0,Completed,Low Risk
S2124,D/ICT/25/2134,Student_2124,Male,41,D005,2,3,3.0304,2.935,2.9306,87,No,Yes,Eligible,0,Completed,Medium Risk
S2125,D/ICT/25/2135,Student_2125,Male,42,D005,1,1,3.7526,0.0,3.7526,72,No,Yes,Not Eligible,0,Completed,Low Risk
S2126,D/DBA/25/2136,Student_2126,Female,40,D004,3,6,3.7143,3.4368,3.6724,78,No,Yes,Not Eligible,0,Completed,Low Risk
S2127,D/BSE/25/2137,Student_2127,Male,41,D001,2,4,3.0632,3.0,3.0577,90,No,Yes,Eligible,0,Completed,Low Risk
S2128,D/BSE/25/2138,Student_2128,Male,39,D001,4,7,3.625,3.536,3.5814,100,No,Yes,Eligible,0,Completed,Low Risk
S2129,D/BSE/25/2139,Student_2129,Female,41,D001,2,3,2.72,2.8722,2.9678,97,No,Yes,Eligible,0,Completed,Medium Risk
S2130,D/BSE/25/2140,Student_2130,Female,40,D001,3,6,2.636,2.2231,2.3411,94,No,Yes,Eligible,3,Not Completed,High Risk
S2131,D/BCS/25/2141,Student_2131,Male,41,D002,2,3,3.87,3.9222,3.9169,88,No,Yes,Eligible,0,Completed,Low Risk
S2132,D/BSE/25/2142,Student_2132,Female,41,D001,2,4,3.6,3.38,3.4179,76,No,Yes,Not Eligible,0,Completed,Low Risk
S2133,D/DBA/25/2143,Student_2133,Male,40,D004,3,6,3.6143,3.4211,3.5438,74,No,Yes,Not Eligible,0,Completed,Low Risk
S2134,D/COE/25/2144,Student_2134,Male,41,D003,2,3,3.5947,3.75,3.7533,92,No,Yes,Eligible,0,Completed,Low Risk
S2135,D/BSE/25/2145,Student_2135,Male,39,D001,4,8,4.0,3.9125,3.8813,76,No,Yes,Not Eligible,0,Completed,Low Risk
S2136,D/COE/25/2146,Student_2136,Male,42,D003,1,1,3.719,0.0,3.719,84,No,No,Not Eligible,0,Completed,Low Risk
S2137,D/BSE/25/2147,Student_2137,Male,39,D001,4,8,2.54,2.5375,2.6181,77,No,Yes,Not Eligible,1,Not Completed,Medium Risk
S2138,D/BCS/25/2148,Student_2138,Male,40,D002,3,5,2.7385,3.2158,2.7923,91,No,Yes,Eligible,0,Completed,Medium Risk
S2139,D/BCS/25/2149,Student_2139,Male,39,D002,4,8,4.0,3.8111,3.811,59,No,Yes,Not Eligible,0,Completed,Low Risk
S2140,D/BCS/25/2150,Student_2140,Male,42,D002,1,1,3.4762,0.0,3.4762,72,No,Yes,Not Eligible,0,Completed,Low Risk
S2141,D/DBA/25/2151,Student_2141,Male,40,D004,3,5,4.0,3.85,3.9405,82,No,Yes,Eligible,0,Completed,Low Risk
S2142,D/BSE/25/2152,Student_2142,Male,41,D001,2,3,2.64,2.0778,2.439,66,No,Yes,Not Eligible,1,Not Completed,Medium Risk
S2143,D/DBA/25/2153,Student_2143,Male,39,D004,4,7,3.2615,3.2762,3.2969,85,No,No,Not Eligible,0,Completed,Low Risk
S2144,D/COE/25/2154,Student_2144,Female,39,D003,4,7,3.4857,3.784,3.6651,91,No,Yes,Eligible,0,Completed,Low Risk
S2145,D/ICT/25/2155,Student_2145,Male,42,D005,1,2,3.695,3.2789,3.4923,84,No,Yes,Eligible,0,Completed,Low Risk
S2146,D/BCS/25/2156,Student_2146,Male,42,D002,1,2,2.4778,2.5,2.4897,76,Yes,Yes,Eligible,1,Not Completed,Medium Risk
S2147,D/ICT/25/2157,Student_2147,Female,40,D005,3,6,2.7,3.6,3.7155,93,No,Yes,Eligible,0,Completed,Low Risk
S2148,D/COE/25/2158,Student_2148,Female,42,D003,1,2,3.315,3.3095,3.3122,79,No,Yes,Not Eligible,0,Completed,Low Risk
S2149,D/DBA/25/2159,Student_2149,Male,42,D004,1,1,3.7188,0.0,3.7188,86,No,Yes,Eligible,0,Completed,Low Risk
S2150,D/BCS/25/2160,Student_2150,Female,41,D002,2,3,3.53,3.2444,3.3153,90,No,Yes,Eligible,0,Completed,Low Risk
S2151,D/ICT/25/2161,Student_2151,Male,41,D005,2,4,3.4455,3.5565,3.406,79,No,Yes,Not Eligible,0,Completed,Low Risk
S2152,D/COE/25/2162,Student_2152,Female,42,D003,1,2,3.635,3.8762,3.7585,91,No,Yes,Eligible,0,Completed,Low Risk
S2153,D/DBA/25/2163,Student_2153,Female,39,D004,4,8,4.0,3.9231,3.8264,85,No,Yes,Eligible,0,Completed,Low Risk
S2154,D/COE/25/2164,Student_2154,Male,39,D003,4,8,4.0,3.4381,3.5916,87,No,Yes,Eligible,0,Completed,Low Risk
S2155,D/BCS/25/2165,Student_2155,Male,40,D002,3,6,3.7346,3.6385,3.6992,98,No,Yes,Eligible,0,Completed,Low Risk
S2156,D/BCS/25/2166,Student_2156,Male,41,D002,2,4,3.7737,3.68,3.7641,93,No,Yes,Eligible,0,Completed,Low Risk
S2157,D/BCS/25/2167,Student_2157,Male,40,D002,3,6,3.8231,3.5538,3.6985,83,No,Yes,Eligible,0,Completed,Low Risk
S2158,D/COE/25/2168,Student_2158,Male,41,D003,2,4,4.0,3.9368,3.9772,96,No,Yes,Eligible,0,Completed,Low Risk
S2159,D/COE/25/2169,Student_2159,Male,39,D003,4,8,2.46,2.5381,2.6617,87,No,Yes,Eligible,0,Completed,Medium Risk
S2160,D/COE/25/2170,Student_2160,Female,42,D003,1,2,3.11,3.0619,3.0854,85,No,Yes,Eligible,0,Completed,Low Risk
S2161,D/BSE/25/2171,Student_2161,Female,41,D001,2,4,3.9526,4.0,3.9885,82,No,No,Not Eligible,0,Completed,Low Risk
S2162,D/BCS/25/2172,Student_2162,Male,40,D002,3,5,3.5615,3.5947,3.5942,84,No,Yes,Eligible,0,Completed,Low Risk
S2163,D/BCS/25/2173,Student_2163,Male,39,D002,4,8,3.88,2.8556,3.2012,86,No,Yes,Eligible,0,Completed,Low Risk
S2164,D/ICT/25/2174,Student_2164,Male,41,D005,2,4,3.4864,3.4348,3.4167,83,No,Yes,Eligible,0,Completed,Low Risk
S2165,D/BSE/25/2175,Student_2165,Male,42,D001,1,1,2.9095,0.0,2.9095,73,Yes,Yes,Eligible,0,Completed,Medium Risk
S2166,D/BSE/25/2176,Student_2166,Male,41,D001,2,4,3.7579,3.88,3.7051,88,No,Yes,Eligible,0,Completed,Low Risk
S2167,D/BCS/25/2177,Student_2167,Male,40,D002,3,6,3.2115,3.2,3.2385,80,No,Yes,Eligible,0,Completed,Low Risk
S2168,D/BCS/25/2178,Student_2168,Male,41,D002,2,3,3.07,3.3778,3.1864,85,No,Yes,Eligible,0,Completed,Low Risk
S2169,D/COE/25/2179,Student_2169,Male,41,D003,2,4,4.0,3.9684,3.9848,98,No,Yes,Eligible,0,Completed,Low Risk
S2170,D/BCS/25/2180,Student_2170,Male,42,D002,1,1,3.9333,0.0,3.9333,68,No,Yes,Not Eligible,0,Completed,Low Risk
S2171,D/BSE/25/2181,Student_2171,Male,41,D001,2,4,3.9684,3.78,3.8538,96,No,Yes,Eligible,0,Completed,Low Risk
S2172,D/ICT/25/2182,Student_2172,Male,41,D005,2,3,3.513,3.195,3.3806,82,No,Yes,Eligible,0,Completed,Low Risk
S2173,D/BSE/25/2183,Student_2173,Male,41,D001,2,4,3.8474,3.67,3.8179,82,No,Yes,Eligible,0,Completed,Low Risk
S2174,D/ICT/25/2184,Student_2174,Female,40,D005,3,5,2.96,2.9727,3.0865,72,No,No,Not Eligible,0,Completed,Low Risk
S2175,D/ICT/25/2185,Student_2175,Male,42,D005,1,1,3.9263,0.0,3.9263,81,No,Yes,Eligible,0,Completed,Low Risk
S2176,D/BCS/25/2186,Student_2176,Male,42,D002,1,1,2.5381,0.0,2.5381,100,No,Yes,Eligible,0,Completed,Medium Risk
S2177,D/ICT/25/2187,Student_2177,Female,40,D005,3,5,2.855,2.3227,2.4538,86,No,Yes,Eligible,2,Not Completed,High Risk
S2178,D/BCS/25/2188,Student_2178,Male,42,D002,1,2,4.0,3.5095,3.7359,94,No,Yes,Eligible,0,Completed,Low Risk
S2179,D/DBA/25/2189,Student_2179,Female,42,D004,1,2,3.3176,3.725,3.5152,66,No,Yes,Not Eligible,0,Completed,Low Risk
S2180,D/DBA/25/2190,Student_2180,Male,40,D004,3,5,3.5526,3.8071,3.5583,88,No,Yes,Eligible,0,Completed,Low Risk
S2181,D/COE/25/2191,Student_2181,Female,42,D003,1,1,3.7667,0.0,3.7667,73,No,Yes,Not Eligible,0,Completed,Low Risk
S2182,D/ICT/25/2192,Student_2182,Male,42,D005,1,2,2.685,2.6526,2.6692,83,No,Yes,Eligible,0,Completed,Medium Risk
S2183,D/DBA/25/2193,Student_2183,Female,42,D004,1,2,2.9824,2.9687,2.9758,94,No,Yes,Eligible,0,Completed,Medium Risk
S2184,D/DBA/25/2194,Student_2184,Female,40,D004,3,5,3.2737,3.8357,3.3417,87,No,Yes,Eligible,0,Completed,Low Risk
S2185,D/COE/25/2195,Student_2185,Male,39,D003,4,8,2.48,2.8143,2.1784,82,No,Yes,Eligible,5,Not Completed,High Risk
S2186,D/DBA/25/2196,Student_2186,Male,42,D004,1,1,2.3937,0.0,2.3937,90,No,Yes,Eligible,0,Completed,Medium Risk
S2187,D/BSE/25/2197,Student_2187,Female,42,D001,1,2,2.9056,2.6619,2.7744,94,No,Yes,Eligible,0,Completed,Medium Risk
S2188,D/BSE/25/2198,Student_2188,Male,40,D001,3,5,3.3538,3.3579,3.3308,100,No,Yes,Eligible,0,Completed,Low Risk
S2189,D/BSE/25/2199,Student_2189,Male,40,D001,3,5,3.1154,2.8368,2.9548,73,No,Yes,Not Eligible,0,Completed,Medium Risk
S2190,D/ICT/25/2200,Student_2190,Female,42,D005,1,1,2.8316,0.0,2.8316,87,No,Yes,Eligible,0,Completed,Medium Risk
S2191,D/BCS/25/2201,Student_2191,Male,41,D002,2,4,3.4737,3.27,3.2962,84,No,Yes,Eligible,0,Completed,Low Risk
S2192,D/BCS/25/2202,Student_2192,Female,40,D002,3,5,2.5615,3.4158,2.9673,88,No,Yes,Eligible,1,Not Completed,Medium Risk
S2193,D/BSE/25/2203,Student_2193,Male,39,D001,4,7,1.825,1.908,1.9903,81,No,Yes,Eligible,3,Not Completed,High Risk
S2194,D/BCS/25/2204,Student_2194,Male,41,D002,2,3,2.56,2.5167,2.6644,90,No,Yes,Eligible,0,Completed,Medium Risk
S2195,D/ICT/25/2205,Student_2195,Male,42,D005,1,1,2.7737,0.0,2.7737,100,No,Yes,Eligible,0,Completed,Medium Risk
S2196,D/COE/25/2206,Student_2196,Male,42,D003,1,2,3.97,3.5762,3.7683,87,No,Yes,Eligible,0,Completed,Low Risk
S2197,D/DBA/25/2207,Student_2197,Female,41,D004,2,4,3.7571,3.8889,3.7892,82,No,Yes,Eligible,0,Completed,Low Risk
S2198,D/BCS/25/2208,Student_2198,Female,41,D002,2,3,3.77,3.1889,3.5017,93,No,Yes,Eligible,0,Completed,Low Risk
S2199,D/DBA/25/2209,Student_2199,Female,40,D004,3,5,3.8474,4.0,3.8298,71,No,Yes,Not Eligible,0,Completed,Low Risk
S2200,D/BSE/25/2210,Student_2200,Female,40,D001,3,6,3.468,3.6308,3.5488,76,Yes,Yes,Eligible,0,Completed,Low Risk
S2201,D/DBA/25/2211,Student_2201,Female,39,D004,4,7,3.0846,3.1952,3.1504,91,No,Yes,Eligible,0,Completed,Low Risk
S2202,D/BSE/25/2212,Student_2202,Male,42,D001,1,2,2.1556,2.5476,2.3667,82,No,Yes,Eligible,1,Not Completed,Medium Risk
S2203,D/DBA/25/2213,Student_2203,Female,41,D004,2,3,3.9,3.8588,3.7275,90,No,Yes,Eligible,0,Completed,Low Risk
S2204,D/BCS/25/2214,Student_2204,Female,39,D002,4,7,3.6,3.6462,3.5872,73,No,Yes,Not Eligible,0,Completed,Low Risk
S2205,D/BCS/25/2215,Student_2205,Male,40,D002,3,5,3.1385,3.1,2.9346,93,No,Yes,Eligible,0,Completed,Medium Risk
S2206,D/COE/25/2216,Student_2206,Male,41,D003,2,4,3.5895,3.8316,3.7481,91,No,Yes,Eligible,0,Completed,Low Risk
S2207,D/BCS/25/2217,Student_2207,Male,40,D002,3,5,3.4538,3.2211,3.5375,90,No,Yes,Eligible,0,Completed,Low Risk
S2208,D/BCS/25/2218,Student_2208,Male,41,D002,2,3,3.73,3.9833,3.7797,76,Yes,Yes,Eligible,0,Completed,Low Risk
S2209,D/BCS/25/2219,Student_2209,Male,40,D002,3,5,2.7692,2.6421,2.6298,80,No,Yes,Eligible,1,Not Completed,Medium Risk
S2210,D/ICT/25/2220,Student_2210,Male,41,D005,2,4,3.5545,3.6174,3.4714,83,No,Yes,Eligible,0,Completed,Low Risk
S2211,D/BSE/25/2221,Student_2211,Male,40,D001,3,5,3.1769,3.2474,3.2519,88,No,Yes,Eligible,0,Completed,Low Risk
S2212,D/BSE/25/2222,Student_2212,Male,42,D001,1,1,2.6762,0.0,2.6762,85,No,Yes,Eligible,1,Not Completed,Medium Risk
S2213,D/BSE/25/2223,Student_2213,Male,42,D001,1,1,3.9,0.0,3.9,88,No,Yes,Eligible,0,Completed,Low Risk
S2214,D/BCS/25/2224,Student_2214,Male,42,D002,1,1,3.7286,0.0,3.7286,77,No,Yes,Not Eligible,0,Completed,Low Risk
S2215,D/BSE/25/2225,Student_2215,Male,42,D001,1,2,2.9389,3.4905,3.2359,78,No,No,Not Eligible,0,Completed,Low Risk
S2216,D/ICT/25/2226,Student_2216,Male,40,D005,3,6,1.7,1.855,2.08,91,No,Yes,Eligible,5,Not Completed,High Risk
S2217,D/DBA/25/2227,Student_2217,Male,42,D004,1,2,3.9647,3.7562,3.8636,74,No,Yes,Not Eligible,0,Completed,Low Risk
S2218,D/DBA/25/2228,Student_2218,Female,42,D004,1,1,3.2563,0.0,3.2563,80,No,Yes,Eligible,0,Completed,Low Risk
S2219,D/ICT/25/2229,Student_2219,Female,41,D005,2,4,2.7591,3.0348,3.0071,80,No,Yes,Eligible,0,Completed,Low Risk
S2220,D/BCS/25/2230,Student_2220,Male,42,D002,1,1,3.7714,0.0,3.7714,73,No,Yes,Not Eligible,0,Completed,Low Risk
S2221,D/BCS/25/2231,Student_2221,Male,40,D002,3,5,3.1692,2.9895,2.9577,98,No,Yes,Eligible,0,Completed,Medium Risk
S2222,D/ICT/25/2232,Student_2222,Male,42,D005,1,1,2.4579,0.0,2.4579,87,No,Yes,Eligible,0,Completed,Medium Risk
S2223,D/COE/25/2233,Student_2223,Male,42,D003,1,1,2.1714,0.0,2.1714,82,No,Yes,Eligible,2,Not Completed,High Risk
S2224,D/COE/25/2234,Student_2224,Male,41,D003,2,3,3.3211,3.03,3.1867,89,No,Yes,Eligible,0,Completed,Low Risk
S2225,D/BCS/25/2235,Student_2225,Male,41,D002,2,4,3.0211,3.44,3.1769,78,No,Yes,Not Eligible,0,Completed,Low Risk
S2226,D/COE/25/2236,Student_2226,Female,42,D003,1,2,3.375,3.2571,3.3146,76,No,Yes,Not Eligible,0,Completed,Low Risk
S2227,D/BCS/25/2237,Student_2227,Male,39,D002,4,8,2.98,3.5889,3.3184,60,No,Yes,Not Eligible,0,Completed,Low Risk
S2228,D/BSE/25/2238,Student_2228,Male,42,D001,1,1,3.619,0.0,3.619,83,No,Yes,Eligible,0,Completed,Low Risk
S2229,D/DBA/25/2239,Student_2229,Female,39,D004,4,8,3.0,2.8538,2.8071,75,No,Yes,Not Eligible,1,Not Completed,Medium Risk
S2230,D/BCS/25/2240,Student_2230,Male,40,D002,3,6,3.3154,3.1308,3.1554,86,No,No,Not Eligible,0,Completed,Low Risk
S2231,D/ICT/25/2241,Student_2231,Male,41,D005,2,4,3.3909,3.713,3.5274,81,No,Yes,Eligible,0,Completed,Low Risk
S2232,D/BSE/25/2242,Student_2232,Male,41,D001,2,4,3.6263,3.56,3.5115,100,No,Yes,Eligible,0,Completed,Low Risk
S2233,D/ICT/25/2243,Student_2233,Male,42,D005,1,2,3.75,4.0,3.8718,77,No,Yes,Not Eligible,0,Completed,Low Risk
S2234,D/ICT/25/2244,Student_2234,Male,41,D005,2,4,2.8955,2.9087,2.8286,100,No,Yes,Eligible,2,Not Completed,High Risk
S2235,D/BSE/25/2245,Student_2235,Male,39,D001,4,7,3.4625,3.296,3.5559,78,No,Yes,Not Eligible,0,Completed,Low Risk
S2236,D/BCS/25/2246,Student_2236,Male,39,D002,4,7,3.3778,3.2923,3.4838,98,No,Yes,Eligible,0,Completed,Low Risk
S2237,D/COE/25/2247,Student_2237,Female,40,D003,3,6,2.356,2.6111,2.3863,75,No,Yes,Not Eligible,4,Not Completed,High Risk
S2238,D/BSE/25/2248,Student_2238,Male,41,D001,2,3,3.48,3.3611,3.4559,69,Yes,Yes,Eligible,0,Completed,Low Risk
S2239,D/BSE/25/2249,Student_2239,Female,42,D001,1,2,3.0278,3.5048,3.2846,55,No,Yes,Not Eligible,0,Completed,Low Risk
S2240,D/BSE/25/2250,Student_2240,Female,42,D001,1,1,3.781,0.0,3.781,87,No,Yes,Eligible,0,Completed,Low Risk
S2241,D/BCS/25/2251,Student_2241,Male,41,D002,2,4,3.8947,3.93,3.7654,84,No,Yes,Eligible,0,Completed,Low Risk
S2242,D/BCS/25/2252,Student_2242,Male,41,D002,2,4,3.2053,2.9,3.1359,83,No,Yes,Eligible,0,Completed,Low Risk
S2243,D/ICT/25/2253,Student_2243,Male,40,D005,3,5,3.57,3.3045,3.45,77,No,Yes,Not Eligible,0,Completed,Low Risk
S2244,D/BSE/25/2254,Student_2244,Female,41,D001,2,3,3.64,3.7722,3.7627,92,No,Yes,Eligible,0,Completed,Low Risk
S2245,D/BCS/25/2255,Student_2245,Male,42,D002,1,2,3.7611,3.6714,3.7128,80,No,Yes,Eligible,0,Completed,Low Risk
S2246,D/DBA/25/2256,Student_2246,Male,42,D004,1,2,3.5765,3.2125,3.4,76,No,Yes,Not Eligible,0,Completed,Low Risk
S2247,D/BSE/25/2257,Student_2247,Female,42,D001,1,1,3.1762,0.0,3.1762,78,No,Yes,Not Eligible,0,Completed,Low Risk
S2248,D/BCS/25/2258,Student_2248,Male,41,D002,2,4,3.8947,4.0,3.9282,87,No,Yes,Eligible,0,Completed,Low Risk
S2249,D/BCS/25/2259,Student_2249,Male,41,D002,2,4,2.6,2.82,2.8769,79,No,Yes,Not Eligible,0,Completed,Medium Risk
S2250,D/BSE/25/2260,Student_2250,Female,42,D001,1,1,2.8429,0.0,2.8429,85,No,No,Not Eligible,0,Completed,Medium Risk
S2251,D/COE/25/2261,Student_2251,Male,41,D003,2,3,3.9053,3.97,3.915,73,No,Yes,Not Eligible,0,Completed,Low Risk
S2252,D/BCS/25/2262,Student_2252,Male,42,D002,1,2,3.4278,3.3381,3.3795,84,No,Yes,Eligible,0,Completed,Low Risk
S2253,D/DBA/25/2263,Student_2253,Female,40,D004,3,5,3.5263,3.7071,3.3036,100,No,Yes,Eligible,0,Completed,Low Risk
S2254,D/DBA/25/2264,Student_2254,Male,40,D004,3,6,4.0,3.6789,3.7562,100,No,Yes,Eligible,0,Completed,Low Risk
S2255,D/BCS/25/2265,Student_2255,Male,40,D002,3,5,3.3923,3.9684,3.6433,84,No,Yes,Eligible,0,Completed,Low Risk
S2256,D/BSE/25/2266,Student_2256,Male,40,D001,3,6,3.428,2.7077,3.1217,75,No,Yes,Not Eligible,1,Not Completed,Low Risk
S2257,D/ICT/25/2267,Student_2257,Male,42,D005,1,2,3.955,4.0,3.9769,80,No,Yes,Eligible,0,Completed,Low Risk
S2258,D/BCS/25/2268,Student_2258,Female,41,D002,2,4,3.5895,3.8,3.6615,82,No,Yes,Eligible,0,Completed,Low Risk
S2259,D/ICT/25/2269,Student_2259,Female,42,D005,1,1,3.3842,0.0,3.3842,70,No,Yes,Not Eligible,0,Completed,Low Risk
S2260,D/COE/25/2270,Student_2260,Female,40,D003,3,6,3.664,3.1667,3.384,89,No,Yes,Eligible,0,Completed,Low Risk
S2261,D/DBA/25/2271,Student_2261,Male,39,D004,4,8,4.0,3.5846,3.7093,85,No,Yes,Eligible,0,Completed,Low Risk
S2262,D/ICT/25/2272,Student_2262,Female,40,D005,3,5,2.745,3.1455,2.8875,83,No,Yes,Eligible,0,Completed,Medium Risk
S2263,D/DBA/25/2273,Student_2263,Female,42,D004,1,2,3.0294,3.4688,3.2424,100,No,Yes,Eligible,0,Completed,Low Risk
S2264,D/COE/25/2274,Student_2264,Male,39,D003,4,7,3.1762,3.656,3.5632,90,No,Yes,Eligible,0,Completed,Low Risk
S2265,D/ICT/25/2275,Student_2265,Male,39,D005,4,8,3.02,3.2333,3.1383,66,No,Yes,Not Eligible,0,Completed,Low Risk
S2266,D/ICT/25/2276,Student_2266,Female,39,D005,4,7,1.7875,2.7,2.3493,91,No,Yes,Eligible,2,Not Completed,High Risk
S2267,D/COE/25/2277,Student_2267,Male,41,D003,2,4,3.6684,3.6947,3.6329,96,No,Yes,Eligible,0,Completed,Low Risk
S2268,D/BSE/25/2278,Student_2268,Male,41,D001,2,3,3.37,3.3944,3.2593,72,No,No,Not Eligible,0,Completed,Low Risk
S2269,D/BSE/25/2279,Student_2269,Male,42,D001,1,1,3.519,0.0,3.519,92,No,No,Not Eligible,0,Completed,Low Risk
S2270,D/BSE/25/2280,Student_2270,Male,42,D001,1,1,3.1619,0.0,3.1619,73,No,Yes,Not Eligible,0,Completed,Low Risk
S2271,D/BSE/25/2281,Student_2271,Female,40,D001,3,5,3.5385,3.8105,3.7577,77,Yes,Yes,Eligible,0,Completed,Low Risk
S2272,D/BCS/25/2282,Student_2272,Male,39,D002,4,8,2.38,2.9667,3.1239,94,No,Yes,Eligible,1,Not Completed,Low Risk
S2273,D/DBA/25/2283,Student_2273,Female,42,D004,1,2,3.5471,3.5,3.5242,86,No,Yes,Eligible,0,Completed,Low Risk
S2274,D/COE/25/2284,Student_2274,Female,40,D003,3,6,3.476,3.5778,3.555,87,No,Yes,Eligible,0,Completed,Low Risk
S2275,D/BSE/25/2285,Student_2275,Female,41,D001,2,4,3.2474,3.14,3.2,87,No,Yes,Eligible,0,Completed,Low Risk
S2276,D/DBA/25/2286,Student_2276,Male,42,D004,1,1,3.0562,0.0,3.0562,84,No,Yes,Eligible,0,Completed,Low Risk
S2277,D/BCS/25/2287,Student_2277,Male,42,D002,1,1,2.8714,0.0,2.8714,82,No,Yes,Eligible,0,Completed,Medium Risk
S2278,D/BCS/25/2288,Student_2278,Male,42,D002,1,1,2.681,0.0,2.681,85,No,Yes,Eligible,0,Completed,Medium Risk
S2279,D/BSE/25/2289,Student_2279,Male,42,D001,1,1,3.6857,0.0,3.6857,84,No,Yes,Eligible,0,Completed,Low Risk
S2280,D/COE/25/2290,Student_2280,Female,41,D003,2,4,3.9684,4.0,3.981,76,Yes,No,Not Eligible,0,Completed,Low Risk
S2281,D/BCS/25/2291,Student_2281,Female,42,D002,1,1,2.9619,0.0,2.9619,84,No,Yes,Eligible,0,Completed,Medium Risk
S2282,D/ICT/25/2292,Student_2282,Male,40,D005,3,5,3.58,3.5955,3.6635,87,No,Yes,Eligible,0,Completed,Low Risk
S2283,D/BSE/25/2293,Student_2283,Male,41,D001,2,4,2.9368,3.24,2.8449,100,No,Yes,Eligible,1,Not Completed,Medium Risk
S2284,D/ICT/25/2294,Student_2284,Male,39,D005,4,8,3.32,3.3292,3.1523,69,No,Yes,Not Eligible,0,Completed,Low Risk
S2285,D/BSE/25/2295,Student_2285,Male,39,D001,4,8,2.88,3.175,2.9438,98,No,Yes,Eligible,0,Completed,Medium Risk
S2286,D/ICT/25/2296,Student_2286,Male,40,D005,3,5,3.22,3.2955,3.1163,100,No,Yes,Eligible,0,Completed,Low Risk
S2287,D/BCS/25/2297,Student_2287,Female,42,D002,1,1,3.2619,0.0,3.2619,86,No,Yes,Eligible,0,Completed,Low Risk
S2288,D/ICT/25/2298,Student_2288,Male,39,D005,4,7,3.4333,4.0,3.7097,79,Yes,Yes,Eligible,0,Completed,Low Risk
S2289,D/BSE/25/2299,Student_2289,Female,41,D001,2,4,2.6368,2.74,2.6462,69,No,Yes,Not Eligible,1,Not Completed,Medium Risk
S2290,D/DBA/25/2300,Student_2290,Female,40,D004,3,6,3.0571,3.4316,3.2867,90,No,Yes,Eligible,0,Completed,Low Risk
S2291,D/BCS/25/2301,Student_2291,Male,39,D002,4,8,2.7,2.7444,2.9933,85,No,Yes,Eligible,0,Completed,Medium Risk
S2292,D/BSE/25/2302,Student_2292,Male,42,D001,1,1,3.819,0.0,3.819,70,No,Yes,Not Eligible,0,Completed,Low Risk
S2293,D/COE/25/2303,Student_2293,Female,39,D003,4,7,2.7619,2.804,2.7401,69,No,Yes,Not Eligible,0,Completed,Medium Risk
S2294,D/BSE/25/2304,Student_2294,Male,42,D001,1,2,3.7278,3.6238,3.6718,91,No,Yes,Eligible,0,Completed,Low Risk
S2295,D/DBA/25/2305,Student_2295,Male,41,D004,2,3,2.5667,1.8529,2.4647,78,No,Yes,Not Eligible,1,Not Completed,Medium Risk
S2296,D/BSE/25/2306,Student_2296,Male,40,D001,3,6,3.556,3.1692,3.3876,75,No,Yes,Not Eligible,0,Completed,Low Risk
S2297,D/ICT/25/2307,Student_2297,Female,40,D005,3,6,2.3,3.795,3.6118,90,No,Yes,Eligible,0,Completed,Low Risk
S2298,D/BCS/25/2308,Student_2298,Female,41,D002,2,4,3.8947,3.7,3.7397,89,No,Yes,Eligible,0,Completed,Low Risk
S2299,D/ICT/25/2309,Student_2299,Female,42,D005,1,2,3.015,3.0632,3.0385,85,No,Yes,Eligible,0,Completed,Low Risk
S2300,D/BSE/25/2310,Student_2300,Male,42,D001,1,1,3.9,0.0,3.9,75,No,Yes,Not Eligible,0,Completed,Low Risk
S2301,D/BSE/25/2311,Student_2301,Male,40,D001,3,6,3.864,3.7462,3.7519,85,No,Yes,Eligible,0,Completed,Low Risk
S2302,D/BSE/25/2312,Student_2302,Male,39,D001,4,7,3.8375,3.788,3.6662,72,No,Yes,Not Eligible,0,Completed,Low Risk
S2303,D/COE/25/2313,Student_2303,Male,41,D003,2,3,3.5,3.67,3.6317,89,No,Yes,Eligible,0,Completed,Low Risk
S2304,D/DBA/25/2314,Student_2304,Male,39,D004,4,8,4.0,3.8692,3.9071,91,No,No,Not Eligible,0,Completed,Low Risk
S2305,D/BSE/25/2315,Student_2305,Female,42,D001,1,2,3.4778,3.9,3.7051,79,No,Yes,Not Eligible,0,Completed,Low Risk
S2306,D/DBA/25/2316,Student_2306,Male,40,D004,3,5,3.5474,3.6429,3.4238,95,No,No,Not Eligible,0,Completed,Low Risk
S2307,D/BSE/25/2317,Student_2307,Male,40,D001,3,6,3.576,3.2615,3.3891,92,No,Yes,Eligible,0,Completed,Low Risk
S2308,D/BSE/25/2318,Student_2308,Female,39,D001,4,7,3.1625,3.02,2.9593,77,No,Yes,Not Eligible,0,Completed,Medium Risk
S2309,D/BSE/25/2319,Student_2309,Male,41,D001,2,4,3.8526,3.97,3.9231,90,No,Yes,Eligible,0,Completed,Low Risk
S2310,D/BSE/25/2320,Student_2310,Male,41,D001,2,3,2.16,2.0722,2.2254,91,No,Yes,Eligible,2,Not Completed,High Risk
S2311,D/BCS/25/2321,Student_2311,Male,42,D002,1,1,3.3524,0.0,3.3524,77,No,Yes,Not Eligible,0,Completed,Low Risk
S2312,D/BCS/25/2322,Student_2312,Male,41,D002,2,3,3.34,3.3,3.1153,74,Yes,Yes,Eligible,0,Completed,Low Risk
S2313,D/BSE/25/2323,Student_2313,Male,41,D001,2,3,4.0,3.8889,3.9085,100,No,Yes,Eligible,0,Completed,Low Risk
S2314,D/COE/25/2324,Student_2314,Male,42,D003,1,1,3.9714,0.0,3.9714,88,No,Yes,Eligible,0,Completed,Low Risk
S2315,D/BSE/25/2325,Student_2315,Female,41,D001,2,3,3.84,3.8833,3.8864,87,No,Yes,Eligible,0,Completed,Low Risk
S2316,D/ICT/25/2326,Student_2316,Male,42,D005,1,1,3.4158,0.0,3.4158,95,No,Yes,Eligible,0,Completed,Low Risk
S2317,D/BSE/25/2327,Student_2317,Male,41,D001,2,3,2.78,2.95,2.6898,99,No,Yes,Eligible,0,Completed,Medium Risk
S2318,D/COE/25/2328,Student_2318,Female,42,D003,1,1,3.4857,0.0,3.4857,69,Yes,Yes,Eligible,0,Completed,Low Risk
S2319,D/DBA/25/2329,Student_2319,Female,39,D004,4,7,3.5692,3.2667,3.4344,83,No,Yes,Eligible,0,Completed,Low Risk
S2320,D/COE/25/2330,Student_2320,Male,39,D003,4,7,3.4048,3.16,3.1586,85,No,Yes,Eligible,0,Completed,Low Risk
S2321,D/DBA/25/2331,Student_2321,Male,40,D004,3,6,3.6714,3.7263,3.6552,80,No,Yes,Eligible,0,Completed,Low Risk
S2322,D/BCS/25/2332,Student_2322,Male,39,D002,4,8,4.0,3.5889,3.7215,80,No,Yes,Eligible,0,Completed,Low Risk
S2323,D/COE/25/2333,Student_2323,Female,42,D003,1,1,2.619,0.0,2.619,86,No,Yes,Eligible,1,Not Completed,Medium Risk
S2324,D/BSE/25/2334,Student_2324,Male,40,D001,3,6,3.412,3.1769,3.3248,97,No,Yes,Eligible,0,Completed,Low Risk
S2325,D/BSE/25/2335,Student_2325,Male,40,D001,3,6,3.72,3.4615,3.5519,78,No,Yes,Not Eligible,0,Completed,Low Risk
S2326,D/BCS/25/2336,Student_2326,Female,40,D002,3,5,3.9538,4.0,3.9692,82,No,Yes,Eligible,0,Completed,Low Risk
S2327,D/BSE/25/2337,Student_2327,Male,40,D001,3,5,3.6385,3.7579,3.6971,100,No,Yes,Eligible,0,Completed,Low Risk
S2328,D/BCS/25/2338,Student_2328,Male,41,D002,2,4,3.9684,3.7,3.8923,79,No,Yes,Not Eligible,0,Completed,Low Risk
S2329,D/ICT/25/2339,Student_2329,Female,39,D005,4,7,2.8458,3.7,2.7873,84,No,Yes,Eligible,1,Not Completed,Medium Risk
S2330,D/BSE/25/2340,Student_2330,Male,41,D001,2,3,3.84,3.7056,3.7797,80,No,Yes,Eligible,0,Completed,Low Risk
S2331,D/BCS/25/2341,Student_2331,Female,41,D002,2,3,3.9,3.8389,3.7966,65,No,Yes,Not Eligible,0,Completed,Low Risk
S2332,D/ICT/25/2342,Student_2332,Male,41,D005,2,3,3.3304,3.225,3.2129,86,No,Yes,Eligible,0,Completed,Low Risk
S2333,D/BCS/25/2343,Student_2333,Male,42,D002,1,2,3.8944,3.9429,3.9205,85,No,Yes,Eligible,0,Completed,Low Risk
S2334,D/BSE/25/2344,Student_2334,Female,42,D001,1,1,3.3143,0.0,3.3143,80,No,Yes,Eligible,0,Completed,Low Risk
S2335,D/BSE/25/2345,Student_2335,Male,40,D001,3,5,3.9769,3.9684,3.9596,87,No,Yes,Eligible,0,Completed,Low Risk
S2336,D/BSE/25/2346,Student_2336,Male,42,D001,1,2,3.9278,3.8238,3.8718,91,No,Yes,Eligible,0,Completed,Low Risk
S2337,D/ICT/25/2347,Student_2337,Male,40,D005,3,5,3.52,2.8864,3.3404,92,No,Yes,Eligible,0,Completed,Low Risk
S2338,D/BSE/25/2348,Student_2338,Male,42,D001,1,1,3.4476,0.0,3.4476,83,No,Yes,Eligible,0,Completed,Low Risk
S2339,D/BSE/25/2349,Student_2339,Female,41,D001,2,4,3.4684,3.14,3.1295,86,No,Yes,Eligible,1,Not Completed,Low Risk
S2340,D/DBA/25/2350,Student_2340,Female,42,D004,1,2,3.5765,4.0,3.7818,74,No,Yes,Not Eligible,0,Completed,Low Risk
S2341,D/COE/25/2351,Student_2341,Male,39,D003,4,8,3.2,2.9571,2.9174,96,No,Yes,Eligible,0,Completed,Medium Risk
S2342,D/BSE/25/2352,Student_2342,Male,42,D001,1,2,3.9444,3.9048,3.9231,68,No,No,Not Eligible,0,Completed,Low Risk
S2343,D/COE/25/2353,Student_2343,Male,42,D003,1,1,3.4857,0.0,3.4857,100,No,Yes,Eligible,0,Completed,Low Risk
S2344,D/COE/25/2354,Student_2344,Male,39,D003,4,7,3.9333,4.0,3.9908,87,No,Yes,Eligible,0,Completed,Low Risk
S2345,D/BSE/25/2355,Student_2345,Female,41,D001,2,3,3.94,3.8222,3.8814,76,No,Yes,Not Eligible,0,Completed,Low Risk
S2346,D/BSE/25/2356,Student_2346,Male,39,D001,4,7,3.125,2.768,2.7517,91,No,Yes,Eligible,0,Completed,Medium Risk
S2347,D/BSE/25/2357,Student_2347,Male,42,D001,1,1,3.3905,0.0,3.3905,75,Yes,Yes,Eligible,0,Completed,Low Risk
S2348,D/BSE/25/2358,Student_2348,Male,40,D001,3,5,3.7769,3.1316,3.5788,95,No,Yes,Eligible,0,Completed,Low Risk
S2349,D/ICT/25/2359,Student_2349,Male,42,D005,1,2,2.45,2.3053,2.3795,97,No,Yes,Eligible,0,Completed,Medium Risk
S2350,D/BSE/25/2360,Student_2350,Male,42,D001,1,1,3.5381,0.0,3.5381,100,No,Yes,Eligible,0,Completed,Low Risk
S2351,D/BCS/25/2361,Student_2351,Male,40,D002,3,6,2.6769,2.9231,2.7731,93,No,Yes,Eligible,0,Completed,Medium Risk
S2352,D/ICT/25/2362,Student_2352,Female,41,D005,2,4,3.7136,3.8565,3.8429,70,Yes,Yes,Eligible,0,Completed,Low Risk
S2353,D/BSE/25/2363,Student_2353,Male,41,D001,2,4,2.3,2.27,2.3154,86,No,Yes,Eligible,1,Not Completed,Medium Risk
S2354,D/BCS/25/2364,Student_2354,Male,41,D002,2,4,3.4158,3.52,3.5423,94,No,Yes,Eligible,0,Completed,Low Risk
S2355,D/COE/25/2365,Student_2355,Male,41,D003,2,3,2.6632,2.455,2.5633,100,No,Yes,Eligible,0,Completed,Medium Risk
S2356,D/BSE/25/2366,Student_2356,Female,42,D001,1,2,3.2556,3.1476,3.1974,88,No,Yes,Eligible,0,Completed,Low Risk
S2357,D/DBA/25/2367,Student_2357,Female,40,D004,3,6,2.8952,2.7842,2.7171,95,No,Yes,Eligible,1,Not Completed,Medium Risk
S2358,D/BSE/25/2368,Student_2358,Male,41,D001,2,4,4.0,3.87,3.9115,100,No,Yes,Eligible,0,Completed,Low Risk
S2359,D/ICT/25/2369,Student_2359,Male,40,D005,3,5,3.605,3.6,3.6385,80,No,No,Not Eligible,0,Completed,Low Risk
S2360,D/BSE/25/2370,Student_2360,Male,42,D001,1,2,3.2389,3.681,3.4769,77,No,Yes,Not Eligible,0,Completed,Low Risk
S2361,D/DBA/25/2371,Student_2361,Male,40,D004,3,5,3.6895,3.5143,3.5155,92,No,No,Not Eligible,0,Completed,Low Risk
S2362,D/BCS/25/2372,Student_2362,Female,42,D002,1,2,3.9333,3.9429,3.9385,90,No,Yes,Eligible,0,Completed,Low Risk
S2363,D/BCS/25/2373,Student_2363,Female,42,D002,1,2,3.25,3.5905,3.4333,67,No,Yes,Not Eligible,0,Completed,Low Risk
S2364,D/ICT/25/2374,Student_2364,Female,40,D005,3,5,2.53,2.5727,2.624,91,No,Yes,Eligible,1,Not Completed,Medium Risk
S2365,D/DBA/25/2375,Student_2365,Female,42,D004,1,1,3.225,0.0,3.225,99,No,Yes,Eligible,0,Completed,Low Risk
S2366,D/ICT/25/2376,Student_2366,Male,42,D005,1,2,3.805,3.8211,3.8128,90,No,Yes,Eligible,0,Completed,Low Risk
S2367,D/DBA/25/2377,Student_2367,Male,41,D004,2,4,3.3786,3.4722,3.3554,75,Yes,Yes,Eligible,0,Completed,Low Risk
S2368,D/BSE/25/2378,Student_2368,Male,40,D001,3,6,3.392,3.6154,3.5031,84,No,Yes,Eligible,0,Completed,Low Risk
S2369,D/ICT/25/2379,Student_2369,Male,42,D005,1,1,3.1158,0.0,3.1158,82,No,Yes,Eligible,0,Completed,Low Risk
S2370,D/BCS/25/2380,Student_2370,Female,41,D002,2,4,3.9684,3.97,3.9179,91,No,Yes,Eligible,0,Completed,Low Risk
S2371,D/COE/25/2381,Student_2371,Male,41,D003,2,4,3.7579,3.4737,3.7734,83,No,Yes,Eligible,0,Completed,Low Risk
S2372,D/COE/25/2382,Student_2372,Female,41,D003,2,3,3.2895,3.435,3.1767,88,No,Yes,Eligible,0,Completed,Low Risk
S2373,D/BCS/25/2383,Student_2373,Male,40,D002,3,6,3.5346,3.1769,3.5977,88,No,Yes,Eligible,0,Completed,Low Risk
S2374,D/BSE/25/2384,Student_2374,Male,39,D001,4,8,3.12,2.7,2.2356,68,No,Yes,Not Eligible,6,Not Completed,High Risk
S2375,D/BSE/25/2385,Student_2375,Male,42,D001,1,1,3.119,0.0,3.119,77,No,Yes,Not Eligible,0,Completed,Low Risk
S2376,D/DBA/25/2386,Student_2376,Male,39,D004,4,7,3.8231,3.5524,3.6565,89,No,Yes,Eligible,0,Completed,Low Risk
S2377,D/BCS/25/2387,Student_2377,Female,39,D002,4,8,4.0,3.7556,3.7442,100,No,Yes,Eligible,0,Completed,Low Risk
S2378,D/ICT/25/2388,Student_2378,Female,41,D005,2,3,3.287,3.785,3.3952,100,No,Yes,Eligible,0,Completed,Low Risk
S2379,D/ICT/25/2389,Student_2379,Male,42,D005,1,1,3.8158,0.0,3.8158,90,No,Yes,Eligible,0,Completed,Low Risk
S2380,D/BCS/25/2390,Student_2380,Male,41,D002,2,3,2.83,3.45,3.1661,84,No,Yes,Eligible,0,Completed,Low Risk
S2381,D/DBA/25/2391,Student_2381,Female,39,D004,4,8,3.7,3.4923,3.5964,80,No,Yes,Eligible,0,Completed,Low Risk
S2382,D/BCS/25/2392,Student_2382,Male,40,D002,3,6,3.1731,3.3154,3.2685,87,No,Yes,Eligible,0,Completed,Low Risk
S2383,D/ICT/25/2393,Student_2383,Male,41,D005,2,3,2.8043,3.09,2.8952,95,No,Yes,Eligible,0,Completed,Medium Risk
S2384,D/BSE/25/2394,Student_2384,Male,41,D001,2,3,3.51,3.6389,3.5966,78,No,Yes,Not Eligible,0,Completed,Low Risk
S2385,D/DBA/25/2395,Student_2385,Female,40,D004,3,5,3.0053,3.1786,3.0381,97,No,Yes,Eligible,0,Completed,Low Risk
S2386,D/BSE/25/2396,Student_2386,Male,42,D001,1,2,3.9444,3.7667,3.8487,97,No,Yes,Eligible,0,Completed,Low Risk
S2387,D/BCS/25/2397,Student_2387,Female,42,D002,1,1,2.7714,0.0,2.7714,87,No,Yes,Eligible,0,Completed,Medium Risk
S2388,D/BCS/25/2398,Student_2388,Male,40,D002,3,6,3.1615,3.3385,3.3246,70,No,Yes,Not Eligible,0,Completed,Low Risk
S2389,D/BSE/25/2399,Student_2389,Male,42,D001,1,1,3.2667,0.0,3.2667,97,No,Yes,Eligible,0,Completed,Low Risk
S2390,D/BSE/25/2400,Student_2390,Female,42,D001,1,2,3.3778,3.5619,3.4769,98,No,Yes,Eligible,0,Completed,Low Risk
S2391,D/ICT/25/2401,Student_2391,Female,42,D005,1,1,3.6263,0.0,3.6263,86,No,Yes,Eligible,0,Completed,Low Risk
S2392,D/BSE/25/2402,Student_2392,Male,40,D001,3,5,3.4385,3.2211,3.4654,80,No,Yes,Eligible,0,Completed,Low Risk
S2393,D/COE/25/2403,Student_2393,Male,42,D003,1,1,3.6048,0.0,3.6048,78,No,Yes,Not Eligible,0,Completed,Low Risk
S2394,D/BSE/25/2404,Student_2394,Male,42,D001,1,2,3.4278,3.4429,3.4359,76,Yes,Yes,Eligible,0,Completed,Low Risk
S2395,D/DBA/25/2405,Student_2395,Male,41,D004,2,4,3.6857,3.6222,3.5246,82,No,Yes,Eligible,0,Completed,Low Risk
S2396,D/DBA/25/2406,Student_2396,Male,40,D004,3,5,3.2579,3.6714,3.5167,95,No,Yes,Eligible,0,Completed,Low Risk
S2397,D/DBA/25/2407,Student_2397,Male,41,D004,2,4,3.1929,3.5111,3.6046,93,No,Yes,Eligible,0,Completed,Low Risk
S2398,D/BSE/25/2408,Student_2398,Female,42,D001,1,1,3.8143,0.0,3.8143,86,No,Yes,Eligible,0,Completed,Low Risk
S2399,D/BSE/25/2409,Student_2399,Female,42,D001,1,2,3.8833,3.8619,3.8718,80,No,Yes,Eligible,0,Completed,Low Risk
S2400,D/BCS/25/2410,Student_2400,Male,41,D002,2,3,2.93,3.5944,3.4051,87,No,Yes,Eligible,0,Completed,Low Risk
S2401,D/BCS/25/2411,Student_2401,Female,41,D002,2,3,3.14,3.3722,3.2,74,Yes,Yes,Eligible,0,Completed,Low Risk
S2402,D/ICT/25/2412,Student_2402,Male,41,D005,2,4,3.8455,3.8304,3.8571,71,Yes,Yes,Eligible,0,Completed,Low Risk
S2403,D/COE/25/2413,Student_2403,Male,41,D003,2,3,3.6211,3.52,3.55,78,No,Yes,Not Eligible,0,Completed,Low Risk
S2404,D/ICT/25/2414,Student_2404,Male,40,D005,3,6,4.0,3.44,3.4555,79,Yes,Yes,Eligible,0,Completed,Low Risk
S2405,D/ICT/25/2415,Student_2405,Female,40,D005,3,6,4.0,3.535,3.63,94,No,Yes,Eligible,0,Completed,Low Risk
S2406,D/DBA/25/2416,Student_2406,Male,40,D004,3,5,2.9684,2.8929,3.1333,92,No,Yes,Eligible,0,Completed,Low Risk
S2407,D/COE/25/2417,Student_2407,Male,40,D003,3,6,3.784,3.8,3.8046,83,No,No,Not Eligible,0,Completed,Low Risk
S2408,D/BSE/25/2418,Student_2408,Male,40,D001,3,6,3.264,3.1077,3.2651,79,No,Yes,Not Eligible,0,Completed,Low Risk
S2409,D/BCS/25/2419,Student_2409,Male,42,D002,1,2,2.8389,3.1762,3.0205,88,No,Yes,Eligible,0,Completed,Low Risk
S2410,D/BSE/25/2420,Student_2410,Male,42,D001,1,1,3.7905,0.0,3.7905,96,No,Yes,Eligible,0,Completed,Low Risk
S2411,D/COE/25/2421,Student_2411,Male,40,D003,3,6,3.14,2.9148,2.9794,94,No,Yes,Eligible,0,Completed,Medium Risk
S2412,D/BCS/25/2422,Student_2412,Female,41,D002,2,4,2.4789,2.59,2.3833,86,No,Yes,Eligible,3,Not Completed,High Risk
S2413,D/BSE/25/2423,Student_2413,Male,42,D001,1,2,3.4611,3.3429,3.3974,91,No,Yes,Eligible,0,Completed,Low Risk
S2414,D/ICT/25/2424,Student_2414,Female,41,D005,2,3,2.6696,1.675,2.3226,92,No,Yes,Eligible,1,Not Completed,Medium Risk
S2415,D/BCS/25/2425,Student_2415,Male,40,D002,3,5,3.7538,3.8421,3.7183,68,No,Yes,Not Eligible,0,Completed,Low Risk
S2416,D/BSE/25/2426,Student_2416,Male,40,D001,3,6,3.808,3.8538,3.8411,95,No,Yes,Eligible,0,Completed,Low Risk
S2417,D/ICT/25/2427,Student_2417,Female,39,D005,4,8,3.76,3.9625,3.902,83,No,Yes,Eligible,0,Completed,Low Risk
S2418,D/ICT/25/2428,Student_2418,Female,42,D005,1,1,3.3421,0.0,3.3421,72,Yes,Yes,Eligible,0,Completed,Low Risk
S2419,D/DBA/25/2429,Student_2419,Male,41,D004,2,3,2.9222,1.9765,2.5314,81,No,Yes,Eligible,1,Not Completed,Medium Risk
S2420,D/ICT/25/2430,Student_2420,Female,39,D005,4,7,3.3792,3.0,3.4201,73,No,Yes,Not Eligible,0,Completed,Low Risk
S2421,D/BCS/25/2431,Student_2421,Female,41,D002,2,4,2.5263,2.87,2.5782,81,No,Yes,Eligible,1,Not Completed,Medium Risk
S2422,D/BCS/25/2432,Student_2422,Male,42,D002,1,1,3.6143,0.0,3.6143,100,No,Yes,Eligible,0,Completed,Low Risk
S2423,D/DBA/25/2433,Student_2423,Female,39,D004,4,7,3.3462,3.8333,3.3641,82,No,Yes,Eligible,0,Completed,Low Risk
S2424,D/BCS/25/2434,Student_2424,Male,42,D002,1,2,2.4389,2.7,2.5795,68,No,Yes,Not Eligible,0,Completed,Medium Risk
S2425,D/ICT/25/2435,Student_2425,Male,42,D005,1,2,3.405,3.3368,3.3718,76,No,Yes,Not Eligible,0,Completed,Low Risk
S2426,D/BSE/25/2436,Student_2426,Female,41,D001,2,4,3.5474,3.3,3.541,89,No,Yes,Eligible,0,Completed,Low Risk
S2427,D/BSE/25/2437,Student_2427,Female,42,D001,1,2,3.5778,3.0048,3.2692,73,Yes,Yes,Eligible,0,Completed,Low Risk
S2428,D/DBA/25/2438,Student_2428,Male,40,D004,3,6,3.5619,3.7053,3.6971,86,No,Yes,Eligible,0,Completed,Low Risk
S2429,D/DBA/25/2439,Student_2429,Female,41,D004,2,3,3.4667,3.2118,3.5431,86,No,Yes,Eligible,0,Completed,Low Risk
S2430,D/ICT/25/2440,Student_2430,Male,40,D005,3,6,4.0,3.97,3.7391,84,No,Yes,Eligible,0,Completed,Low Risk
S2431,D/COE/25/2441,Student_2431,Male,41,D003,2,3,3.3737,3.28,3.2733,74,No,Yes,Not Eligible,0,Completed,Low Risk
S2432,D/BSE/25/2442,Student_2432,Male,42,D001,1,2,3.6556,3.619,3.6359,78,No,Yes,Not Eligible,0,Completed,Low Risk
S2433,D/ICT/25/2443,Student_2433,Male,41,D005,2,3,3.6609,3.21,3.5161,85,No,Yes,Eligible,0,Completed,Low Risk
S2434,D/ICT/25/2444,Student_2434,Female,40,D005,3,5,3.18,3.3545,3.1346,71,No,Yes,Not Eligible,0,Completed,Low Risk
S2435,D/ICT/25/2445,Student_2435,Female,42,D005,1,1,3.7526,0.0,3.7526,86,No,Yes,Eligible,0,Completed,Low Risk
S2436,D/ICT/25/2446,Student_2436,Female,42,D005,1,2,3.985,3.8579,3.9231,71,No,Yes,Not Eligible,0,Completed,Low Risk
S2437,D/BSE/25/2447,Student_2437,Male,39,D001,4,8,3.42,3.0125,3.06,86,No,Yes,Eligible,0,Completed,Low Risk
S2438,D/BCS/25/2448,Student_2438,Male,42,D002,1,2,3.1222,2.9,3.0026,79,No,Yes,Not Eligible,0,Completed,Low Risk
S2439,D/ICT/25/2449,Student_2439,Female,39,D005,4,7,4.0,4.0,3.9164,89,No,Yes,Eligible,0,Completed,Low Risk
S2440,D/BSE/25/2450,Student_2440,Male,39,D001,4,8,2.6,2.3375,2.7394,79,No,Yes,Not Eligible,0,Completed,Medium Risk
S2441,D/ICT/25/2451,Student_2441,Male,42,D005,1,2,3.41,3.2316,3.3231,73,No,Yes,Not Eligible,0,Completed,Low Risk
S2442,D/COE/25/2452,Student_2442,Male,41,D003,2,4,2.9632,3.0105,2.9114,77,No,Yes,Not Eligible,0,Completed,Medium Risk
S2443,D/BSE/25/2453,Student_2443,Male,42,D001,1,2,3.65,3.6048,3.6256,99,No,Yes,Eligible,0,Completed,Low Risk
S2444,D/BCS/25/2454,Student_2444,Male,40,D002,3,6,3.4846,3.4923,3.4377,84,No,Yes,Eligible,0,Completed,Low Risk
S2445,D/BSE/25/2455,Student_2445,Male,42,D001,1,2,3.8833,3.6714,3.7692,75,No,Yes,Not Eligible,0,Completed,Low Risk
S2446,D/BSE/25/2456,Student_2446,Female,41,D001,2,3,3.77,3.8611,3.7797,97,No,Yes,Eligible,0,Completed,Low Risk
S2447,D/ICT/25/2457,Student_2447,Male,41,D005,2,3,3.6304,3.465,3.5581,95,No,Yes,Eligible,0,Completed,Low Risk
S2448,D/BSE/25/2458,Student_2448,Female,41,D001,2,3,3.47,3.6167,3.578,95,No,Yes,Eligible,0,Completed,Low Risk
S2449,D/BSE/25/2459,Student_2449,Male,41,D001,2,3,3.5,3.3833,3.4373,89,No,Yes,Eligible,0,Completed,Low Risk
S2450,D/ICT/25/2460,Student_2450,Female,39,D005,4,7,3.6417,4.0,3.7687,65,No,Yes,Not Eligible,0,Completed,Low Risk
S2451,D/BSE/25/2461,Student_2451,Male,42,D001,1,1,2.8667,0.0,2.8667,71,No,Yes,Not Eligible,0,Completed,Medium Risk
S2452,D/COE/25/2462,Student_2452,Male,39,D003,4,7,3.3619,3.58,3.6191,68,No,Yes,Not Eligible,0,Completed,Low Risk
S2453,D/DBA/25/2463,Student_2453,Female,41,D004,2,3,2.8167,3.1235,2.949,87,No,Yes,Eligible,0,Completed,Medium Risk
S2454,D/COE/25/2464,Student_2454,Male,42,D003,1,1,3.5952,0.0,3.5952,100,No,Yes,Eligible,0,Completed,Low Risk
S2455,D/ICT/25/2465,Student_2455,Male,40,D005,3,6,4.0,2.77,3.2364,71,Yes,Yes,Eligible,0,Completed,Low Risk
S2456,D/BSE/25/2466,Student_2456,Female,41,D001,2,4,3.4158,3.66,3.6282,80,No,Yes,Eligible,0,Completed,Low Risk
S2457,D/DBA/25/2467,Student_2457,Female,42,D004,1,2,3.0412,2.525,2.7909,80,No,Yes,Eligible,0,Completed,Medium Risk
S2458,D/ICT/25/2468,Student_2458,Female,42,D005,1,2,3.085,3.2947,3.1872,90,No,Yes,Eligible,0,Completed,Low Risk
S2459,D/BCS/25/2469,Student_2459,Female,42,D002,1,2,3.9667,3.9714,3.9692,92,No,Yes,Eligible,0,Completed,Low Risk
S2460,D/BCS/25/2470,Student_2460,Male,40,D002,3,6,3.1654,3.2615,3.1523,100,No,Yes,Eligible,0,Completed,Low Risk
S2461,D/BSE/25/2471,Student_2461,Male,41,D001,2,3,3.74,3.8889,3.6966,91,No,Yes,Eligible,0,Completed,Low Risk
S2462,D/DBA/25/2472,Student_2462,Female,41,D004,2,4,3.85,3.5111,3.7077,70,No,Yes,Not Eligible,0,Completed,Low Risk
S2463,D/DBA/25/2473,Student_2463,Male,41,D004,2,3,1.9778,2.8824,2.4902,81,No,No,Not Eligible,0,Completed,Medium Risk
S2464,D/BCS/25/2474,Student_2464,Female,39,D002,4,7,3.4222,3.35,3.2696,97,No,Yes,Eligible,0,Completed,Low Risk
S2465,D/COE/25/2475,Student_2465,Female,42,D003,1,2,4.0,4.0,4.0,76,No,Yes,Not Eligible,0,Completed,Low Risk
S2466,D/BCS/25/2476,Student_2466,Male,41,D002,2,3,3.3,3.3111,3.2763,88,No,Yes,Eligible,0,Completed,Low Risk
S2467,D/ICT/25/2477,Student_2467,Male,39,D005,4,8,4.0,4.0,3.9799,86,No,Yes,Eligible,0,Completed,Low Risk
S2468,D/BCS/25/2478,Student_2468,Male,40,D002,3,5,3.4769,3.3632,3.6029,83,No,Yes,Eligible,0,Completed,Low Risk
S2469,D/COE/25/2479,Student_2469,Male,41,D003,2,3,3.7579,3.5,3.6467,82,No,Yes,Eligible,0,Completed,Low Risk
S2470,D/BCS/25/2480,Student_2470,Male,41,D002,2,4,3.9684,3.8,3.809,93,No,Yes,Eligible,0,Completed,Low Risk
S2471,D/BCS/25/2481,Student_2471,Female,42,D002,1,2,3.4778,3.2381,3.3487,66,No,Yes,Not Eligible,0,Completed,Low Risk
S2472,D/DBA/25/2482,Student_2472,Male,40,D004,3,5,3.6842,2.9357,3.3405,75,No,Yes,Not Eligible,0,Completed,Low Risk
S2473,D/BCS/25/2483,Student_2473,Female,40,D002,3,5,3.1923,3.2842,3.0067,85,No,Yes,Eligible,0,Completed,Low Risk
S2474,D/ICT/25/2484,Student_2474,Male,42,D005,1,2,2.99,2.9211,2.9564,100,No,Yes,Eligible,0,Completed,Medium Risk
S2475,D/ICT/25/2485,Student_2475,Male,40,D005,3,6,4.0,3.9,3.8673,93,No,Yes,Eligible,0,Completed,Low Risk
S2476,D/COE/25/2486,Student_2476,Male,39,D003,4,8,3.82,3.5381,3.7623,89,No,Yes,Eligible,0,Completed,Low Risk
S2477,D/BSE/25/2487,Student_2477,Male,39,D001,4,8,4.0,3.7125,3.6413,92,No,Yes,Eligible,0,Completed,Low Risk
S2478,D/BCS/25/2488,Student_2478,Male,42,D002,1,1,3.619,0.0,3.619,77,No,Yes,Not Eligible,0,Completed,Low Risk
S2479,D/ICT/25/2489,Student_2479,Male,40,D005,3,5,3.865,3.8182,3.8529,97,No,Yes,Eligible,0,Completed,Low Risk
S2480,D/BCS/25/2490,Student_2480,Male,41,D002,2,3,3.87,3.7833,3.6864,81,No,Yes,Eligible,0,Completed,Low Risk
S2481,D/BSE/25/2491,Student_2481,Male,41,D001,2,3,2.8,3.0722,2.7797,77,No,Yes,Not Eligible,1,Not Completed,Medium Risk
S2482,D/COE/25/2492,Student_2482,Male,41,D003,2,4,3.3789,3.2,3.4658,91,No,Yes,Eligible,0,Completed,Low Risk
S2483,D/BSE/25/2493,Student_2483,Male,41,D001,2,3,2.98,3.3611,3.239,93,No,Yes,Eligible,0,Completed,Low Risk
S2484,D/BCS/25/2494,Student_2484,Male,42,D002,1,1,3.1,0.0,3.1,82,No,Yes,Eligible,0,Completed,Low Risk
S2485,D/BSE/25/2495,Student_2485,Female,40,D001,3,5,3.9538,3.9684,3.9298,77,Yes,Yes,Eligible,0,Completed,Low Risk
S2486,D/BCS/25/2496,Student_2486,Female,42,D002,1,1,3.1619,0.0,3.1619,97,No,Yes,Eligible,0,Completed,Low Risk
S2487,D/BCS/25/2497,Student_2487,Female,39,D002,4,7,3.4889,3.5538,3.5257,83,No,Yes,Eligible,0,Completed,Low Risk
S2488,D/ICT/25/2498,Student_2488,Male,40,D005,3,6,3.3,2.685,2.78,83,No,Yes,Eligible,0,Completed,Medium Risk
S2489,D/BCS/25/2499,Student_2489,Male,40,D002,3,5,3.6846,3.7789,3.6587,95,No,Yes,Eligible,0,Completed,Low Risk
S2490,D/BCS/25/2500,Student_2490,Male,40,D002,3,6,3.3269,3.2308,3.26,77,Yes,Yes,Eligible,1,Not Completed,Low Risk
S2491,D/BSE/25/2501,Student_2491,Female,40,D001,3,6,3.976,4.0,3.9837,79,No,Yes,Not Eligible,0,Completed,Low Risk
S2492,D/DBA/25/2502,Student_2492,Female,40,D004,3,5,3.2947,3.5714,3.3988,75,No,Yes,Not Eligible,0,Completed,Low Risk
S2493,D/ICT/25/2503,Student_2493,Female,41,D005,2,3,2.3739,2.48,2.4919,83,No,Yes,Eligible,0,Completed,Medium Risk
S2494,D/COE/25/2504,Student_2494,Female,41,D003,2,4,1.7421,1.8895,1.9165,68,No,Yes,Not Eligible,5,Not Completed,High Risk
S2495,D/BSE/25/2505,Student_2495,Male,40,D001,3,5,3.2077,3.3211,3.0769,80,No,Yes,Eligible,2,Not Completed,Medium Risk
S2496,D/ICT/25/2506,Student_2496,Female,41,D005,2,3,3.8826,3.725,3.8032,96,No,Yes,Eligible,0,Completed,Low Risk
S2497,D/BCS/25/2507,Student_2497,Female,42,D002,1,2,3.5833,3.7,3.6462,94,No,Yes,Eligible,0,Completed,Low Risk
S2498,D/BCS/25/2508,Student_2498,Male,40,D002,3,5,4.0,3.9263,3.975,79,No,Yes,Not Eligible,0,Completed,Low Risk
S2499,D/BCS/25/2509,Student_2499,Male,40,D002,3,5,3.6769,3.6421,3.576,79,No,Yes,Not Eligible,0,Completed,Low Risk
S2500,D/BCS/25/2510,Student_2500,Female,40,D002,3,5,3.5385,3.3368,3.4327,83,No,Yes,Eligible,0,Completed,Low Risk
S2501,D/COE/25/2511,Student_2501,Male,42,D003,1,2,2.565,3.0048,2.7902,87,No,Yes,Eligible,0,Completed,Medium Risk
S2502,D/BSE/25/2512,Student_2502,Male,42,D001,1,1,3.6524,0.0,3.6524,80,No,Yes,Eligible,0,Completed,Low Risk
S2503,D/ICT/25/2513,Student_2503,Male,41,D005,2,3,3.7913,3.8,3.7435,82,No,Yes,Eligible,0,Completed,Low Risk
S2504,D/BSE/25/2514,Student_2504,Female,40,D001,3,5,3.3692,3.1,3.1875,91,No,Yes,Eligible,0,Completed,Low Risk
S2505,D/BSE/25/2515,Student_2505,Male,39,D001,4,8,3.58,3.875,3.81,83,No,Yes,Eligible,0,Completed,Low Risk
S2506,D/BSE/25/2516,Student_2506,Male,41,D001,2,3,3.06,3.5111,3.3424,95,No,Yes,Eligible,0,Completed,Low Risk
S2507,D/BCS/25/2517,Student_2507,Male,42,D002,1,2,1.7667,2.1476,1.9718,76,No,Yes,Not Eligible,2,Not Completed,High Risk
S2508,D/ICT/25/2518,Student_2508,Female,41,D005,2,3,2.7217,3.135,3.0532,78,No,Yes,Not Eligible,0,Completed,Low Risk
S2509,D/BSE/25/2519,Student_2509,Male,41,D001,2,4,4.0,3.97,3.9846,74,No,Yes,Not Eligible,0,Completed,Low Risk
S2510,D/BSE/25/2520,Student_2510,Female,42,D001,1,1,3.9143,0.0,3.9143,77,No,Yes,Not Eligible,0,Completed,Low Risk
S2511,D/BSE/25/2521,Student_2511,Female,42,D001,1,1,3.3667,0.0,3.3667,95,No,Yes,Eligible,0,Completed,Low Risk
S2512,D/ICT/25/2522,Student_2512,Male,42,D005,1,1,2.9105,0.0,2.9105,60,No,Yes,Not Eligible,0,Completed,Medium Risk
S2513,D/BSE/25/2523,Student_2513,Female,42,D001,1,1,3.7333,0.0,3.7333,84,No,Yes,Eligible,0,Completed,Low Risk
S2514,D/BCS/25/2524,Student_2514,Male,42,D002,1,1,3.6,0.0,3.6,88,No,Yes,Eligible,0,Completed,Low Risk
S2515,D/BCS/25/2525,Student_2515,Female,39,D002,4,7,2.8778,2.7923,2.7912,73,No,Yes,Not Eligible,1,Not Completed,Medium Risk
S2516,D/BSE/25/2526,Student_2516,Female,42,D001,1,2,3.55,3.2381,3.3821,88,No,Yes,Eligible,0,Completed,Low Risk
S2517,D/COE/25/2527,Student_2517,Female,41,D003,2,3,3.9053,3.93,3.9417,89,No,Yes,Eligible,0,Completed,Low Risk
S2518,D/BCS/25/2528,Student_2518,Male,40,D002,3,5,4.0,4.0,3.9942,83,No,Yes,Eligible,0,Completed,Low Risk
S2519,D/ICT/25/2529,Student_2519,Male,41,D005,2,3,3.8826,3.755,3.8355,80,No,Yes,Eligible,0,Completed,Low Risk
S2520,D/BSE/25/2530,Student_2520,Female,42,D001,1,1,3.5571,0.0,3.5571,88,No,Yes,Eligible,0,Completed,Low Risk
S2521,D/BSE/25/2531,Student_2521,Male,39,D001,4,8,2.98,3.4125,3.13,100,No,No,Not Eligible,0,Completed,Low Risk
S2522,D/DBA/25/2532,Student_2522,Male,40,D004,3,6,4.0,4.0,3.9486,90,No,Yes,Eligible,0,Completed,Low Risk
S2523,D/BSE/25/2533,Student_2523,Male,41,D001,2,4,3.5421,3.37,3.4936,81,No,Yes,Eligible,0,Completed,Low Risk
S2524,D/COE/25/2534,Student_2524,Male,40,D003,3,5,3.4963,3.5895,3.5453,90,No,No,Not Eligible,0,Completed,Low Risk
S2525,D/ICT/25/2535,Student_2525,Male,41,D005,2,3,3.1435,3.39,3.2742,74,No,Yes,Not Eligible,0,Completed,Low Risk
S2526,D/DBA/25/2536,Student_2526,Female,40,D004,3,6,3.9714,3.8632,3.8581,77,No,Yes,Not Eligible,0,Completed,Low Risk
S2527,D/ICT/25/2537,Student_2527,Male,41,D005,2,3,3.6609,3.5,3.671,89,No,Yes,Eligible,0,Completed,Low Risk
S2528,D/BSE/25/2538,Student_2528,Male,41,D001,2,4,3.4053,2.64,2.9846,83,No,Yes,Eligible,1,Not Completed,Medium Risk
S2529,D/COE/25/2539,Student_2529,Female,41,D003,2,3,2.9579,2.915,3.1817,77,No,Yes,Not Eligible,0,Completed,Low Risk
S2530,D/BCS/25/2540,Student_2530,Male,42,D002,1,2,3.8111,3.7667,3.7872,74,Yes,Yes,Eligible,0,Completed,Low Risk
S2531,D/DBA/25/2541,Student_2531,Male,40,D004,3,6,3.6667,3.7737,3.7714,88,No,Yes,Eligible,0,Completed,Low Risk
S2532,D/COE/25/2542,Student_2532,Male,42,D003,1,2,3.97,4.0,3.9854,90,No,Yes,Eligible,0,Completed,Low Risk
S2533,D/BCS/25/2543,Student_2533,Male,42,D002,1,1,3.2333,0.0,3.2333,78,No,Yes,Not Eligible,0,Completed,Low Risk
S2534,D/BCS/25/2544,Student_2534,Male,40,D002,3,5,3.4692,3.1474,3.4433,91,No,Yes,Eligible,0,Completed,Low Risk
S2535,D/DBA/25/2545,Student_2535,Male,42,D004,1,2,2.2353,2.675,2.4485,88,No,Yes,Eligible,0,Completed,Medium Risk
S2536,D/BCS/25/2546,Student_2536,Male,42,D002,1,1,2.6762,0.0,2.6762,74,No,Yes,Not Eligible,0,Completed,Medium Risk
S2537,D/BCS/25/2547,Student_2537,Male,40,D002,3,5,3.8692,3.7526,3.8885,82,No,No,Not Eligible,0,Completed,Low Risk
S2538,D/COE/25/2548,Student_2538,Female,42,D003,1,1,3.7667,0.0,3.7667,86,No,Yes,Eligible,0,Completed,Low Risk
S2539,D/BSE/25/2549,Student_2539,Female,41,D001,2,3,3.85,3.7222,3.8017,90,No,Yes,Eligible,0,Completed,Low Risk
S2540,D/BSE/25/2550,Student_2540,Male,40,D001,3,5,3.5385,3.6158,3.3596,69,No,Yes,Not Eligible,0,Completed,Low Risk
S2541,D/BSE/25/2551,Student_2541,Male,42,D001,1,2,3.7667,3.3,3.5154,90,No,Yes,Eligible,0,Completed,Low Risk
S2542,D/BCS/25/2552,Student_2542,Male,42,D002,1,1,3.3333,0.0,3.3333,91,No,Yes,Eligible,0,Completed,Low Risk
S2543,D/BSE/25/2553,Student_2543,Male,41,D001,2,4,3.4,3.73,3.5974,67,No,Yes,Not Eligible,0,Completed,Low Risk
S2544,D/ICT/25/2554,Student_2544,Male,41,D005,2,3,3.0696,3.01,3.1516,82,No,Yes,Eligible,0,Completed,Low Risk
S2545,D/DBA/25/2555,Student_2545,Female,40,D004,3,6,2.8667,3.3316,3.1029,82,No,Yes,Eligible,0,Completed,Low Risk
S2546,D/ICT/25/2556,Student_2546,Female,41,D005,2,4,3.1591,3.2957,3.1833,81,No,Yes,Eligible,0,Completed,Low Risk
S2547,D/ICT/25/2557,Student_2547,Male,40,D005,3,5,3.2,3.1091,3.0548,85,No,Yes,Eligible,1,Not Completed,Low Risk
S2548,D/BCS/25/2558,Student_2548,Male,41,D002,2,3,3.9,3.8889,3.9169,73,No,Yes,Not Eligible,0,Completed,Low Risk
S2549,D/COE/25/2559,Student_2549,Male,41,D003,2,4,3.8474,3.9368,3.8392,91,No,Yes,Eligible,0,Completed,Low Risk
S2550,D/BCS/25/2560,Student_2550,Male,42,D002,1,1,2.8952,0.0,2.8952,85,No,Yes,Eligible,0,Completed,Medium Risk
S2551,D/ICT/25/2561,Student_2551,Male,42,D005,1,1,3.9526,0.0,3.9526,88,No,Yes,Eligible,0,Completed,Low Risk
S2552,D/ICT/25/2562,Student_2552,Female,41,D005,2,4,3.3227,3.4565,3.4726,86,No,Yes,Eligible,0,Completed,Low Risk
S2553,D/BSE/25/2563,Student_2553,Female,40,D001,3,6,3.368,3.5923,3.3868,89,No,Yes,Eligible,0,Completed,Low Risk
S2554,D/COE/25/2564,Student_2554,Female,42,D003,1,1,3.1619,0.0,3.1619,82,No,Yes,Eligible,0,Completed,Low Risk
S2555,D/BSE/25/2565,Student_2555,Female,42,D001,1,2,3.3333,3.5762,3.4641,84,No,Yes,Eligible,0,Completed,Low Risk
S2556,D/BCS/25/2566,Student_2556,Male,40,D002,3,6,4.0,4.0,3.9954,74,Yes,Yes,Eligible,0,Completed,Low Risk
S2557,D/BCS/25/2567,Student_2557,Male,41,D002,2,3,3.8,4.0,3.922,90,No,Yes,Eligible,0,Completed,Low Risk
S2558,D/DBA/25/2568,Student_2558,Male,39,D004,4,8,4.0,4.0,3.9664,91,No,Yes,Eligible,0,Completed,Low Risk
S2559,D/COE/25/2569,Student_2559,Male,39,D003,4,7,3.2524,3.764,3.3743,83,No,Yes,Eligible,1,Not Completed,Low Risk
S2560,D/ICT/25/2570,Student_2560,Female,40,D005,3,6,3.7,3.765,3.6345,65,No,Yes,Not Eligible,0,Completed,Low Risk
S2561,D/ICT/25/2571,Student_2561,Male,39,D005,4,7,3.1792,3.7,3.4239,72,No,Yes,Not Eligible,0,Completed,Low Risk
S2562,D/BSE/25/2572,Student_2562,Male,42,D001,1,1,3.1333,0.0,3.1333,69,No,No,Not Eligible,0,Completed,Low Risk
S2563,D/ICT/25/2573,Student_2563,Female,41,D005,2,4,3.2091,2.7565,2.8071,100,No,Yes,Eligible,0,Completed,Medium Risk
S2564,D/BSE/25/2574,Student_2564,Female,40,D001,3,6,3.472,3.3615,3.3388,72,No,Yes,Not Eligible,0,Completed,Low Risk
S2565,D/DBA/25/2575,Student_2565,Male,42,D004,1,1,2.9812,0.0,2.9812,75,No,Yes,Not Eligible,0,Completed,Medium Risk
S2566,D/BCS/25/2576,Student_2566,Female,41,D002,2,3,3.73,3.3722,3.5458,79,No,No,Not Eligible,0,Completed,Low Risk
S2567,D/DBA/25/2577,Student_2567,Male,40,D004,3,6,2.6952,2.9158,2.6295,97,No,Yes,Eligible,0,Completed,Medium Risk
S2568,D/ICT/25/2578,Student_2568,Female,41,D005,2,3,2.9957,3.25,3.0081,76,No,Yes,Not Eligible,0,Completed,Low Risk
S2569,D/BSE/25/2579,Student_2569,Female,41,D001,2,3,2.67,2.3167,2.5271,81,No,Yes,Eligible,2,Not Completed,High Risk
S2570,D/COE/25/2580,Student_2570,Female,42,D003,1,1,3.6952,0.0,3.6952,100,No,Yes,Eligible,0,Completed,Low Risk
S2571,D/DBA/25/2581,Student_2571,Male,42,D004,1,1,4.0,0.0,4.0,88,No,Yes,Eligible,0,Completed,Low Risk
S2572,D/BCS/25/2582,Student_2572,Male,41,D002,2,3,2.24,1.6333,2.0475,98,No,Yes,Eligible,3,Not Completed,High Risk
S2573,D/DBA/25/2583,Student_2573,Male,42,D004,1,1,3.6375,0.0,3.6375,74,No,Yes,Not Eligible,0,Completed,Low Risk
S2574,D/BCS/25/2584,Student_2574,Female,42,D002,1,1,3.8476,0.0,3.8476,84,No,Yes,Eligible,0,Completed,Low Risk
S2575,D/ICT/25/2585,Student_2575,Male,41,D005,2,4,3.6227,3.4913,3.6083,86,No,Yes,Eligible,0,Completed,Low Risk
S2576,D/BCS/25/2586,Student_2576,Male,42,D002,1,1,3.5571,0.0,3.5571,89,No,Yes,Eligible,0,Completed,Low Risk
S2577,D/COE/25/2587,Student_2577,Male,42,D003,1,1,3.6952,0.0,3.6952,81,No,Yes,Eligible,0,Completed,Low Risk
S2578,D/BCS/25/2588,Student_2578,Male,41,D002,2,3,3.8,3.6611,3.8136,75,No,Yes,Not Eligible,0,Completed,Low Risk
S2579,D/ICT/25/2589,Student_2579,Male,40,D005,3,6,2.7,2.615,2.8327,83,No,Yes,Eligible,0,Completed,Medium Risk
S2580,D/BSE/25/2590,Student_2580,Female,42,D001,1,2,3.5222,3.2571,3.3795,95,No,No,Not Eligible,0,Completed,Low Risk
S2581,D/BCS/25/2591,Student_2581,Male,40,D002,3,5,2.9385,3.3789,3.074,72,Yes,Yes,Eligible,0,Completed,Low Risk
S2582,D/COE/25/2592,Student_2582,Male,42,D003,1,1,3.0095,0.0,3.0095,99,No,Yes,Eligible,0,Completed,Low Risk
S2583,D/DBA/25/2593,Student_2583,Male,39,D004,4,7,3.7923,3.7,3.8382,85,No,Yes,Eligible,0,Completed,Low Risk
S2584,D/BSE/25/2594,Student_2584,Male,42,D001,1,2,3.2167,3.4524,3.3436,82,No,Yes,Eligible,0,Completed,Low Risk
S2585,D/COE/25/2595,Student_2585,Female,41,D003,2,3,3.4474,3.73,3.5483,71,No,Yes,Not Eligible,0,Completed,Low Risk
S2586,D/DBA/25/2596,Student_2586,Male,40,D004,3,5,3.7789,3.9571,3.9119,86,No,Yes,Eligible,0,Completed,Low Risk
S2587,D/BSE/25/2597,Student_2587,Male,42,D001,1,2,3.45,3.6476,3.5564,100,No,Yes,Eligible,0,Completed,Low Risk
S2588,D/BSE/25/2598,Student_2588,Female,41,D001,2,3,3.07,3.5833,3.3305,72,No,Yes,Not Eligible,0,Completed,Low Risk
S2589,D/ICT/25/2599,Student_2589,Female,41,D005,2,4,3.2273,3.3391,3.2048,78,Yes,No,Not Eligible,0,Completed,Low Risk
S2590,D/DBA/25/2600,Student_2590,Female,42,D004,1,1,3.275,0.0,3.275,77,No,Yes,Not Eligible,0,Completed,Low Risk
S2591,D/ICT/25/2601,Student_2591,Female,41,D005,2,3,3.9609,3.955,3.9613,79,No,Yes,Not Eligible,0,Completed,Low Risk
S2592,D/COE/25/2602,Student_2592,Male,39,D003,4,8,3.58,3.8095,3.7527,79,Yes,Yes,Eligible,0,Completed,Low Risk
S2593,D/BCS/25/2603,Student_2593,Male,40,D002,3,6,3.6231,3.6692,3.6054,94,No,Yes,Eligible,0,Completed,Low Risk
S2594,D/BSE/25/2604,Student_2594,Male,40,D001,3,6,2.94,2.7154,2.8442,84,No,Yes,Eligible,0,Completed,Medium Risk
S2595,D/COE/25/2605,Student_2595,Female,40,D003,3,6,3.524,3.2778,3.2687,76,Yes,Yes,Eligible,0,Completed,Low Risk
S2596,D/COE/25/2606,Student_2596,Male,42,D003,1,1,3.1571,0.0,3.1571,100,No,Yes,Eligible,0,Completed,Low Risk
S2597,D/COE/25/2607,Student_2597,Male,41,D003,2,4,3.3263,3.0053,3.0215,84,No,Yes,Eligible,0,Completed,Low Risk
S2598,D/ICT/25/2608,Student_2598,Male,42,D005,1,2,3.28,3.7579,3.5128,91,No,Yes,Eligible,0,Completed,Low Risk
S2599,D/ICT/25/2609,Student_2599,Female,40,D005,3,6,4.0,3.405,3.4073,81,No,Yes,Eligible,0,Completed,Low Risk
S2600,D/BCS/25/2610,Student_2600,Female,39,D002,4,8,3.42,3.3222,3.2239,95,No,Yes,Eligible,0,Completed,Low Risk
S2601,D/BCS/25/2611,Student_2601,Male,42,D002,1,2,3.2833,3.3095,3.2974,72,No,No,Not Eligible,0,Completed,Low Risk
S2602,D/BSE/25/2612,Student_2602,Female,41,D001,2,4,3.7947,3.94,3.8372,100,No,Yes,Eligible,0,Completed,Low Risk
S2603,D/DBA/25/2613,Student_2603,Female,40,D004,3,6,3.7476,3.6105,3.4819,77,No,Yes,Not Eligible,0,Completed,Low Risk
S2604,D/DBA/25/2614,Student_2604,Female,40,D004,3,5,3.5526,3.5929,3.4238,100,No,Yes,Eligible,0,Completed,Low Risk
S2605,D/BCS/25/2615,Student_2605,Male,42,D002,1,2,3.1222,3.4,3.2718,74,No,Yes,Not Eligible,0,Completed,Low Risk
S2606,D/BCS/25/2616,Student_2606,Male,42,D002,1,2,3.15,3.0714,3.1077,86,No,Yes,Eligible,0,Completed,Low Risk
S2607,D/BSE/25/2617,Student_2607,Male,40,D001,3,5,3.3769,3.4158,3.5173,80,No,Yes,Eligible,0,Completed,Low Risk
S2608,D/ICT/25/2618,Student_2608,Male,41,D005,2,4,3.6818,3.5826,3.5012,89,No,Yes,Eligible,0,Completed,Low Risk
S2609,D/COE/25/2619,Student_2609,Female,41,D003,2,4,2.4842,2.2474,2.4494,83,No,Yes,Eligible,2,Not Completed,High Risk
S2610,D/BSE/25/2620,Student_2610,Male,41,D001,2,3,3.67,3.8,3.7492,75,No,Yes,Not Eligible,0,Completed,Low Risk
S2611,D/ICT/25/2621,Student_2611,Male,42,D005,1,2,3.375,3.5526,3.4615,93,No,Yes,Eligible,0,Completed,Low Risk
S2612,D/BSE/25/2622,Student_2612,Male,41,D001,2,3,3.94,4.0,3.8983,87,No,Yes,Eligible,0,Completed,Low Risk
S2613,D/ICT/25/2623,Student_2613,Male,39,D005,4,7,3.3125,3.0,3.2403,77,No,Yes,Not Eligible,0,Completed,Low Risk
S2614,D/BCS/25/2624,Student_2614,Male,40,D002,3,5,3.4154,3.3316,3.2462,73,Yes,Yes,Eligible,0,Completed,Low Risk
S2615,D/BCS/25/2625,Student_2615,Female,42,D002,1,2,2.4778,2.9476,2.7308,71,Yes,Yes,Eligible,0,Completed,Medium Risk
S2616,D/DBA/25/2626,Student_2616,Female,40,D004,3,6,2.5429,2.5316,2.4829,96,No,No,Not Eligible,1,Not Completed,Medium Risk
S2617,D/BSE/25/2627,Student_2617,Male,41,D001,2,3,3.19,2.8611,3.0068,78,No,Yes,Not Eligible,0,Completed,Low Risk
S2618,D/BSE/25/2628,Student_2618,Female,41,D001,2,3,2.4,2.6222,2.3661,86,No,Yes,Eligible,3,Not Completed,High Risk
S2619,D/BSE/25/2629,Student_2619,Male,40,D001,3,6,3.896,4.0,3.8783,98,No,Yes,Eligible,0,Completed,Low Risk
S2620,D/BSE/25/2630,Student_2620,Male,42,D001,1,1,2.4381,0.0,2.4381,90,No,Yes,Eligible,0,Completed,Medium Risk
S2621,D/BCS/25/2631,Student_2621,Female,39,D002,4,8,3.12,3.8889,3.5939,93,No,Yes,Eligible,0,Completed,Low Risk
S2622,D/BSE/25/2632,Student_2622,Male,41,D001,2,4,3.9263,4.0,3.9744,80,No,No,Not Eligible,0,Completed,Low Risk
S2623,D/BSE/25/2633,Student_2623,Female,41,D001,2,4,3.7684,3.71,3.7013,86,No,Yes,Eligible,0,Completed,Low Risk
S2624,D/BCS/25/2634,Student_2624,Female,42,D002,1,2,2.7833,2.4571,2.6077,80,No,Yes,Eligible,0,Completed,Medium Risk
S2625,D/COE/25/2635,Student_2625,Male,41,D003,2,3,3.9368,3.87,3.8883,92,No,Yes,Eligible,0,Completed,Low Risk
S2626,D/DBA/25/2636,Student_2626,Male,42,D004,1,1,3.1313,0.0,3.1313,93,No,Yes,Eligible,0,Completed,Low Risk
S2627,D/BSE/25/2637,Student_2627,Male,39,D001,4,8,4.0,3.5,3.2988,84,No,Yes,Eligible,0,Completed,Low Risk
S2628,D/DBA/25/2638,Student_2628,Male,41,D004,2,4,3.6643,3.0778,3.2323,94,No,Yes,Eligible,0,Completed,Low Risk
S2629,D/COE/25/2639,Student_2629,Male,41,D003,2,4,4.0,4.0,3.9886,92,No,Yes,Eligible,0,Completed,Low Risk
S2630,D/BCS/25/2640,Student_2630,Female,41,D002,2,4,2.7947,3.06,3.0487,79,Yes,Yes,Eligible,0,Completed,Low Risk
S2631,D/BCS/25/2641,Student_2631,Female,42,D002,1,1,3.1857,0.0,3.1857,81,No,Yes,Eligible,0,Completed,Low Risk
S2632,D/BCS/25/2642,Student_2632,Female,40,D002,3,6,3.7808,3.8308,3.73,81,No,No,Not Eligible,0,Completed,Low Risk
S2633,D/DBA/25/2643,Student_2633,Male,39,D004,4,8,1.3,2.1923,1.9921,91,No,Yes,Eligible,5,Not Completed,High Risk
S2634,D/BSE/25/2644,Student_2634,Male,40,D001,3,6,3.392,3.3385,3.3217,73,Yes,Yes,Eligible,0,Completed,Low Risk
S2635,D/BSE/25/2645,Student_2635,Female,42,D001,1,2,3.5111,3.3333,3.4154,85,No,Yes,Eligible,0,Completed,Low Risk
S2636,D/COE/25/2646,Student_2636,Male,39,D003,4,7,3.9714,4.0,3.975,83,No,Yes,Eligible,0,Completed,Low Risk
S2637,D/DBA/25/2647,Student_2637,Male,42,D004,1,1,3.6,0.0,3.6,88,No,Yes,Eligible,0,Completed,Low Risk
S2638,D/COE/25/2648,Student_2638,Male,40,D003,3,5,2.9741,2.4368,2.6981,72,No,Yes,Not Eligible,1,Not Completed,Medium Risk
S2639,D/BSE/25/2649,Student_2639,Female,40,D001,3,5,3.9231,3.7895,3.801,88,No,Yes,Eligible,0,Completed,Low Risk
S2640,D/ICT/25/2650,Student_2640,Female,41,D005,2,3,3.6261,3.57,3.5548,89,No,Yes,Eligible,0,Completed,Low Risk
S2641,D/BCS/25/2651,Student_2641,Male,42,D002,1,1,4.0,0.0,4.0,97,No,Yes,Eligible,0,Completed,Low Risk
S2642,D/BSE/25/2652,Student_2642,Male,40,D001,3,5,3.4308,3.2211,3.3952,83,No,Yes,Eligible,0,Completed,Low Risk
S2643,D/BCS/25/2653,Student_2643,Female,39,D002,4,7,3.9222,3.6462,3.6628,82,No,Yes,Eligible,0,Completed,Low Risk
S2644,D/DBA/25/2654,Student_2644,Male,41,D004,2,4,3.8571,3.3833,3.6692,79,No,Yes,Not Eligible,0,Completed,Low Risk
S2645,D/ICT/25/2655,Student_2645,Female,42,D005,1,2,4.0,3.8947,3.9487,71,Yes,Yes,Eligible,0,Completed,Low Risk
S2646,D/ICT/25/2656,Student_2646,Female,41,D005,2,3,3.4913,3.275,3.3694,99,No,Yes,Eligible,0,Completed,Low Risk
S2647,D/BSE/25/2657,Student_2647,Male,39,D001,4,7,3.7125,3.68,3.5331,87,No,Yes,Eligible,0,Completed,Low Risk
S2648,D/DBA/25/2658,Student_2648,Male,42,D004,1,1,3.8687,0.0,3.8687,80,No,Yes,Eligible,0,Completed,Low Risk
S2649,D/COE/25/2659,Student_2649,Male,41,D003,2,3,3.0684,2.985,3.1533,97,No,Yes,Eligible,0,Completed,Low Risk
S2650,D/BCS/25/2660,Student_2650,Male,42,D002,1,2,3.7389,3.7429,3.741,82,No,Yes,Eligible,0,Completed,Low Risk
S2651,D/DBA/25/2661,Student_2651,Male,41,D004,2,4,2.9429,3.5611,3.2954,93,No,Yes,Eligible,0,Completed,Low Risk
S2652,D/ICT/25/2662,Student_2652,Female,40,D005,3,6,2.3,2.975,2.7836,76,No,Yes,Not Eligible,2,Not Completed,High Risk
S2653,D/BCS/25/2663,Student_2653,Female,40,D002,3,5,3.3923,3.5053,3.4817,77,No,Yes,Not Eligible,0,Completed,Low Risk
S2654,D/DBA/25/2664,Student_2654,Male,42,D004,1,1,4.0,0.0,4.0,97,No,Yes,Eligible,0,Completed,Low Risk
S2655,D/BSE/25/2665,Student_2655,Female,40,D001,3,5,2.5385,2.6,2.5885,72,No,Yes,Not Eligible,1,Not Completed,Medium Risk
S2656,D/BSE/25/2666,Student_2656,Female,39,D001,4,8,2.94,3.5,3.395,100,No,Yes,Eligible,0,Completed,Low Risk
S2657,D/BSE/25/2667,Student_2657,Male,39,D001,4,8,3.28,2.825,2.7763,77,No,Yes,Not Eligible,2,Not Completed,High Risk
S2658,D/BSE/25/2668,Student_2658,Male,39,D001,4,7,3.4375,3.556,3.6538,67,No,Yes,Not Eligible,0,Completed,Low Risk
S2659,D/DBA/25/2669,Student_2659,Male,41,D004,2,4,3.6571,3.7,3.7385,86,No,Yes,Eligible,0,Completed,Low Risk
S2660,D/ICT/25/2670,Student_2660,Male,41,D005,2,3,3.3087,3.2,3.279,79,No,Yes,Not Eligible,0,Completed,Low Risk
S2661,D/BCS/25/2671,Student_2661,Male,42,D002,1,1,3.8762,0.0,3.8762,69,No,Yes,Not Eligible,0,Completed,Low Risk
S2662,D/COE/25/2672,Student_2662,Female,42,D003,1,2,3.695,3.6952,3.6951,90,No,Yes,Eligible,0,Completed,Low Risk
S2663,D/BSE/25/2673,Student_2663,Male,41,D001,2,3,3.44,3.5389,3.4864,82,No,Yes,Eligible,0,Completed,Low Risk
S2664,D/BCS/25/2674,Student_2664,Male,39,D002,4,7,3.5222,3.0846,3.0811,94,No,Yes,Eligible,0,Completed,Low Risk
S2665,D/BSE/25/2675,Student_2665,Male,40,D001,3,5,3.4692,3.2789,3.4933,87,No,Yes,Eligible,0,Completed,Low Risk
S2666,D/BCS/25/2676,Student_2666,Male,40,D002,3,6,3.8077,3.8769,3.7469,92,No,No,Not Eligible,0,Completed,Low Risk
S2667,D/COE/25/2677,Student_2667,Female,42,D003,1,2,3.555,3.819,3.6902,87,No,Yes,Eligible,0,Completed,Low Risk
S2668,D/BSE/25/2678,Student_2668,Male,41,D001,2,4,2.9053,3.38,3.1474,70,Yes,Yes,Eligible,0,Completed,Low Risk
S2669,D/COE/25/2679,Student_2669,Female,40,D003,3,6,3.244,3.7852,3.4366,87,No,Yes,Eligible,0,Completed,Low Risk
S2670,D/BCS/25/2680,Student_2670,Male,41,D002,2,4,3.5947,3.37,3.4244,82,No,Yes,Eligible,0,Completed,Low Risk
S2671,D/ICT/25/2681,Student_2671,Female,39,D005,4,7,3.9125,3.7,3.7612,69,No,Yes,Not Eligible,0,Completed,Low Risk
S2672,D/COE/25/2682,Student_2672,Male,39,D003,4,8,2.06,2.2714,2.2778,91,No,Yes,Eligible,4,Not Completed,High Risk
S2673,D/ICT/25/2683,Student_2673,Male,42,D005,1,2,3.61,3.8632,3.7333,100,No,Yes,Eligible,0,Completed,Low Risk
S2674,D/BSE/25/2684,Student_2674,Male,41,D001,2,4,3.2737,3.15,3.2641,77,No,Yes,Not Eligible,0,Completed,Low Risk
S2675,D/COE/25/2685,Student_2675,Male,42,D003,1,2,3.33,3.6524,3.4951,74,Yes,Yes,Eligible,0,Completed,Low Risk
S2676,D/BCS/25/2686,Student_2676,Male,42,D002,1,2,3.8722,3.7095,3.7846,80,No,Yes,Eligible,0,Completed,Low Risk
S2677,D/ICT/25/2687,Student_2677,Male,42,D005,1,2,1.795,2.2263,2.0051,95,No,Yes,Eligible,3,Not Completed,High Risk
S2678,D/ICT/25/2688,Student_2678,Male,42,D005,1,2,2.735,2.3684,2.5564,81,No,No,Not Eligible,2,Not Completed,High Risk
S2679,D/BCS/25/2689,Student_2679,Male,40,D002,3,5,3.7538,3.6842,3.6125,100,No,Yes,Eligible,0,Completed,Low Risk
S2680,D/BCS/25/2690,Student_2680,Female,41,D002,2,4,3.1632,2.77,2.9115,89,No,Yes,Eligible,0,Completed,Medium Risk
S2681,D/COE/25/2691,Student_2681,Male,40,D003,3,6,2.412,2.2926,2.3901,84,No,Yes,Eligible,3,Not Completed,High Risk
S2682,D/ICT/25/2692,Student_2682,Male,40,D005,3,5,3.325,3.3045,3.2375,85,No,Yes,Eligible,0,Completed,Low Risk
S2683,D/BCS/25/2693,Student_2683,Female,42,D002,1,1,3.8286,0.0,3.8286,93,No,Yes,Eligible,0,Completed,Low Risk
S2684,D/BSE/25/2694,Student_2684,Female,42,D001,1,1,3.5238,0.0,3.5238,87,No,Yes,Eligible,0,Completed,Low Risk
S2685,D/BCS/25/2695,Student_2685,Male,41,D002,2,3,3.94,3.8278,3.8831,85,No,Yes,Eligible,0,Completed,Low Risk
S2686,D/COE/25/2696,Student_2686,Female,39,D003,4,8,3.72,3.9714,3.8425,78,Yes,Yes,Eligible,0,Completed,Low Risk
S2687,D/BCS/25/2697,Student_2687,Female,41,D002,2,3,3.03,2.8667,3.0356,83,No,Yes,Eligible,0,Completed,Low Risk
S2688,D/BCS/25/2698,Student_2688,Male,41,D002,2,4,2.4632,2.47,2.6705,90,No,Yes,Eligible,0,Completed,Medium Risk
S2689,D/ICT/25/2699,Student_2689,Male,41,D005,2,3,3.4565,3.015,3.1371,85,No,Yes,Eligible,0,Completed,Low Risk
S2690,D/BCS/25/2700,Student_2690,Female,39,D002,4,7,3.8889,3.8923,3.9014,85,No,Yes,Eligible,0,Completed,Low Risk
S2691,D/ICT/25/2701,Student_2691,Male,41,D005,2,3,3.7826,3.475,3.6935,77,No,Yes,Not Eligible,0,Completed,Low Risk
S2692,D/ICT/25/2702,Student_2692,Female,42,D005,1,2,3.655,3.7474,3.7,96,No,Yes,Eligible,0,Completed,Low Risk
S2693,D/BCS/25/2703,Student_2693,Male,39,D002,4,8,2.78,3.1556,3.438,63,No,Yes,Not Eligible,0,Completed,Low Risk
S2694,D/ICT/25/2704,Student_2694,Female,40,D005,3,5,3.395,3.3818,3.4385,83,No,Yes,Eligible,0,Completed,Low Risk
S2695,D/DBA/25/2705,Student_2695,Male,40,D004,3,5,3.0789,3.1429,3.0238,85,No,Yes,Eligible,0,Completed,Low Risk
S2696,D/BCS/25/2706,Student_2696,Male,39,D002,4,8,3.82,4.0,3.9141,74,No,Yes,Not Eligible,0,Completed,Low Risk
S2697,D/BSE/25/2707,Student_2697,Female,42,D001,1,2,3.9333,3.9429,3.9385,86,No,Yes,Eligible,0,Completed,Low Risk
S2698,D/DBA/25/2708,Student_2698,Male,41,D004,2,3,2.8778,3.2059,3.2235,79,No,Yes,Not Eligible,0,Completed,Low Risk
S2699,D/BCS/25/2709,Student_2699,Male,42,D002,1,2,3.1056,3.7048,3.4282,79,Yes,Yes,Eligible,0,Completed,Low Risk
S2700,D/ICT/25/2710,Student_2700,Female,40,D005,3,6,4.0,3.72,3.7473,90,No,Yes,Eligible,0,Completed,Low Risk
S2701,D/BSE/25/2711,Student_2701,Male,40,D001,3,5,3.8462,4.0,3.7913,96,No,No,Not Eligible,0,Completed,Low Risk
S2702,D/ICT/25/2712,Student_2702,Female,39,D005,4,8,2.7867,2.7167,2.5826,88,No,Yes,Eligible,1,Not Completed,Medium Risk
S2703,D/BCS/25/2713,Student_2703,Male,39,D002,4,8,4.0,3.9667,3.9399,83,No,No,Not Eligible,0,Completed,Low Risk
S2704,D/DBA/25/2714,Student_2704,Male,41,D004,2,3,3.6889,3.3765,3.4961,76,No,Yes,Not Eligible,0,Completed,Low Risk
S2705,D/BCS/25/2715,Student_2705,Male,40,D002,3,6,3.4,3.4077,3.3715,92,No,Yes,Eligible,0,Completed,Low Risk
S2706,D/BSE/25/2716,Student_2706,Male,42,D001,1,1,3.4476,0.0,3.4476,88,No,Yes,Eligible,0,Completed,Low Risk
S2707,D/COE/25/2717,Student_2707,Female,39,D003,4,8,3.28,2.9381,3.1677,69,No,Yes,Not Eligible,0,Completed,Low Risk
S2708,D/ICT/25/2718,Student_2708,Male,39,D005,4,7,3.4542,4.0,3.647,83,No,Yes,Eligible,0,Completed,Low Risk
S2709,D/BCS/25/2719,Student_2709,Female,42,D002,1,1,3.3238,0.0,3.3238,91,No,Yes,Eligible,0,Completed,Low Risk
S2710,D/ICT/25/2720,Student_2710,Male,41,D005,2,3,3.8304,3.965,3.9113,81,No,Yes,Eligible,0,Completed,Low Risk
S2711,D/DBA/25/2721,Student_2711,Male,41,D004,2,4,3.0714,3.1889,3.0908,100,No,Yes,Eligible,0,Completed,Low Risk
S2712,D/DBA/25/2722,Student_2712,Male,40,D004,3,5,3.6368,3.25,3.5345,71,No,Yes,Not Eligible,0,Completed,Low Risk
S2713,D/BSE/25/2723,Student_2713,Male,39,D001,4,8,3.82,3.4125,3.6512,79,Yes,Yes,Eligible,0,Completed,Low Risk
S2714,D/BSE/25/2724,Student_2714,Male,40,D001,3,6,4.0,4.0,3.993,85,No,No,Not Eligible,0,Completed,Low Risk
S2715,D/DBA/25/2725,Student_2715,Female,42,D004,1,1,3.3625,0.0,3.3625,86,No,Yes,Eligible,0,Completed,Low Risk
S2716,D/DBA/25/2726,Student_2716,Male,41,D004,2,4,4.0,4.0,3.9677,91,No,Yes,Eligible,0,Completed,Low Risk
S2717,D/ICT/25/2727,Student_2717,Female,39,D005,4,7,3.5417,3.3,3.341,70,No,Yes,Not Eligible,0,Completed,Low Risk
S2718,D/BSE/25/2728,Student_2718,Female,39,D001,4,7,3.1375,3.62,3.1972,100,No,Yes,Eligible,1,Not Completed,Low Risk
S2719,D/BCS/25/2729,Student_2719,Female,40,D002,3,6,3.9115,3.9769,3.9269,82,No,Yes,Eligible,0,Completed,Low Risk
S2720,D/ICT/25/2730,Student_2720,Female,42,D005,1,2,3.535,3.8579,3.6923,90,No,Yes,Eligible,0,Completed,Low Risk
S2721,D/BSE/25/2731,Student_2721,Male,39,D001,4,8,4.0,4.0,3.96,76,No,Yes,Not Eligible,0,Completed,Low Risk
S2722,D/COE/25/2732,Student_2722,Female,42,D003,1,1,3.4952,0.0,3.4952,90,No,Yes,Eligible,0,Completed,Low Risk
S2723,D/ICT/25/2733,Student_2723,Male,41,D005,2,4,3.8545,3.5652,3.7452,88,No,Yes,Eligible,0,Completed,Low Risk
S2724,D/ICT/25/2734,Student_2724,Female,41,D005,2,4,2.8318,2.7391,2.9774,88,No,Yes,Eligible,0,Completed,Medium Risk
S2725,D/COE/25/2735,Student_2725,Male,41,D003,2,4,3.5158,3.2053,3.3114,82,No,Yes,Eligible,0,Completed,Low Risk
S2726,D/BCS/25/2736,Student_2726,Male,41,D002,2,4,2.8684,2.67,2.891,89,No,Yes,Eligible,0,Completed,Medium Risk
S2727,D/ICT/25/2737,Student_2727,Male,42,D005,1,2,3.69,3.7211,3.7051,85,No,Yes,Eligible,0,Completed,Low Risk
S2728,D/ICT/25/2738,Student_2728,Female,41,D005,2,4,3.5818,3.1696,3.581,91,No,Yes,Eligible,0,Completed,Low Risk
S2729,D/ICT/25/2739,Student_2729,Male,42,D005,1,2,3.635,3.4737,3.5564,75,No,Yes,Not Eligible,0,Completed,Low Risk
S2730,D/BCS/25/2740,Student_2730,Female,42,D002,1,1,3.9429,0.0,3.9429,99,No,Yes,Eligible,0,Completed,Low Risk
S2731,D/COE/25/2741,Student_2731,Male,42,D003,1,1,3.681,0.0,3.681,73,No,Yes,Not Eligible,0,Completed,Low Risk
S2732,D/BSE/25/2742,Student_2732,Male,41,D001,2,3,3.49,3.7833,3.639,79,No,Yes,Not Eligible,0,Completed,Low Risk
S2733,D/BCS/25/2743,Student_2733,Male,41,D002,2,3,3.42,3.5,3.4119,93,No,Yes,Eligible,0,Completed,Low Risk
S2734,D/DBA/25/2744,Student_2734,Male,42,D004,1,2,3.6471,3.6687,3.6576,91,No,Yes,Eligible,0,Completed,Low Risk
S2735,D/ICT/25/2745,Student_2735,Male,41,D005,2,4,3.6545,3.6739,3.5286,79,No,Yes,Not Eligible,0,Completed,Low Risk
S2736,D/DBA/25/2746,Student_2736,Male,40,D004,3,6,2.581,3.2105,2.8533,86,No,Yes,Eligible,0,Completed,Medium Risk
S2737,D/BSE/25/2747,Student_2737,Male,42,D001,1,1,3.5143,0.0,3.5143,82,No,Yes,Eligible,0,Completed,Low Risk
S2738,D/BSE/25/2748,Student_2738,Male,41,D001,2,4,2.8474,3.04,2.9154,75,No,Yes,Not Eligible,0,Completed,Medium Risk
S2739,D/BSE/25/2749,Student_2739,Female,40,D001,3,5,3.8231,3.8316,3.8029,99,No,No,Not Eligible,0,Completed,Low Risk
S2740,D/BCS/25/2750,Student_2740,Male,42,D002,1,2,2.6667,2.6857,2.6769,85,No,Yes,Eligible,0,Completed,Medium Risk
S2741,D/ICT/25/2751,Student_2741,Male,40,D005,3,6,4.0,3.8,3.8573,92,No,Yes,Eligible,0,Completed,Low Risk
S2742,D/BCS/25/2752,Student_2742,Male,41,D002,2,3,3.53,3.7278,3.6085,71,No,Yes,Not Eligible,0,Completed,Low Risk
S2743,D/ICT/25/2753,Student_2743,Male,42,D005,1,2,2.9,3.0579,2.9769,100,No,Yes,Eligible,0,Completed,Medium Risk
S2744,D/ICT/25/2754,Student_2744,Female,39,D005,4,8,3.7133,3.3167,3.447,92,No,Yes,Eligible,0,Completed,Low Risk
S2745,D/BSE/25/2755,Student_2745,Male,40,D001,3,6,3.68,3.7692,3.6349,81,No,Yes,Eligible,0,Completed,Low Risk
S2746,D/COE/25/2756,Student_2746,Male,42,D003,1,1,3.7238,0.0,3.7238,97,No,Yes,Eligible,0,Completed,Low Risk
S2747,D/BSE/25/2757,Student_2747,Male,40,D001,3,5,2.7692,3.4316,3.0567,100,No,Yes,Eligible,1,Not Completed,Low Risk
S2748,D/DBA/25/2758,Student_2748,Male,41,D004,2,3,3.75,3.8824,3.7137,95,No,No,Not Eligible,0,Completed,Low Risk
S2749,D/COE/25/2759,Student_2749,Male,42,D003,1,1,2.8667,0.0,2.8667,80,No,Yes,Eligible,0,Completed,Medium Risk
S2750,D/BSE/25/2760,Student_2750,Male,41,D001,2,4,3.6053,3.3,3.309,84,No,No,Not Eligible,0,Completed,Low Risk
S2751,D/ICT/25/2761,Student_2751,Female,41,D005,2,3,2.6913,2.81,2.8177,100,No,Yes,Eligible,0,Completed,Medium Risk
S2752,D/BSE/25/2762,Student_2752,Male,41,D001,2,4,4.0,3.8,3.8474,89,No,Yes,Eligible,0,Completed,Low Risk
S2753,D/BCS/25/2763,Student_2753,Female,42,D002,1,1,3.5,0.0,3.5,84,No,Yes,Eligible,0,Completed,Low Risk
S2754,D/BSE/25/2764,Student_2754,Male,40,D001,3,5,3.3615,3.3684,3.2375,78,Yes,Yes,Eligible,0,Completed,Low Risk
S2755,D/ICT/25/2765,Student_2755,Male,40,D005,3,5,2.18,2.8364,2.5394,72,No,Yes,Not Eligible,4,Not Completed,High Risk
S2756,D/DBA/25/2766,Student_2756,Male,42,D004,1,1,3.4,0.0,3.4,92,No,Yes,Eligible,0,Completed,Low Risk
S2757,D/BSE/25/2767,Student_2757,Male,39,D001,4,7,2.9625,2.908,2.8924,83,No,Yes,Eligible,0,Completed,Medium Risk
S2758,D/DBA/25/2768,Student_2758,Male,41,D004,2,3,3.2556,3.3118,3.2686,83,No,Yes,Eligible,0,Completed,Low Risk
S2759,D/DBA/25/2769,Student_2759,Female,41,D004,2,4,2.4643,2.8,2.6831,88,No,Yes,Eligible,0,Completed,Medium Risk
S2760,D/BCS/25/2770,Student_2760,Male,42,D002,1,2,3.2889,3.6952,3.5077,85,No,Yes,Eligible,0,Completed,Low Risk
S2761,D/BCS/25/2771,Student_2761,Female,42,D002,1,1,3.5571,0.0,3.5571,91,No,Yes,Eligible,0,Completed,Low Risk
S2762,D/DBA/25/2772,Student_2762,Female,40,D004,3,6,3.4952,3.5842,3.5752,90,No,No,Not Eligible,0,Completed,Low Risk
S2763,D/ICT/25/2773,Student_2763,Male,42,D005,1,1,3.8263,0.0,3.8263,100,No,Yes,Eligible,0,Completed,Low Risk
S2764,D/COE/25/2774,Student_2764,Female,41,D003,2,4,3.3,2.8579,3.0835,93,No,Yes,Eligible,0,Completed,Low Risk
S2765,D/BSE/25/2775,Student_2765,Male,41,D001,2,3,2.58,2.8667,2.6898,74,Yes,Yes,Eligible,1,Not Completed,Medium Risk
S2766,D/BSE/25/2776,Student_2766,Male,41,D001,2,4,3.3789,3.31,3.3231,81,No,Yes,Eligible,0,Completed,Low Risk
S2767,D/BCS/25/2777,Student_2767,Male,39,D002,4,7,3.1667,2.9538,2.9541,90,No,Yes,Eligible,0,Completed,Medium Risk
S2768,D/DBA/25/2778,Student_2768,Male,42,D004,1,1,2.9312,0.0,2.9312,96,No,Yes,Eligible,0,Completed,Medium Risk
S2769,D/BSE/25/2779,Student_2769,Female,42,D001,1,1,3.7762,0.0,3.7762,76,No,Yes,Not Eligible,0,Completed,Low Risk
S2770,D/COE/25/2780,Student_2770,Female,39,D003,4,7,3.0238,2.932,3.0408,87,No,No,Not Eligible,0,Completed,Low Risk
S2771,D/ICT/25/2781,Student_2771,Male,40,D005,3,5,3.72,3.6318,3.7212,88,No,Yes,Eligible,0,Completed,Low Risk
S2772,D/BCS/25/2782,Student_2772,Male,40,D002,3,5,3.3846,2.6158,3.0317,86,No,Yes,Eligible,0,Completed,Low Risk
S2773,D/BCS/25/2783,Student_2773,Male,41,D002,2,3,2.93,3.1111,2.9983,84,No,Yes,Eligible,0,Completed,Medium Risk
S2774,D/ICT/25/2784,Student_2774,Female,42,D005,1,1,3.5211,0.0,3.5211,99,No,Yes,Eligible,0,Completed,Low Risk
S2775,D/BCS/25/2785,Student_2775,Male,41,D002,2,3,2.27,2.15,2.2627,75,Yes,Yes,Eligible,1,Not Completed,Medium Risk
S2776,D/BCS/25/2786,Student_2776,Female,39,D002,4,7,3.3111,3.3269,3.2338,93,No,Yes,Eligible,0,Completed,Low Risk
S2777,D/BSE/25/2787,Student_2777,Female,40,D001,3,6,3.22,3.4692,3.2403,89,No,Yes,Eligible,0,Completed,Low Risk
S2778,D/COE/25/2788,Student_2778,Male,42,D003,1,2,3.045,3.5143,3.2854,95,No,Yes,Eligible,0,Completed,Low Risk
S2779,D/BCS/25/2789,Student_2779,Male,41,D002,2,3,3.77,3.1944,3.5034,85,No,Yes,Eligible,0,Completed,Low Risk
S2780,D/BSE/25/2790,Student_2780,Male,41,D001,2,3,3.4,3.3556,3.1542,86,No,Yes,Eligible,0,Completed,Low Risk
S2781,D/BCS/25/2791,Student_2781,Female,41,D002,2,4,2.0474,2.24,1.9782,76,No,Yes,Not Eligible,6,Not Completed,High Risk
S2782,D/BCS/25/2792,Student_2782,Female,41,D002,2,4,3.9263,3.83,3.8821,79,No,Yes,Not Eligible,0,Completed,Low Risk
S2783,D/ICT/25/2793,Student_2783,Male,40,D005,3,6,3.0,3.265,3.3636,81,No,Yes,Eligible,0,Completed,Low Risk
S2784,D/BSE/25/2794,Student_2784,Male,40,D001,3,5,3.7385,3.1947,3.5846,88,No,Yes,Eligible,0,Completed,Low Risk
S2785,D/COE/25/2795,Student_2785,Male,39,D003,4,8,3.82,3.619,3.5635,97,No,Yes,Eligible,0,Completed,Low Risk
S2786,D/ICT/25/2796,Student_2786,Female,39,D005,4,7,3.4375,1.3,3.0896,83,No,Yes,Eligible,0,Completed,Low Risk
S2787,D/DBA/25/2797,Student_2787,Male,42,D004,1,1,3.8563,0.0,3.8563,84,No,Yes,Eligible,0,Completed,Low Risk
S2788,D/BSE/25/2798,Student_2788,Male,41,D001,2,3,3.63,3.5611,3.4153,90,No,Yes,Eligible,0,Completed,Low Risk
S2789,D/DBA/25/2799,Student_2789,Female,42,D004,1,2,3.8765,3.9813,3.9273,84,No,Yes,Eligible,0,Completed,Low Risk
S2790,D/DBA/25/2800,Student_2790,Female,39,D004,4,8,4.0,3.8769,3.7586,79,No,Yes,Not Eligible,0,Completed,Low Risk
S2791,D/BSE/25/2801,Student_2791,Male,42,D001,1,1,3.3857,0.0,3.3857,100,No,Yes,Eligible,0,Completed,Low Risk
S2792,D/DBA/25/2802,Student_2792,Female,41,D004,2,4,3.2857,2.7389,3.2708,93,No,Yes,Eligible,0,Completed,Low Risk
S2793,D/BSE/25/2803,Student_2793,Female,39,D001,4,8,3.6,2.7625,3.1312,82,No,Yes,Eligible,0,Completed,Low Risk
S2794,D/BCS/25/2804,Student_2794,Male,42,D002,1,1,3.5333,0.0,3.5333,94,No,Yes,Eligible,0,Completed,Low Risk
S2795,D/COE/25/2805,Student_2795,Female,42,D003,1,2,2.065,2.3667,2.2195,84,No,Yes,Eligible,2,Not Completed,High Risk
S2796,D/BCS/25/2806,Student_2796,Male,41,D002,2,4,2.5053,2.12,2.441,89,No,Yes,Eligible,0,Completed,Medium Risk
S2797,D/COE/25/2807,Student_2797,Male,41,D003,2,3,3.2947,3.61,3.5,88,No,Yes,Eligible,0,Completed,Low Risk
S2798,D/BCS/25/2808,Student_2798,Male,40,D002,3,5,3.6,3.8316,3.5125,78,No,No,Not Eligible,0,Completed,Low Risk
S2799,D/COE/25/2809,Student_2799,Male,39,D003,4,8,3.58,3.3429,3.3653,100,No,Yes,Eligible,0,Completed,Low Risk
S2800,D/DBA/25/2810,Student_2800,Male,40,D004,3,5,3.9526,4.0,3.8786,76,No,Yes,Not Eligible,0,Completed,Low Risk
S2801,D/BCS/25/2811,Student_2801,Female,39,D002,4,7,3.7444,3.8462,3.7115,73,No,Yes,Not Eligible,0,Completed,Low Risk
S2802,D/BCS/25/2812,Student_2802,Male,40,D002,3,5,3.4769,3.1947,3.226,83,No,Yes,Eligible,0,Completed,Low Risk
S2803,D/BSE/25/2813,Student_2803,Female,41,D001,2,4,3.4947,3.34,3.1667,89,No,Yes,Eligible,0,Completed,Low Risk
S2804,D/BCS/25/2814,Student_2804,Male,39,D002,4,7,3.0111,2.9615,3.0824,79,No,Yes,Not Eligible,0,Completed,Low Risk
S2805,D/COE/25/2815,Student_2805,Female,40,D003,3,5,2.7852,2.8684,2.8481,69,No,Yes,Not Eligible,1,Not Completed,Medium Risk
S2806,D/DBA/25/2816,Student_2806,Female,42,D004,1,2,3.2588,3.3875,3.3212,80,No,Yes,Eligible,0,Completed,Low Risk
S2807,D/BCS/25/2817,Student_2807,Female,42,D002,1,2,2.2667,2.4381,2.359,77,Yes,Yes,Eligible,0,Completed,Medium Risk
S2808,D/COE/25/2818,Student_2808,Male,40,D003,3,6,3.58,3.6667,3.6374,97,No,Yes,Eligible,0,Completed,Low Risk
S2809,D/BCS/25/2819,Student_2809,Female,40,D002,3,5,3.0538,3.1526,3.0933,85,No,Yes,Eligible,0,Completed,Low Risk
S2810,D/BSE/25/2820,Student_2810,Female,42,D001,1,2,3.1611,3.2381,3.2026,94,No,Yes,Eligible,0,Completed,Low Risk
S2811,D/BCS/25/2821,Student_2811,Female,39,D002,4,8,3.88,3.5889,3.5834,80,No,Yes,Eligible,0,Completed,Low Risk
S2812,D/ICT/25/2822,Student_2812,Male,41,D005,2,4,3.1409,2.8826,3.0607,78,No,Yes,Not Eligible,0,Completed,Low Risk
S2813,D/BCS/25/2823,Student_2813,Male,41,D002,2,3,3.44,3.8056,3.6695,100,No,Yes,Eligible,0,Completed,Low Risk
S2814,D/DBA/25/2824,Student_2814,Male,40,D004,3,5,3.7105,3.4571,3.6381,89,No,Yes,Eligible,0,Completed,Low Risk
S2815,D/DBA/25/2825,Student_2815,Male,40,D004,3,6,2.5476,2.7263,2.7571,89,No,Yes,Eligible,0,Completed,Medium Risk
S2816,D/COE/25/2826,Student_2816,Male,40,D003,3,5,3.7852,3.3947,3.6491,90,No,Yes,Eligible,0,Completed,Low Risk
S2817,D/BSE/25/2827,Student_2817,Male,41,D001,2,3,3.7,3.3667,3.6,86,No,No,Not Eligible,0,Completed,Low Risk
S2818,D/BCS/25/2828,Student_2818,Male,42,D002,1,1,3.8095,0.0,3.8095,77,Yes,Yes,Eligible,0,Completed,Low Risk
S2819,D/DBA/25/2829,Student_2819,Male,40,D004,3,5,3.7947,3.9571,3.9321,79,No,Yes,Not Eligible,0,Completed,Low Risk
S2820,D/COE/25/2830,Student_2820,Male,42,D003,1,2,3.14,3.2524,3.1976,93,No,Yes,Eligible,0,Completed,Low Risk
S2821,D/BCS/25/2831,Student_2821,Male,42,D002,1,2,3.8944,3.8524,3.8718,86,No,Yes,Eligible,0,Completed,Low Risk
S2822,D/BCS/25/2832,Student_2822,Male,40,D002,3,5,3.7154,3.4947,3.6433,100,No,Yes,Eligible,0,Completed,Low Risk
S2823,D/BSE/25/2833,Student_2823,Female,42,D001,1,1,3.3524,0.0,3.3524,95,No,Yes,Eligible,0,Completed,Low Risk
S2824,D/COE/25/2834,Student_2824,Male,41,D003,2,3,2.8158,3.09,2.92,76,Yes,Yes,Eligible,0,Completed,Medium Risk
S2825,D/BSE/25/2835,Student_2825,Female,40,D001,3,5,3.7077,3.8211,3.7221,85,No,Yes,Eligible,0,Completed,Low Risk
S2826,D/COE/25/2836,Student_2826,Female,40,D003,3,6,3.648,3.7037,3.6672,70,No,Yes,Not Eligible,0,Completed,Low Risk
S2827,D/COE/25/2837,Student_2827,Male,40,D003,3,5,4.0,4.0,3.9698,88,No,Yes,Eligible,0,Completed,Low Risk
S2828,D/BSE/25/2838,Student_2828,Female,40,D001,3,6,2.792,2.6769,2.5295,90,No,Yes,Eligible,4,Not Completed,High Risk
S2829,D/BSE/25/2839,Student_2829,Male,40,D001,3,5,3.4308,3.2474,3.3817,93,No,Yes,Eligible,0,Completed,Low Risk
S2830,D/COE/25/2840,Student_2830,Male,39,D003,4,7,3.9333,4.0,3.9592,71,Yes,No,Not Eligible,0,Completed,Low Risk
S2831,D/DBA/25/2841,Student_2831,Male,41,D004,2,4,3.6286,3.3333,3.3646,100,No,Yes,Eligible,0,Completed,Low Risk
S2832,D/COE/25/2842,Student_2832,Male,39,D003,4,7,2.7,2.736,2.4441,85,No,Yes,Eligible,3,Not Completed,High Risk
S2833,D/DBA/25/2843,Student_2833,Male,41,D004,2,3,3.5667,3.3471,3.2118,71,No,Yes,Not Eligible,0,Completed,Low Risk
S2834,D/DBA/25/2844,Student_2834,Male,42,D004,1,1,2.9813,0.0,2.9813,78,No,Yes,Not Eligible,0,Completed,Medium Risk
S2835,D/DBA/25/2845,Student_2835,Female,39,D004,4,7,3.9538,3.8571,3.8588,79,No,Yes,Not Eligible,0,Completed,Low Risk
S2836,D/BCS/25/2846,Student_2836,Male,41,D002,2,4,2.2842,2.57,2.491,83,No,Yes,Eligible,0,Completed,Medium Risk
S2837,D/BCS/25/2847,Student_2837,Female,42,D002,1,2,4.0,4.0,4.0,94,No,Yes,Eligible,0,Completed,Low Risk
S2838,D/COE/25/2848,Student_2838,Female,40,D003,3,6,3.964,3.9778,3.8618,85,No,Yes,Eligible,0,Completed,Low Risk
S2839,D/ICT/25/2849,Student_2839,Male,40,D005,3,6,2.7,3.835,3.7945,87,No,Yes,Eligible,0,Completed,Low Risk
S2840,D/BCS/25/2850,Student_2840,Male,41,D002,2,4,4.0,3.97,3.9923,74,Yes,Yes,Eligible,0,Completed,Low Risk
S2841,D/BSE/25/2851,Student_2841,Male,41,D001,2,3,3.9,3.3556,3.7102,94,No,No,Not Eligible,0,Completed,Low Risk
S2842,D/BCS/25/2852,Student_2842,Male,42,D002,1,1,3.9429,0.0,3.9429,89,No,Yes,Eligible,0,Completed,Low Risk
S2843,D/BCS/25/2853,Student_2843,Male,42,D002,1,1,3.3476,0.0,3.3476,86,No,Yes,Eligible,0,Completed,Low Risk
S2844,D/ICT/25/2854,Student_2844,Male,40,D005,3,5,2.875,3.0136,2.9817,90,No,Yes,Eligible,0,Completed,Medium Risk
S2845,D/ICT/25/2855,Student_2845,Male,41,D005,2,3,3.0565,2.59,2.7855,82,No,Yes,Eligible,0,Completed,Medium Risk
S2846,D/BCS/25/2856,Student_2846,Male,42,D002,1,1,2.8095,0.0,2.8095,64,No,No,Not Eligible,0,Completed,Medium Risk
S2847,D/BCS/25/2857,Student_2847,Female,40,D002,3,5,2.9615,2.5526,2.8115,92,No,Yes,Eligible,1,Not Completed,Medium Risk
S2848,D/BCS/25/2858,Student_2848,Female,41,D002,2,4,3.7842,3.77,3.8436,71,No,Yes,Not Eligible,0,Completed,Low Risk
S2849,D/DBA/25/2859,Student_2849,Male,40,D004,3,6,3.819,3.6842,3.5419,86,No,Yes,Eligible,0,Completed,Low Risk
S2850,D/BSE/25/2860,Student_2850,Female,39,D001,4,7,3.1,3.232,3.2655,89,No,Yes,Eligible,0,Completed,Low Risk
S2851,D/ICT/25/2861,Student_2851,Male,41,D005,2,3,3.5522,3.89,3.7339,80,No,Yes,Eligible,0,Completed,Low Risk
S2852,D/BCS/25/2862,Student_2852,Male,39,D002,4,8,2.5,2.6111,2.8387,71,Yes,Yes,Eligible,0,Completed,Medium Risk
S2853,D/COE/25/2863,Student_2853,Female,41,D003,2,4,3.5,3.3,3.4152,76,No,Yes,Not Eligible,0,Completed,Low Risk
S2854,D/BSE/25/2864,Student_2854,Male,42,D001,1,2,3.5111,3.8762,3.7077,82,No,Yes,Eligible,0,Completed,Low Risk
S2855,D/COE/25/2865,Student_2855,Male,42,D003,1,1,3.5952,0.0,3.5952,82,No,Yes,Eligible,0,Completed,Low Risk
S2856,D/COE/25/2866,Student_2856,Male,41,D003,2,3,3.6421,3.63,3.6517,95,No,Yes,Eligible,0,Completed,Low Risk
S2857,D/DBA/25/2867,Student_2857,Male,39,D004,4,8,2.7,3.6769,3.2586,81,No,Yes,Eligible,0,Completed,Low Risk
S2858,D/BCS/25/2868,Student_2858,Male,40,D002,3,5,3.8462,3.6895,3.7712,83,No,Yes,Eligible,0,Completed,Low Risk
S2859,D/BSE/25/2869,Student_2859,Male,39,D001,4,7,2.85,2.86,2.6986,78,No,Yes,Not Eligible,1,Not Completed,Medium Risk
S2860,D/DBA/25/2870,Student_2860,Female,40,D004,3,5,3.3895,3.3929,3.3964,81,No,No,Not Eligible,0,Completed,Low Risk
S2861,D/BCS/25/2871,Student_2861,Female,41,D002,2,3,3.6,3.65,3.6678,99,No,Yes,Eligible,0,Completed,Low Risk
S2862,D/DBA/25/2872,Student_2862,Female,40,D004,3,6,3.8048,3.8211,3.6676,76,No,Yes,Not Eligible,0,Completed,Low Risk
S2863,D/BSE/25/2873,Student_2863,Male,40,D001,3,5,3.1308,3.2263,3.3404,73,No,Yes,Not Eligible,0,Completed,Low Risk
S2864,D/COE/25/2874,Student_2864,Male,41,D003,2,3,3.3842,3.21,3.31,82,No,Yes,Eligible,0,Completed,Low Risk
S2865,D/COE/25/2875,Student_2865,Male,41,D003,2,3,1.7789,2.6,2.1733,78,Yes,Yes,Eligible,2,Not Completed,High Risk
S2866,D/BCS/25/2876,Student_2866,Female,39,D002,4,8,3.4,3.5889,3.3,100,No,Yes,Eligible,0,Completed,Low Risk
S2867,D/BSE/25/2877,Student_2867,Female,40,D001,3,6,3.976,4.0,3.9953,95,No,Yes,Eligible,0,Completed,Low Risk
S2868,D/ICT/25/2878,Student_2868,Male,41,D005,2,3,2.8609,3.275,3.0081,87,No,Yes,Eligible,0,Completed,Low Risk
S2869,D/DBA/25/2879,Student_2869,Male,40,D004,3,5,3.2211,3.6643,3.4821,68,Yes,No,Not Eligible,1,Not Completed,Low Risk
S2870,D/BCS/25/2880,Student_2870,Male,40,D002,3,5,3.4385,3.5211,3.5356,93,No,Yes,Eligible,0,Completed,Low Risk
S2871,D/BCS/25/2881,Student_2871,Male,39,D002,4,7,4.0,3.9769,3.9628,72,No,Yes,Not Eligible,0,Completed,Low Risk
S2872,D/COE/25/2882,Student_2872,Male,41,D003,2,3,3.6211,3.525,3.3833,72,No,Yes,Not Eligible,0,Completed,Low Risk
S2873,D/BSE/25/2883,Student_2873,Male,40,D001,3,5,2.5769,2.5842,2.7385,78,Yes,Yes,Eligible,0,Completed,Medium Risk
S2874,D/BSE/25/2884,Student_2874,Female,41,D001,2,4,4.0,4.0,3.959,89,No,Yes,Eligible,0,Completed,Low Risk
S2875,D/DBA/25/2885,Student_2875,Male,40,D004,3,5,3.3632,3.4929,3.1298,89,No,Yes,Eligible,0,Completed,Low Risk
S2876,D/BCS/25/2886,Student_2876,Male,41,D002,2,4,3.0632,2.9,3.0128,81,No,Yes,Eligible,0,Completed,Low Risk
S2877,D/BSE/25/2887,Student_2877,Male,40,D001,3,5,3.7692,3.8947,3.8923,85,No,Yes,Eligible,0,Completed,Low Risk
S2878,D/BSE/25/2888,Student_2878,Male,42,D001,1,2,1.9111,1.8524,1.8795,99,No,Yes,Eligible,2,Not Completed,High Risk
S2879,D/DBA/25/2889,Student_2879,Female,42,D004,1,1,3.8875,0.0,3.8875,85,No,Yes,Eligible,0,Completed,Low Risk
S2880,D/BCS/25/2890,Student_2880,Male,40,D002,3,6,3.5192,3.4154,3.5038,66,No,Yes,Not Eligible,0,Completed,Low Risk
S2881,D/BSE/25/2891,Student_2881,Male,40,D001,3,5,3.1231,3.5105,3.0913,95,No,Yes,Eligible,0,Completed,Low Risk
S2882,D/ICT/25/2892,Student_2882,Female,41,D005,2,3,3.4435,3.765,3.5403,88,No,Yes,Eligible,0,Completed,Low Risk
S2883,D/COE/25/2893,Student_2883,Male,40,D003,3,5,3.2704,3.5895,3.4717,79,No,Yes,Not Eligible,0,Completed,Low Risk
S2884,D/BSE/25/2894,Student_2884,Female,39,D001,4,8,3.72,3.725,3.595,83,No,Yes,Eligible,0,Completed,Low Risk
S2885,D/BCS/25/2895,Student_2885,Female,40,D002,3,5,2.3385,2.5632,2.3904,89,No,Yes,Eligible,1,Not Completed,Medium Risk
S2886,D/BCS/25/2896,Student_2886,Male,40,D002,3,5,3.9,3.8158,3.7596,83,No,Yes,Eligible,0,Completed,Low Risk
S2887,D/DBA/25/2897,Student_2887,Female,42,D004,1,2,2.5882,2.3562,2.4758,95,No,Yes,Eligible,0,Completed,Medium Risk
S2888,D/BSE/25/2898,Student_2888,Female,42,D001,1,2,4.0,3.9667,3.9821,75,No,Yes,Not Eligible,0,Completed,Low Risk
S2889,D/BCS/25/2899,Student_2889,Male,40,D002,3,5,3.4846,3.6158,3.5913,82,No,Yes,Eligible,0,Completed,Low Risk
S2890,D/COE/25/2900,Student_2890,Female,39,D003,4,8,4.0,4.0,3.9826,82,No,Yes,Eligible,0,Completed,Low Risk
S2891,D/BCS/25/2901,Student_2891,Female,39,D002,4,7,3.4111,3.3231,3.4297,83,No,Yes,Eligible,0,Completed,Low Risk
S2892,D/BSE/25/2902,Student_2892,Male,42,D001,1,2,3.6167,3.8762,3.7564,68,No,Yes,Not Eligible,0,Completed,Low Risk
S2893,D/ICT/25/2903,Student_2893,Female,42,D005,1,2,2.895,2.7263,2.8128,79,No,Yes,Not Eligible,0,Completed,Medium Risk
S2894,D/COE/25/2904,Student_2894,Female,39,D003,4,7,3.6476,3.592,3.6197,84,No,Yes,Eligible,0,Completed,Low Risk
S2895,D/DBA/25/2905,Student_2895,Female,40,D004,3,6,3.8714,3.8895,3.8619,90,No,Yes,Eligible,0,Completed,Low Risk
S2896,D/BSE/25/2906,Student_2896,Female,42,D001,1,1,3.5286,0.0,3.5286,81,No,Yes,Eligible,0,Completed,Low Risk
S2897,D/DBA/25/2907,Student_2897,Male,41,D004,2,4,1.8,2.9,2.7585,88,No,Yes,Eligible,0,Completed,Medium Risk
S2898,D/BCS/25/2908,Student_2898,Female,42,D002,1,1,3.3143,0.0,3.3143,83,No,Yes,Eligible,0,Completed,Low Risk
S2899,D/ICT/25/2909,Student_2899,Female,40,D005,3,5,3.955,3.7955,3.6856,84,No,Yes,Eligible,0,Completed,Low Risk
S2900,D/BCS/25/2910,Student_2900,Female,41,D002,2,3,3.3,3.4222,3.4407,75,No,Yes,Not Eligible,0,Completed,Low Risk
S2901,D/BSE/25/2911,Student_2901,Male,41,D001,2,4,3.0,2.52,2.8282,76,No,Yes,Not Eligible,0,Completed,Medium Risk
S2902,D/ICT/25/2912,Student_2902,Male,42,D005,1,2,3.41,3.5368,3.4718,81,No,Yes,Eligible,0,Completed,Low Risk
S2903,D/ICT/25/2913,Student_2903,Female,42,D005,1,1,3.9684,0.0,3.9684,89,No,No,Not Eligible,0,Completed,Low Risk
S2904,D/BSE/25/2914,Student_2904,Male,42,D001,1,1,2.3143,0.0,2.3143,77,No,Yes,Not Eligible,1,Not Completed,Medium Risk
S2905,D/BSE/25/2915,Student_2905,Male,39,D001,4,8,3.72,3.5,3.3319,92,No,Yes,Eligible,0,Completed,Low Risk
S2906,D/BSE/25/2916,Student_2906,Male,40,D001,3,5,3.7462,3.7316,3.6558,92,No,Yes,Eligible,0,Completed,Low Risk
S2907,D/COE/25/2917,Student_2907,Male,41,D003,2,4,3.7421,3.6105,3.7392,95,No,No,Not Eligible,0,Completed,Low Risk
S2908,D/ICT/25/2918,Student_2908,Male,40,D005,3,5,2.705,2.7136,2.7029,91,No,Yes,Eligible,1,Not Completed,Medium Risk
S2909,D/COE/25/2919,Student_2909,Female,41,D003,2,3,3.2842,2.715,2.9433,87,No,Yes,Eligible,1,Not Completed,Medium Risk
S2910,D/ICT/25/2920,Student_2910,Male,40,D005,3,5,4.0,4.0,3.9654,85,No,Yes,Eligible,0,Completed,Low Risk
S2911,D/BSE/25/2921,Student_2911,Male,41,D001,2,4,3.0211,2.53,2.7577,98,No,Yes,Eligible,1,Not Completed,Medium Risk
S2912,D/BSE/25/2922,Student_2912,Male,39,D001,4,8,3.7,3.5375,3.6525,87,No,Yes,Eligible,0,Completed,Low Risk
S2913,D/BCS/25/2923,Student_2913,Male,42,D002,1,1,2.6429,0.0,2.6429,82,No,Yes,Eligible,0,Completed,Medium Risk
S2914,D/BSE/25/2924,Student_2914,Male,42,D001,1,2,2.6833,2.819,2.7564,85,No,Yes,Eligible,0,Completed,Medium Risk
S2915,D/COE/25/2925,Student_2915,Female,39,D003,4,8,4.0,3.9,3.9713,99,No,Yes,Eligible,0,Completed,Low Risk
S2916,D/BSE/25/2926,Student_2916,Female,41,D001,2,4,2.2211,2.33,2.2244,85,No,Yes,Eligible,3,Not Completed,High Risk
S2917,D/ICT/25/2927,Student_2917,Female,41,D005,2,3,4.0,4.0,4.0,91,No,Yes,Eligible,0,Completed,Low Risk
S2918,D/BSE/25/2928,Student_2918,Male,41,D001,2,4,3.8211,3.79,3.7885,85,No,Yes,Eligible,0,Completed,Low Risk
S2919,D/BSE/25/2929,Student_2919,Male,40,D001,3,6,3.624,3.2308,3.338,86,No,Yes,Eligible,0,Completed,Low Risk
S2920,D/BCS/25/2930,Student_2920,Male,40,D002,3,5,3.8,3.6105,3.6923,90,No,Yes,Eligible,0,Completed,Low Risk
S2921,D/DBA/25/2931,Student_2921,Female,42,D004,1,1,3.6812,0.0,3.6812,81,No,Yes,Eligible,0,Completed,Low Risk
S2922,D/BSE/25/2932,Student_2922,Female,42,D001,1,1,3.3,0.0,3.3,71,No,Yes,Not Eligible,0,Completed,Low Risk
S2923,D/BCS/25/2933,Student_2923,Male,42,D002,1,2,2.5278,2.8619,2.7077,71,Yes,Yes,Eligible,0,Completed,Medium Risk
S2924,D/BCS/25/2934,Student_2924,Male,40,D002,3,6,3.3038,3.3846,3.2508,100,No,Yes,Eligible,0,Completed,Low Risk
S2925,D/BSE/25/2935,Student_2925,Female,39,D001,4,8,3.28,3.1125,3.4013,88,No,Yes,Eligible,0,Completed,Low Risk
S2926,D/BCS/25/2936,Student_2926,Male,39,D002,4,8,3.4,3.6333,3.5387,86,No,Yes,Eligible,0,Completed,Low Risk
S2927,D/BCS/25/2937,Student_2927,Female,42,D002,1,1,3.4762,0.0,3.4762,81,No,Yes,Eligible,0,Completed,Low Risk
S2928,D/BCS/25/2938,Student_2928,Male,41,D002,2,4,3.6368,3.9,3.7962,76,No,Yes,Not Eligible,0,Completed,Low Risk
S2929,D/ICT/25/2939,Student_2929,Female,39,D005,4,8,3.9067,3.8375,3.8644,81,No,Yes,Eligible,0,Completed,Low Risk
S2930,D/BSE/25/2940,Student_2930,Female,42,D001,1,1,3.8714,0.0,3.8714,85,No,Yes,Eligible,0,Completed,Low Risk
S2931,D/BSE/25/2941,Student_2931,Male,42,D001,1,2,2.8944,2.4857,2.6744,100,No,Yes,Eligible,1,Not Completed,Medium Risk
S2932,D/DBA/25/2942,Student_2932,Male,42,D004,1,1,2.7563,0.0,2.7563,97,No,Yes,Eligible,0,Completed,Medium Risk
S2933,D/ICT/25/2943,Student_2933,Male,42,D005,1,1,3.2263,0.0,3.2263,90,No,Yes,Eligible,0,Completed,Low Risk
S2934,D/ICT/25/2944,Student_2934,Male,39,D005,4,7,3.5,4.0,3.2485,75,No,Yes,Not Eligible,0,Completed,Low Risk
S2935,D/ICT/25/2945,Student_2935,Female,39,D005,4,8,2.6933,2.7958,2.5349,92,No,Yes,Eligible,2,Not Completed,High Risk
S2936,D/BCS/25/2946,Student_2936,Female,40,D002,3,6,3.9769,3.8538,3.8485,79,No,Yes,Not Eligible,0,Completed,Low Risk
S2937,D/COE/25/2947,Student_2937,Male,42,D003,1,2,3.575,3.4905,3.5317,60,No,Yes,Not Eligible,0,Completed,Low Risk
S2938,D/COE/25/2948,Student_2938,Male,41,D003,2,4,3.6,3.5316,3.6063,85,No,Yes,Eligible,0,Completed,Low Risk
S2939,D/BCS/25/2949,Student_2939,Male,40,D002,3,5,3.8,3.9684,3.8298,86,No,Yes,Eligible,0,Completed,Low Risk
S2940,D/COE/25/2950,Student_2940,Male,42,D003,1,2,4.0,3.9714,3.9854,84,No,Yes,Eligible,0,Completed,Low Risk
S2941,D/BCS/25/2951,Student_2941,Male,41,D002,2,3,2.93,3.0333,2.8864,99,No,Yes,Eligible,0,Completed,Medium Risk
S2942,D/BSE/25/2952,Student_2942,Male,39,D001,4,8,3.14,2.8875,3.2437,79,No,Yes,Not Eligible,0,Completed,Low Risk
S2943,D/BSE/25/2953,Student_2943,Female,40,D001,3,5,2.9154,2.6684,2.9317,96,No,Yes,Eligible,0,Completed,Medium Risk
S2944,D/BSE/25/2954,Student_2944,Female,42,D001,1,1,3.0333,0.0,3.0333,87,No,Yes,Eligible,0,Completed,Low Risk
S2945,D/ICT/25/2955,Student_2945,Female,42,D005,1,2,3.92,3.8579,3.8897,83,No,Yes,Eligible,0,Completed,Low Risk
S2946,D/COE/25/2956,Student_2946,Male,41,D003,2,4,3.9368,3.8,3.8734,83,No,Yes,Eligible,0,Completed,Low Risk
S2947,D/DBA/25/2957,Student_2947,Female,42,D004,1,1,3.3937,0.0,3.3937,78,No,Yes,Not Eligible,0,Completed,Low Risk
S2948,D/ICT/25/2958,Student_2948,Male,42,D005,1,2,3.735,3.4789,3.6103,74,No,Yes,Not Eligible,0,Completed,Low Risk
S2949,D/COE/25/2959,Student_2949,Male,40,D003,3,6,3.832,3.8815,3.8809,78,No,Yes,Not Eligible,0,Completed,Low Risk
S2950,D/COE/25/2960,Student_2950,Female,40,D003,3,6,2.912,2.9889,2.871,87,No,Yes,Eligible,1,Not Completed,Medium Risk
S2951,D/DBA/25/2961,Student_2951,Male,42,D004,1,2,3.0294,3.4062,3.2121,78,No,Yes,Not Eligible,0,Completed,Low Risk
S2952,D/BSE/25/2962,Student_2952,Male,42,D001,1,1,3.6762,0.0,3.6762,81,No,Yes,Eligible,0,Completed,Low Risk
S2953,D/COE/25/2963,Student_2953,Male,41,D003,2,3,2.6632,3.015,2.8167,73,No,No,Not Eligible,0,Completed,Medium Risk
S2954,D/BSE/25/2964,Student_2954,Male,42,D001,1,2,3.9222,3.9048,3.9128,82,No,Yes,Eligible,0,Completed,Low Risk
S2955,D/ICT/25/2965,Student_2955,Female,41,D005,2,4,3.8773,3.7783,3.7893,90,No,Yes,Eligible,0,Completed,Low Risk
S2956,D/ICT/25/2966,Student_2956,Male,42,D005,1,1,3.1474,0.0,3.1474,85,No,Yes,Eligible,0,Completed,Low Risk
S2957,D/DBA/25/2967,Student_2957,Male,42,D004,1,1,3.35,0.0,3.35,77,No,Yes,Not Eligible,0,Completed,Low Risk
S2958,D/BSE/25/2968,Student_2958,Male,40,D001,3,6,2.688,2.8231,2.7178,80,No,Yes,Eligible,1,Not Completed,Medium Risk
S2959,D/COE/25/2969,Student_2959,Female,42,D003,1,1,3.5286,0.0,3.5286,75,No,Yes,Not Eligible,0,Completed,Low Risk
S2960,D/ICT/25/2970,Student_2960,Female,42,D005,1,2,2.725,3.2,2.9564,85,No,Yes,Eligible,0,Completed,Medium Risk
S2961,D/COE/25/2971,Student_2961,Female,41,D003,2,4,4.0,4.0,3.9734,79,No,Yes,Not Eligible,0,Completed,Low Risk
S2962,D/ICT/25/2972,Student_2962,Male,40,D005,3,5,2.925,3.1182,2.975,75,No,Yes,Not Eligible,0,Completed,Medium Risk
S2963,D/ICT/25/2973,Student_2963,Male,41,D005,2,3,3.8435,3.685,3.7677,76,Yes,Yes,Eligible,0,Completed,Low Risk
S2964,D/COE/25/2974,Student_2964,Male,42,D003,1,1,2.1619,0.0,2.1619,88,No,Yes,Eligible,1,Not Completed,Medium Risk
S2965,D/BSE/25/2975,Student_2965,Female,42,D001,1,2,2.1833,2.4095,2.3051,80,No,Yes,Eligible,2,Not Completed,High Risk
S2966,D/BCS/25/2976,Student_2966,Male,40,D002,3,5,3.6615,3.6,3.7298,93,No,Yes,Eligible,0,Completed,Low Risk
S2967,D/COE/25/2977,Student_2967,Male,41,D003,2,3,3.6632,3.645,3.5817,78,No,Yes,Not Eligible,0,Completed,Low Risk
S2968,D/ICT/25/2978,Student_2968,Male,41,D005,2,4,3.5455,3.5696,3.6774,76,No,Yes,Not Eligible,0,Completed,Low Risk
S2969,D/ICT/25/2979,Student_2969,Male,42,D005,1,1,4.0,0.0,4.0,86,No,Yes,Eligible,0,Completed,Low Risk
S2970,D/COE/25/2980,Student_2970,Female,42,D003,1,1,3.3,0.0,3.3,87,No,Yes,Eligible,0,Completed,Low Risk
S2971,D/BSE/25/2981,Student_2971,Male,41,D001,2,4,3.0211,3.05,3.0167,71,No,Yes,Not Eligible,0,Completed,Low Risk
S2972,D/BSE/25/2982,Student_2972,Male,42,D001,1,1,3.9381,0.0,3.9381,86,No,Yes,Eligible,0,Completed,Low Risk
S2973,D/DBA/25/2983,Student_2973,Male,41,D004,2,3,3.5389,3.5294,3.6157,86,No,Yes,Eligible,0,Completed,Low Risk
S2974,D/BSE/25/2984,Student_2974,Male,42,D001,1,2,3.85,4.0,3.9308,74,No,Yes,Not Eligible,0,Completed,Low Risk
S2975,D/COE/25/2985,Student_2975,Male,41,D003,2,4,3.1053,3.2,3.1747,63,Yes,Yes,Eligible,0,Completed,Low Risk
S2976,D/BCS/25/2986,Student_2976,Male,40,D002,3,6,3.2192,3.5385,3.5154,100,No,Yes,Eligible,0,Completed,Low Risk
S2977,D/BCS/25/2987,Student_2977,Male,41,D002,2,4,4.0,3.84,3.9141,89,No,Yes,Eligible,0,Completed,Low Risk
S2978,D/BCS/25/2988,Student_2978,Male,39,D002,4,7,2.4444,2.4154,2.4608,90,No,Yes,Eligible,0,Completed,Medium Risk
S2979,D/BCS/25/2989,Student_2979,Male,42,D002,1,1,3.5667,0.0,3.5667,84,No,Yes,Eligible,0,Completed,Low Risk
S2980,D/BCS/25/2990,Student_2980,Female,41,D002,2,3,3.84,3.9222,3.7525,84,No,Yes,Eligible,0,Completed,Low Risk
S2981,D/BCS/25/2991,Student_2981,Female,42,D002,1,2,3.9667,3.9048,3.9333,84,No,Yes,Eligible,0,Completed,Low Risk
S2982,D/BCS/25/2992,Student_2982,Male,41,D002,2,3,2.2,2.7889,2.4288,73,No,Yes,Not Eligible,2,Not Completed,High Risk
S2983,D/BCS/25/2993,Student_2983,Female,41,D002,2,3,3.4,3.3389,3.5356,78,No,Yes,Not Eligible,0,Completed,Low Risk
S2984,D/BCS/25/2994,Student_2984,Male,41,D002,2,3,2.83,3.0444,2.8915,89,No,Yes,Eligible,0,Completed,Medium Risk
S2985,D/BSE/25/2995,Student_2985,Male,41,D001,2,3,3.77,3.6389,3.739,90,No,Yes,Eligible,0,Completed,Low Risk
S2986,D/COE/25/2996,Student_2986,Female,42,D003,1,2,2.95,3.1286,3.0415,87,No,Yes,Eligible,0,Completed,Low Risk
S2987,D/BSE/25/2997,Student_2987,Male,40,D001,3,5,3.5923,3.6789,3.6394,91,No,Yes,Eligible,0,Completed,Low Risk
S2988,D/BSE/25/2998,Student_2988,Male,40,D001,3,6,3.764,3.6692,3.6395,73,Yes,Yes,Eligible,0,Completed,Low Risk
S2989,D/COE/25/2999,Student_2989,Male,42,D003,1,1,3.8619,0.0,3.8619,79,Yes,No,Not Eligible,0,Completed,Low Risk
S2990,D/DBA/25/3000,Student_2990,Male,41,D004,2,4,2.9357,3.7667,3.22,100,No,Yes,Eligible,0,Completed,Low Risk
S2991,D/COE/25/3001,Student_2991,Male,40,D003,3,6,3.84,3.7556,3.7435,83,No,Yes,Eligible,0,Completed,Low Risk
S2992,D/DBA/25/3002,Student_2992,Male,40,D004,3,6,3.9333,3.9263,3.9381,86,No,Yes,Eligible,0,Completed,Low Risk
S2993,D/DBA/25/3003,Student_2993,Male,42,D004,1,1,3.7313,0.0,3.7313,93,No,Yes,Eligible,0,Completed,Low Risk
S2994,D/COE/25/3004,Student_2994,Male,40,D003,3,6,3.92,3.8741,3.7756,86,No,Yes,Eligible,0,Completed,Low Risk
S2995,D/COE/25/3005,Student_2995,Female,39,D003,4,7,3.2857,3.472,3.4309,72,No,Yes,Not Eligible,0,Completed,Low Risk
S2996,D/BCS/25/3006,Student_2996,Male,42,D002,1,2,3.2778,3.719,3.5154,83,No,Yes,Eligible,0,Completed,Low Risk
S2997,D/BSE/25/3007,Student_2997,Male,39,D001,4,7,3.575,3.428,3.4214,83,No,Yes,Eligible,1,Not Completed,Low Risk
S2998,D/BSE/25/3008,Student_2998,Female,42,D001,1,2,1.9278,3.1714,2.5974,88,No,Yes,Eligible,1,Not Completed,Medium Risk
S2999,D/BCS/25/3009,Student_2999,Male,42,D002,1,1,3.8476,0.0,3.8476,83,No,Yes,Eligible,0,Completed,Low Risk
S3000,D/DBA/25/3010,Student_3000,Male,41,D004,2,3,3.8056,3.9118,3.7275,78,No,Yes,Not Eligible,0,Completed,Low Risk
